,Close,Close,Close,Close,Close,Close,Close,Close,Close,Close,Close,Close,Close,Close,Close,Close,Close,Close,Close,Close
,BTCUSDT,ETHUSDT,BNBUSDT,SOLUSDT,XRPUSDT,ADAUSDT,AVAXUSDT,DOGEUSDT,DOTUSDT,LINKUSDT,TRXUSDT,ETCUSDT,LTCUSDT,BCHUSDT,UNIUSDT,ATOMUSDT,NEARUSDT,XLMUSDT,FILUSDT,ALGOUSDT
Date,,,,,,,,,,,,,,,,,,,,
2021-01-01,29331.69,728.91,37.7762,1.8421,0.23746,0.17509,3.6497,0.00568,8.2776,11.8477,0.02685,5.6938,126.24,341.83,4.7353,5.861,1.3587,0.13207,22.2169,0.3978
2021-01-02,32178.33,774.56,38.2331,1.7999,0.22064,0.17742,3.4956,0.0105264,9.2037,12.2215,0.02721,5.7763,136.96,354.55,4.8564,5.42,1.4124,0.12751,21.7766,0.4075
2021-01-03,33000.05,978.28,41.2575,2.1779,0.2254,0.20615,3.4691,0.0098209,10.1307,13.6814,0.02949,6.5678,161.24,423.61,5.5155,5.829,1.4707,0.13653,21.4253,0.4253
2021-01-04,31988.71,1041.43,41.1333,2.4909,0.23565,0.22528,3.5999,0.0097613,9.5126,13.5935,0.03095,7.0374,155.34,405.49,5.4238,6.044,1.3868,0.16404,21.4059,0.4463
2021-01-05,33949.53,1099.56,41.8219,2.1636,0.22573,0.25873,4.2501,0.00997,9.7084,14.5162,0.02852,7.271,158.43,418.09,6.2518,6.196,1.4953,0.19291,21.6019,0.4794
2021-01-06,36769.36,1208.42,42.2417,1.9414,0.24854,0.33309,4.5788,0.01042,10.0679,17.2322,0.03046,7.5723,168.92,453.44,6.4157,6.682,1.5413,0.33938,21.9407,0.5111
2021-01-07,39432.28,1224.87,43.5728,2.3635,0.32389,0.29928,4.4707,0.0097439,9.6439,15.9628,0.03095,7.2142,169.35,448,6.2545,6.264,1.4972,0.31124,22.0598,0.4611
2021-01-08,40582.81,1216.93,42.356,3.2214,0.32032,0.30389,5.7,0.00974,9.2998,15.2381,0.0304,6.9565,172.19,436.98,5.8807,5.931,1.7376,0.297,21.5989,0.455
2021-01-09,40088.22,1276,43.8479,3.3829,0.32419,0.33062,7.1877,0.0101789,9.7354,17.5501,0.03382,7.763,177.26,574.88,6.22,6.54,1.7586,0.31054,22.0071,0.4847
2021-01-10,38150.02,1254.25,42.4031,3.449,0.31491,0.30153,6.5416,0.00982,9.2911,16.206,0.03275,8.8346,170.07,599.98,5.9802,6.409,1.7421,0.2845,23.4251,0.4578
2021-01-11,35404.47,1087.01,38.1674,3.1016,0.28743,0.2757,6.4713,0.0088326,8.2691,14.6393,0.02897,7.2221,138.87,476.78,5.2448,5.726,1.4833,0.27119,21.6398,0.4171
2021-01-12,34051.24,1050.16,38.2541,3.6354,0.29254,0.28888,7.72,0.0080807,8.3078,13.9655,0.02865,7.0544,133.42,451.88,5.5878,5.711,1.4319,0.27993,21.0413,0.3991
2021-01-13,37371.38,1129.89,40.1114,3.5242,0.30582,0.3123,8.4695,0.0086738,10.9486,15.9356,0.03079,7.595,147.38,496.06,6.3311,6.242,1.606,0.30356,21.7131,0.4501
2021-01-14,39144.5,1231.62,41.8723,3.2921,0.29642,0.31201,9.3177,0.0093907,14.4867,17.9804,0.03014,7.788,152.5,527,6.9593,6.476,1.7274,0.3035,21.5738,0.4559
2021-01-15,36742.22,1168.53,40.8668,3.2475,0.27991,0.30188,9.3794,0.0093525,13.1679,20.7375,0.02972,7.567,143.65,490.7,7.3762,7.896,1.832,0.28374,21.5435,0.4864
2021-01-16,35994.98,1227.83,43.142,3.4247,0.27924,0.35071,12.8421,0.0092374,17.9893,20.1054,0.03008,7.7799,143.52,489.74,8.3908,9.03,2.0871,0.29075,22.8433,0.5183
2021-01-17,35828.61,1232.45,45.8675,3.8268,0.27746,0.38081,13.1746,0.0090987,17.0832,23.2819,0.0302,7.684,142.8,479.37,8.689,8.544,2.5013,0.3038,24.3442,0.5859
2021-01-18,36631.27,1258.45,45.3412,3.7868,0.28528,0.37123,12.7035,0.0091782,16.5898,22.0336,0.03164,7.7078,151.96,508.95,9.1904,9.539,2.4086,0.30544,23.7605,0.5668
2021-01-19,35891.49,1365.36,42.5241,3.6287,0.29396,0.3672,11.7367,0.0090428,16.3933,20.5557,0.03063,7.8177,151.86,507.04,8.5767,8.891,2.1637,0.29748,22.6578,0.5213
2021-01-20,35468.23,1376.99,42.6069,3.7166,0.29539,0.37532,12.3768,0.0090487,17.9808,21.8482,0.03046,7.9,149.69,496.95,8.9646,8.909,2.4825,0.29358,22.339,0.5472
2021-01-21,30850.13,1110.96,38.6343,2.9899,0.26802,0.30785,11.3225,0.0081581,15.9818,18.4119,0.02762,7.1346,129.72,418.68,7.5873,7.177,2.1592,0.2514,21.3251,0.461
2021-01-22,32945.17,1232.62,40.8936,3.3352,0.27217,0.34867,12.7097,0.0085075,17.1207,21.5519,0.02857,7.4292,137.66,439.79,8.6834,7.985,2.3683,0.26941,22.2845,0.5088
2021-01-23,32078,1233.6,40.9109,3.5079,0.27167,0.34583,12.8669,0.0085779,18.7446,24.8046,0.02925,7.4488,137.67,431.36,9.3428,8.329,2.385,0.26977,22.6979,0.5561
2021-01-24,32259.9,1392.51,41.8263,3.6278,0.27339,0.35345,12.4801,0.0087135,17.9745,24.7935,0.02999,7.6294,141.01,439.52,12.0505,8.24,2.5614,0.27138,22.7027,0.5623
2021-01-25,32254.2,1317.88,41.8347,3.7038,0.26757,0.34308,12.1816,0.0083509,17.207,23.3418,0.02949,7.4976,137.07,432.28,11.3177,7.738,2.4466,0.26102,22.4279,0.556
2021-01-26,32467.77,1365.97,41.8396,4.041,0.26834,0.3433,12.2088,0.0082472,17.1013,23.0981,0.02949,7.4342,134.67,427.46,13.9086,7.732,2.381,0.26144,22.1876,0.601
2021-01-27,30366.15,1239.03,40.8826,3.675,0.25039,0.31144,11.158,0.0074124,15.43,20.9586,0.02823,6.8713,122.44,377.17,14.7493,6.953,2.0319,0.23779,21.42,0.541
2021-01-28,33364.86,1329.69,42.5254,3.81,0.26407,0.34409,11.9615,0.0364995,16.8643,23.0145,0.02955,7.6533,133.27,404.75,14.1003,8.041,2.2485,0.29306,21.8988,0.5586
2021-01-29,34252.2,1379.5,42.8618,3.8293,0.2829,0.34752,11.6158,0.0459059,16.7968,22.748,0.03335,7.6132,134.65,407.03,15.6418,7.975,2.1989,0.29322,22.3086,0.6362
2021-01-30,34262.88,1378.05,44.7849,4.228,0.44372,0.364,12.0433,0.02826,16.5349,23.6399,0.03216,7.5859,133.36,417.02,19.5376,8.048,2.1705,0.32791,22.0354,0.6653
2021-01-31,33092.98,1312.55,44.3292,4.2525,0.49507,0.34475,13.4704,0.037,16.1128,22.5613,0.03154,7.4155,129.36,399.3,17.7246,8.145,2.1441,0.30704,22.2488,0.6516
2021-02-01,33526.37,1374.17,51.4781,4.6148,0.37106,0.40876,13.2153,0.0348173,16.4385,22.8757,0.03295,7.5241,132,414.48,20.4502,9.29,2.2665,0.32323,22.621,0.6442
2021-02-02,35466.24,1511.87,51.0071,5.2331,0.37254,0.42498,13.4703,0.0313489,17.1765,23.6582,0.03317,7.7835,141.98,430.31,18.9517,8.893,2.46,0.33932,22.4829,0.6507
2021-02-03,37618.87,1664.49,52.12,5.7311,0.39721,0.44189,14.84,0.0372597,20.8538,25.087,0.03452,7.9413,155.93,446.1,19.7114,9.303,2.5575,0.3467,23.0537,0.7454
2021-02-04,36936.66,1595.67,55.9599,6.4085,0.44545,0.43934,15.2697,0.0529081,19.6677,24.492,0.0331,7.6584,145.07,420.91,20.1299,9.152,2.4917,0.32569,22.8902,0.7057
2021-02-05,38290.24,1719.19,67.7005,6.7005,0.45219,0.53917,17.8973,0.0467193,20.84,26.3034,0.03624,8.5174,155.05,447.72,21.145,12.19,2.8576,0.35155,24.4825,0.8338
2021-02-06,39186.94,1676.35,72.8356,6.1225,0.44307,0.63444,18.1216,0.0576559,20.3734,25.0231,0.03507,8.7691,155.57,457.78,19.2499,12.087,2.6854,0.37739,24.2434,0.8092
2021-02-07,38795.69,1611.62,68.3542,6.6976,0.41849,0.66109,23.705,0.0779247,19.7345,24.7254,0.03597,8.2787,150.76,444.8,18.6592,13.841,3.4,0.3854,24.0475,0.8448
2021-02-08,46374.87,1750.15,79.8374,7.855,0.45099,0.67638,30.056,0.0787,22.9853,25.4115,0.04042,8.6941,167.28,483.99,19.3198,14.169,3.4627,0.3966,27.6608,1.0028
2021-02-09,46420.42,1769.13,107.3469,7.8005,0.47636,0.70562,31.9194,0.0700121,23.0846,27.6034,0.04608,9.578,181.49,514.42,19.5175,15.057,3.3039,0.40022,44.1298,1.029
2021-02-10,44807.58,1740.78,128.9711,9.09,0.50429,0.93966,54.6861,0.0725527,23.5821,26.8121,0.04629,10.3754,181.56,494.85,20.6802,14.965,3.2441,0.41495,39.761,1.0312
2021-02-11,47969.51,1785.62,124.085,9.2004,0.52806,0.92796,46.9673,0.069583,25.0224,27.8475,0.05681,11.7205,183.62,530.4,21.4536,17.652,3.4505,0.45604,40.3198,1.238
2021-02-12,47287.6,1840.26,136.6139,9.2,0.609,0.92426,48.2978,0.0697675,28.6555,30.6265,0.05515,11.9265,196.69,576.43,22.6236,21.076,4.7182,0.52853,42.65,1.7178
2021-02-13,47153.69,1814.96,133.3496,8.7441,0.63309,0.91299,44.0832,0.0662405,27.9364,34.1941,0.05995,16.6377,225.76,668.3,21.7738,20.248,4.8194,0.56456,41.534,1.6716
2021-02-14,48577.79,1800.42,135.8623,8.7158,0.59211,0.84364,39.1711,0.0626783,26.8724,33.1565,0.05519,16.072,213.49,720.44,20.8245,19.084,4.3099,0.51591,47.125,1.4706
2021-02-15,47911.1,1779.25,130.303,8.8516,0.54976,0.86143,38.309,0.0565,27.8021,32.5899,0.05079,14.6826,207.83,715.52,20.0675,22.489,4.0255,0.49474,42.9236,1.3558
2021-02-16,49133.45,1781.99,130.183,8.3002,0.51995,0.87,36.5402,0.053476,30.0832,31.9632,0.05202,14.3907,210.26,705.39,20.4846,25.067,4.0889,0.48534,41.874,1.3127
2021-02-17,52119.71,1849.88,165.3233,8.2357,0.53467,0.89206,37.3003,0.0495187,31.9862,32.2324,0.05256,15.3015,237.49,716.45,21.5175,23.83,4.2325,0.49737,43.205,1.3662
2021-02-18,51552.6,1939.61,195.6,8.9771,0.53204,0.91442,40.9656,0.0587991,31.11,32.4801,0.05492,14.9458,226.59,703.7,21.1733,23.092,4.4418,0.49656,43.4281,1.3965
2021-02-19,55906,1955,333.111,11.4912,0.56465,0.92581,38.7274,0.055033,34.824,34.6846,0.06073,15.3876,236.5,718.98,20.0756,22.898,4.3833,0.51278,43.1378,1.371
2021-02-20,55841.19,1913,253,9.9869,0.51167,1.11568,35.9985,0.0541708,38.942,33.9387,0.05773,15.0833,226.65,678.29,28.7533,21.648,4,0.48613,43.0007,1.3101
2021-02-21,57408.57,1933.53,295.2597,11.0753,0.54468,1.09894,36.1855,0.0560183,39.5863,34.0915,0.05935,15.669,227.13,706.28,28.7763,21.569,4.1,0.49601,44.6468,1.3055
2021-02-22,54087.67,1777.58,267.5147,14.4191,0.56646,1.09703,32.1502,0.0535557,37.6143,31.4542,0.05425,13.9359,208.32,628.98,27.6835,21.152,3.7383,0.46363,39.3921,1.143
2021-02-23,48891,1577.89,231.3646,15.2244,0.47579,0.96197,27.5924,0.0476562,34.5325,25.9249,0.04501,11.3651,177.34,515.84,24.8086,20.08,3.3799,0.38652,35.4658,1.0051
2021-02-24,49676.2,1623.39,254.5056,17.1691,0.4686,1.04902,29.7396,0.0567911,33.6396,28.0851,0.048,11.8729,181.43,526.99,25.2509,19.42,3.5713,0.40538,36.5817,1.06
2021-02-25,47073.73,1481.75,234.9146,13.8442,0.43601,1.07691,26.7,0.0499138,31.2341,24.7144,0.0452,11.039,179.36,499.67,23.4781,17.686,3.8977,0.38022,34.9813,0.9812
2021-02-26,46276.87,1444.59,221.717,13.5962,0.42788,1.24303,25.9695,0.0504768,31.4362,25.1862,0.04517,10.7153,170.25,484.46,23.1082,18.86,4.2309,0.4003,35.1275,0.9725
2021-02-27,46106.43,1458.13,225.3853,13.1916,0.43589,1.31402,25.7616,0.0500725,33.4575,26.1896,0.04652,11.0991,171.76,483.35,23.5338,19.121,4.001,0.43792,37.8763,1.0988
2021-02-28,45135.66,1419.18,210.2138,13.0887,0.41565,1.31203,23.9566,0.0481582,33.8,24.7016,0.04562,10.3656,165.22,460.12,22.2098,17.649,3.8234,0.40587,35.9652,1.0218
2021-03-01,49587.03,1569.86,254.9637,14.9855,0.44537,1.29627,27.5107,0.0505933,35.6273,27.7116,0.04784,11.0783,175.89,501.61,25.7058,18.701,4.1933,0.43069,38.5649,1.0893
2021-03-02,48440.65,1486.78,239.6841,13.9438,0.4357,1.2228,27.1101,0.050364,36.1393,28.4769,0.04687,10.9081,179.08,517.62,25.5253,18.851,4.0363,0.41856,38.2082,1.0825
2021-03-03,50349.37,1567.69,240.5701,14.0742,0.44846,1.21311,27.22,0.0504146,37.0985,29.85,0.04883,11.2516,187.64,520.82,25.3565,21.431,4.1679,0.42052,42.0681,1.1787
2021-03-04,48374.09,1539.23,229.6369,13.0508,0.48096,1.11239,25.7781,0.0499865,35.2166,27.6943,0.05142,11.0004,180.67,505.31,28.2681,18.855,4.5338,0.41182,40.7542,1.0895
2021-03-05,48751.71,1528.31,225.4714,12.5382,0.45457,1.15908,24.2414,0.0495285,33.6194,27.8343,0.05019,10.9437,180.23,497.22,28.2866,18.671,4.1615,0.40483,40.4667,1.0526
2021-03-06,48882.2,1650.35,226.3814,13.0421,0.46285,1.129,24.911,0.0509588,33.3596,28.1479,0.05015,11.1134,182.85,500.38,28.5148,18.91,4.0525,0.40142,40.3937,1.0494
2021-03-07,50971.75,1726.16,240.11,13.8174,0.46558,1.13042,26.6863,0.0519871,35.095,28.5932,0.05173,11.5466,190.75,516.56,34.2651,19.458,4.2756,0.41265,41.3943,1.1069
2021-03-08,52375.17,1833.18,240.5509,13.6028,0.47412,1.11848,25.6179,0.0629738,34.9737,31.8469,0.05307,11.7082,191.85,529.15,33.2344,19.392,4.576,0.41821,41.535,1.157
2021-03-09,54884.5,1870.51,293.2052,14.839,0.4849,1.1972,34.314,0.0579117,38.1882,31.4914,0.0532,12.3956,203.81,545.32,32.8722,21.107,5.4092,0.43186,41.9292,1.1808
2021-03-10,55851.59,1795.12,278.4499,14.2048,0.46155,1.13261,29.5858,0.0558692,37.5494,29.9036,0.05142,11.958,200.29,546.27,30.8877,19.61,5.3063,0.40889,42.4547,1.1078
2021-03-11,57773.16,1825.78,290.0301,16.031,0.45187,1.1243,30.8005,0.0559286,36.9026,30.1166,0.05151,12.2593,201.36,549.85,30.9944,19.333,6.0766,0.40564,42.2225,1.0838
2021-03-12,57221.72,1766.1,263.2201,14.5597,0.43934,1.03207,27.9561,0.0552731,35.9551,28.3553,0.04997,11.9365,220.84,538.44,30.9198,18.552,6.9148,0.38657,44.0483,1.0501
2021-03-13,61188.39,1922.35,276.2822,15.3033,0.45787,1.1,30.8799,0.0627892,37.1418,29.7384,0.05291,13.7733,226.06,593.99,32.4439,19.363,7.3991,0.40661,49.4071,1.1392
2021-03-14,58968.31,1848.1,263.238,14.4605,0.43905,1.05243,28.8423,0.058221,36.4427,28.5469,0.05105,12.7214,213.94,552.02,30.6509,18.444,6.6135,0.38831,53.8001,1.1168
2021-03-15,55605.2,1793.48,254.5144,14.1577,0.43574,1.03103,28.9472,0.0569691,34.2963,27.5091,0.05069,12.156,200.59,523.2,29.7983,19.838,5.9027,0.38429,53.3584,1.1943
2021-03-16,56900.75,1805.12,258.5352,13.6392,0.46024,1.24924,33.036,0.0586507,35.3987,27.9099,0.05237,12.4297,201.6,528.5,30.0247,21.008,6.3833,0.39563,63.6062,1.2007
2021-03-17,58912.97,1823.58,269.7896,14.2018,0.4698,1.377,32.6789,0.057892,36.1036,31.0579,0.05483,12.5671,205.98,541.57,31.2878,20.896,6.2294,0.40268,88.4498,1.2886
2021-03-18,57648.16,1776.08,261.4816,14.204,0.46893,1.22925,33.2132,0.0573485,35.3399,29.3949,0.05329,12.169,199.7,528.17,29.9785,22.106,6.05,0.39439,79.4902,1.257
2021-03-19,58030.01,1809.1,262.935,14.1552,0.46651,1.29474,37.3166,0.0582472,38.1735,29.777,0.05862,12.2569,199.96,532.37,33.262,22.19,6.1663,0.39486,82.9575,1.2493
2021-03-20,58102.28,1806.1,264.3023,14.1894,0.52613,1.20046,34.2022,0.0588186,37.2279,29.6465,0.0609,12.3108,200.17,536.05,32.0399,20.915,6.2722,0.41577,82.0287,1.2097
2021-03-21,57351.56,1782.98,264.6513,14.3372,0.51651,1.18561,32.8117,0.0574781,36.6851,29.2097,0.06337,11.9811,195.31,523.59,32.9395,20.52,6.0388,0.40347,80.651,1.1794
2021-03-22,54083.25,1680.97,254.7976,14.7964,0.5441,1.1015,29.17,0.054888,35.2338,27.2431,0.05927,11.6556,185.67,509.07,32.7958,19.179,5.4066,0.39238,76.3281,1.1014
2021-03-23,54340.89,1668.08,255.4646,14.1552,0.5498,1.11639,28.4704,0.0533532,34.2174,26.7813,0.05852,12.2413,185.83,510.76,30.9878,18.724,5.3055,0.39518,82.512,1.1102
2021-03-24,52303.65,1581.84,248.5236,13.5973,0.48021,1.06902,25.8387,0.0514996,30.2209,24.8684,0.05568,11.292,176.05,474.22,27.2243,17.424,4.8521,0.36153,85.8829,1.0274
2021-03-25,51293.78,1585.74,233.9466,12.9787,0.51058,1.0956,25.825,0.051266,29.8059,25.535,0.05528,11.0876,171.53,472.8,26.5,17.1,4.8068,0.36112,91.0363,1.0424
2021-03-26,55025.59,1698.84,255.2105,14.7664,0.56357,1.2142,28.2527,0.053931,33.1782,27.3927,0.06464,11.7593,183.45,505.81,28.88,18.94,5.481,0.3846,124.514,1.1174
2021-03-27,55817.14,1712.63,269.2234,16.4589,0.54752,1.17678,27.6225,0.054436,32.5884,26.8766,0.0636,11.7927,184.06,500.58,28.1897,18.704,5.3274,0.38185,132.4472,1.1597
2021-03-28,55777.63,1687.01,268.4263,18.0645,0.54552,1.18983,28.7167,0.0536656,32.2331,26.6588,0.06362,11.8644,184.24,497.04,27.8685,19.331,5.6028,0.39755,125.2637,1.2354
2021-03-29,57635.47,1816.74,275.2991,18.9504,0.56538,1.20239,29.5,0.054124,34.3403,28.0357,0.06475,12.6381,193.73,518.36,29.0155,20.273,5.809,0.40446,127.3,1.4019
2021-03-30,58746.57,1840.46,311.2962,19.0685,0.5621,1.21189,29.6009,0.0540003,33.9778,27.8301,0.06598,13.016,195.74,525.75,28.55,19.968,6.346,0.40076,149.6027,1.3245
2021-03-31,58740.55,1919.37,302.3724,19.3861,0.56982,1.19191,28.7218,0.0537699,37.0765,29.4167,0.09296,14.1287,196.7,541.06,28.0316,19.081,5.9933,0.4056,190.8556,1.3667
2021-04-01,58720.44,1968.05,334.7991,19.0443,0.57087,1.18377,28.2456,0.062151,37.461,30.0684,0.08543,14.315,202.86,556.66,28.6638,19.473,5.9728,0.4243,185.6217,1.3215
2021-04-02,58950.01,2133.69,338.2932,19.7501,0.60701,1.18998,29.0353,0.0575849,41.0271,32.4864,0.09232,15.2454,211.46,580.64,30.2084,20.315,5.9834,0.43897,171.9372,1.3589
2021-04-03,57051.94,2008.52,321.9497,22.5,0.57831,1.16238,28.1787,0.0555113,41.3802,29.293,0.10143,13.571,195.23,530.59,29.3874,20.033,5.6862,0.40809,178.1755,1.2622
2021-04-04,58202.01,2075.69,348.8617,23.7755,0.635,1.18206,29.1573,0.0573943,44.3135,30.7471,0.12761,14.5489,202.21,560.78,30.9131,21.525,6.0884,0.42851,182.7438,1.3094
2021-04-05,59129.99,2107.38,368.0263,22.9717,0.91584,1.2118,31.2559,0.0599992,45.8003,32.3791,0.13655,16.0744,221.48,647.21,30.8292,21.431,6.1327,0.53706,176.4686,1.4013
2021-04-06,57991.15,2112.21,403.3648,25.0548,1.09663,1.252,31.4635,0.0644047,43.35,34.725,0.12401,17.7329,237.04,662.5,31.233,21.656,6.7694,0.54206,165.5486,1.3984
2021-04-07,55953.45,1963.47,375.5538,26.5385,0.91542,1.17359,29.5068,0.0587769,39.5013,31.109,0.11045,19.1937,219.05,615.93,28.5722,19.558,6.1245,0.47257,156.2777,1.3024
2021-04-08,58077.52,2080.46,418.7048,26.9384,1.05599,1.21926,30.751,0.0617838,41.334,32.7884,0.12349,19.6292,226.11,643.35,30.2033,20.543,6.8164,0.505,154,1.3508
2021-04-09,58142.54,2066.87,453.9937,27.6172,1.01721,1.20201,31.5178,0.0615878,40.8085,31.5893,0.11584,18.7707,221.12,631.21,29.5199,21.393,6.4216,0.48607,172.1311,1.3936
2021-04-10,59769.13,2133.49,471.2975,26.8021,1.3728,1.21747,31.776,0.0637167,41.5868,31.8944,0.1263,20.4439,256.34,673.1,29.7649,21.025,6.5032,0.56192,174.561,1.3901
2021-04-11,60002.43,2151.36,525.9275,27.8517,1.35118,1.26355,31.5976,0.07433,41.3196,33.8811,0.12214,20.3709,252.31,689.65,29.9063,23.365,6.7628,0.5844,179.0979,1.5212
2021-04-12,59860,2137.69,596.7104,28.5424,1.46843,1.31431,33.8055,0.0707343,40.46,33.108,0.12874,19.5225,244.42,670.39,36.6844,22.012,6.7259,0.59051,167.8606,1.482
2021-04-13,63575,2299.19,551.6442,27.4507,1.79611,1.41246,33.6462,0.094402,42.9301,35.5217,0.14622,21.2069,267.59,745.14,35.4293,23.829,6.5029,0.65701,164.156,1.5156
2021-04-14,62959.53,2432.6,550.0182,26.4067,1.83468,1.45092,38.3391,0.1214329,42.5171,41.3641,0.1404,21.9193,278.86,814.85,36.0626,27.068,6.3349,0.63505,168.3169,1.4631
2021-04-15,63159.98,2514.04,541.8824,27.7816,1.75781,1.4782,37.0174,0.1823599,43.4318,42.5601,0.16421,28.6129,285.63,864.82,37.7447,27.786,6.5225,0.63966,170.8753,1.5686
2021-04-16,61334.8,2422.67,508.2743,25.2996,1.54805,1.40989,35.45,0.3654434,41.3898,41.9861,0.16091,38.2734,308.43,1103.53,36.1359,25.46,5.9344,0.61005,182.6147,1.5044
2021-04-17,60006.66,2317.6,514.6861,24.85,1.53896,1.36802,33.9342,0.2822532,42.0577,39.9137,0.15535,37.7258,300.86,991.76,34.7343,24.342,5.8744,0.59137,180.9288,1.6998
2021-04-18,56150.01,2235.64,481.4367,32.3358,1.40797,1.27693,29.3348,0.3223299,37.363,39.0799,0.14302,37.0728,273.36,972.51,31.6225,21.403,5.1534,0.54459,156.3278,1.4573
2021-04-19,55633.14,2161.12,504.0322,31.4711,1.30945,1.1945,26.1827,0.408903,34.7373,35.7359,0.12993,33.4166,261.38,891.27,31.3572,19.199,4.7332,0.49982,154.8014,1.2923
2021-04-20,56425,2330.03,586.3635,31.7028,1.38501,1.26689,27.4058,0.3173205,35.4133,38.9954,0.13279,33.739,260.68,940.79,31.9547,21.254,4.9324,0.52877,153.9017,1.2907
2021-04-21,53787.63,2357.06,543.6327,32.5534,1.29097,1.20358,25.8131,0.3058251,33.7953,36.2274,0.12273,31.9236,257.69,909.2,33.4146,19.551,4.7757,0.48894,147.7287,1.2104
2021-04-22,51690.96,2397.94,505.2411,38.9,1.15489,1.144,23.9703,0.2606615,32.9571,35.1306,0.11001,33.5104,252.5,853.08,33.9099,18.725,4.7945,0.44951,145.914,1.1618
2021-04-23,51125.14,2367.39,526.5357,37.3893,1.17073,1.15866,23.5317,0.2498155,32.2323,35.2121,0.10915,32.6158,241.31,839.34,32.9502,20.515,4.6549,0.45069,138.5799,1.1667
2021-04-24,50047.84,2213.35,496.992,40.8401,1.04833,1.10287,21.8523,0.27,28.9629,31.2443,0.10249,29.6577,224.75,770.41,30.1473,18.458,4.2421,0.42507,133.5535,1.0884
2021-04-25,49066.77,2320.49,505,47.405,1.0351,1.0913,21.624,0.25159,29.83,31.692,0.10176,29.315,223.88,758.87,34.352,18.687,4.6462,0.4162,134.04,1.0939
2021-04-26,54001.39,2532.6,535.33,43.878,1.3629,1.2375,26.451,0.27161,33.4,35.13,0.11732,32.825,247.42,848.88,38.165,22.058,5.0202,0.486,154.2,1.2364
2021-04-27,55011.97,2666.13,568.78,43.147,1.4017,1.3063,27.949,0.27232,34.845,36.788,0.12594,33.803,259.77,890.58,39.63,23.038,5.157,0.50963,152.46,1.3097
2021-04-28,54846.22,2748.24,562.78,44.833,1.3576,1.3379,28.233,0.32311,33.972,36.233,0.12266,35.061,258.51,910.44,42.901,22.927,4.9091,0.49687,150.93,1.288
2021-04-29,53555,2757.04,599.7,42.484,1.3978,1.3063,27.912,0.30479,35.979,36.467,0.12123,34.529,255.31,880.43,41.05,22.222,5.4892,0.49162,149.76,1.3222
2021-04-30,57694.27,2772.42,622.65,42.786,1.5988,1.3532,32.8,0.33746,36.522,38.1,0.13223,36.317,271.13,995.51,40.624,22.704,5.5601,0.52966,163.92,1.4029
2021-05-01,57800.37,2944.77,620,49.67,1.651,1.3516,31.805,0.39087,36.908,41.257,0.13112,44.706,276.78,1003.77,40.339,23.801,5.5042,0.54,164.24,1.3934
2021-05-02,56578.21,2949.56,621.78,46.897,1.5605,1.3267,31.28,0.37397,36.626,39.461,0.12759,44.92,268.88,972.25,42.62,23.088,5.2757,0.55601,162.46,1.3877
2021-05-03,57169.39,3431.04,676.15,45.912,1.5546,1.3622,35.871,0.44142,37.25,42.052,0.13159,52.037,294.87,1015.02,42.277,22.938,5.4784,0.55044,160.24,1.4346
2021-05-04,53200.01,3239.01,609.3,42.636,1.3877,1.2698,30.287,0.53854,34.777,45.527,0.11917,69.249,305.23,950.89,43.108,20.963,4.8169,0.50152,140.8,1.2742
2021-05-05,57436.11,3524.26,651.1,44.98,1.6133,1.4798,35.258,0.654,40.422,49.575,0.14654,93.962,356.04,1453.49,42.423,24.877,5.25,0.60473,152.53,1.4425
2021-05-06,56393.68,3489.73,633.99,43.496,1.6028,1.6491,38.003,0.58106,41.588,47.154,0.15216,133.864,354.67,1509.27,40.222,25.542,5.2065,0.65085,153.59,1.5444
2021-05-07,57314.75,3479.53,624.3,43.182,1.5793,1.653,37.875,0.68982,39.864,49.129,0.14763,119.763,344.89,1340.72,39.74,28.641,5.32,0.63063,150.33,1.5769
2021-05-08,58862.05,3910.26,646.1,45.612,1.5611,1.6211,38.399,0.63708,39.899,48.597,0.14301,127.317,347.1,1396.86,40.498,29.524,5.2338,0.6138,148.1,1.5182
2021-05-09,58240.84,3923.95,661.74,44.33,1.5345,1.7663,38.969,0.57063,40.3,52.269,0.14295,117.904,387.8,1427.8,39.43,28.712,5.0636,0.62804,146.5,1.5151
2021-05-10,55816.14,3945.88,631.1,42.854,1.3906,1.6423,34.652,0.45074,36.488,46.334,0.12716,105.094,358.89,1321.31,36.372,25.357,4.6959,0.65643,135.71,1.3707
2021-05-11,56670.02,4173.45,671.91,44.538,1.4786,1.7632,36.8,0.49326,38.637,48.826,0.13893,111.173,377.6,1547.51,38.515,26.902,4.9431,0.73465,142.95,1.474
2021-05-12,49631.32,3823.21,594.65,43.709,1.2691,1.5694,32.8,0.3916,35.128,41.622,0.11918,84.996,310.4,1236.46,36.87,23.012,4.7424,0.59554,127.04,1.2734
2021-05-13,49670.97,3717.91,571.1,41.049,1.364,1.9296,35.075,0.48945,39.988,43.287,0.12159,88.383,317.95,1258.52,37.345,23.494,5.4844,0.65366,117.82,1.3526
2021-05-14,49841.45,4075.01,602.61,42.7,1.4,2.0069,36.999,0.55971,47.979,46.567,0.12473,103.313,326.23,1296.38,40.4,25.856,5.7383,0.66885,120.65,1.4775
2021-05-15,46762.99,3646.68,563.41,43.486,1.4904,2.1744,34.439,0.50855,43.643,41.492,0.12059,95.088,300.3,1171.75,36.607,24.495,5.9421,0.68081,110.48,1.3888
2021-05-16,46431.5,3582.1,564.32,46.85,1.4496,2.3002,36.6,0.5137,42.436,40.67,0.11964,93.859,295.89,1166.69,36.598,24.264,5.8717,0.71027,107.81,1.3956
2021-05-17,43538.04,3282.51,512.07,46.708,1.4946,2.0307,33.67,0.4875,38.693,37.177,0.11279,89.677,281.53,1069.74,33.232,21.091,5.7248,0.64323,99.46,1.2842
2021-05-18,42849.78,3375.07,507.88,55.977,1.5889,2.0036,36.875,0.47574,40.595,42.566,0.11627,88.577,293.98,1089.32,35.028,22.84,5.6737,0.6454,100.11,1.365
2021-05-19,36690.09,2438.92,334.8,34.988,1.0568,1.4663,23.052,0.32945,25.044,26.227,0.07881,59.436,185.93,694.51,23.169,13.757,3.6014,0.44315,65.28,0.9309
2021-05-20,40526.64,2768.62,391.17,44.42,1.1795,1.8006,25.086,0.39758,28.958,30.606,0.08928,73.744,210.74,817.65,26.333,16.916,4.19,0.49469,88.66,1.1089
2021-05-21,37252.01,2430.98,326.01,38.925,1.0062,1.5493,21.827,0.35778,24.399,25.546,0.0779,64.167,179.97,687.5,21.945,13.572,3.4615,0.41884,76.84,0.9736
2021-05-22,37449.73,2294.87,299.76,31.222,0.9052,1.4629,18.797,0.34199,22.057,23.296,0.07534,58.498,169.32,629.85,20.338,12.237,3.1639,0.38917,72.21,0.9739
2021-05-23,34655.25,2096.39,260.72,24.536,0.7898,1.3139,15.606,0.30633,17.912,19.844,0.06285,51.553,142.39,552.37,16.709,11.648,2.6575,0.362,64.88,0.8178
2021-05-24,38796.29,2648.43,345.64,31.416,0.993,1.55,19.395,0.36589,23.261,26.412,0.07696,73.711,185.32,754,24.684,14.541,3.2661,0.43964,74.75,0.9811
2021-05-25,38324.72,2705.11,343.18,29.973,0.9746,1.5532,19.446,0.34598,22.16,27.503,0.07714,78.364,183.76,718.79,25.106,13.934,3.3345,0.42922,72.24,0.9754
2021-05-26,39241.91,2884.94,379.16,35.43,1.0316,1.7791,20.797,0.35284,24.528,34.018,0.08312,79.886,198.91,763.96,29.42,15.278,3.537,0.44368,74.5,1.0237
2021-05-27,38529.98,2742.23,369.67,33.747,0.9747,1.6552,19.118,0.33403,23.982,31.732,0.07949,74.596,194.32,750.03,28.549,14.525,3.3049,0.42058,71.43,0.9752
2021-05-28,35663.49,2412.1,328.82,28.989,0.8985,1.5133,16.727,0.31123,21.35,27.878,0.07204,68.199,177.33,688.28,25.875,12.701,2.9212,0.39933,66.75,0.8999
2021-05-29,34605.15,2278.74,305.04,27.388,0.8318,1.4029,16.168,0.3028,19.868,25.365,0.06877,64.293,164.01,651.96,23.169,12.059,2.6967,0.36728,68.24,0.8315
2021-05-30,35641.27,2385.98,325.57,28.588,0.9058,1.5751,16.518,0.30179,20.465,26.818,0.07196,66.124,170.51,661.66,25.716,12.551,3.1149,0.37466,68.34,0.8491
2021-05-31,37253.81,2706.15,353.33,32.75,1.0409,1.7373,18.14,0.32557,23.264,32.098,0.07679,70.019,187.97,702.46,28.239,13.962,3.3548,0.40243,72.52,0.9359
2021-06-01,36693.09,2634.57,362.39,30.938,1.0108,1.7363,17.748,0.37006,22.84,30.719,0.07614,67.765,182.99,691.13,27.426,13.757,3.2351,0.41864,69.18,0.8952
2021-06-02,37568.68,2706.22,401.54,33.994,1.0241,1.7534,18.687,0.42338,25.916,30.67,0.07804,68.403,187.14,697.36,27.626,14.86,3.3134,0.4188,70.09,1.0187
2021-06-03,39246.79,2857.25,428.48,39.602,1.045,1.8453,20.268,0.40078,27.004,32.198,0.08223,69.864,193.5,718.91,28.687,16.665,3.6096,0.4253,89.48,1.1113
2021-06-04,36829,2689.51,390.7,37.338,0.9683,1.7077,18.243,0.37628,24.988,28.826,0.07714,64.72,178.44,670.74,26.422,15.067,3.1698,0.3845,88,1.0284
2021-06-05,35513.2,2627.73,390.08,39.633,0.923,1.6551,17.23,0.3713,23.771,27.129,0.07552,63.122,172.94,649.31,25.641,14.858,3.2835,0.37488,88.16,0.9763
2021-06-06,35796.31,2711.92,393.73,42.205,0.947,1.6771,17.383,0.37143,24.184,27.532,0.07745,64.086,176.41,656.1,25.861,15.125,3.2047,0.38053,86.99,1.0247
2021-06-07,33552.79,2592.05,357.96,38.235,0.8618,1.5659,15.536,0.33146,21.686,24.584,0.0717,58.01,161.95,596.45,24.269,13.46,2.9256,0.3463,81.99,0.9633
2021-06-08,33380.81,2507.23,352.5,41.245,0.8731,1.5819,14.792,0.32586,21.65,24.076,0.07242,56.681,160.63,595.31,23.424,13.56,2.9,0.34928,76.02,0.9406
2021-06-09,37388.05,2610.18,375.54,42.032,0.9218,1.6279,15.4,0.34318,23.214,25.585,0.07536,62.32,172.56,634,25.096,13.932,3.2245,0.36501,77.76,1.0415
2021-06-10,36675.72,2471.09,351.94,41.105,0.8686,1.5328,14.193,0.32606,22.683,23.114,0.07257,57.894,168.16,601.11,23.582,12.829,2.9685,0.33887,73.31,1.0496
2021-06-11,37331.98,2354.01,345.75,36.157,0.8471,1.4371,13.408,0.3187,20.95,21.478,0.06919,56.865,162.83,577.04,21.848,11.95,3.0208,0.31816,70.8,0.9732
2021-06-12,35546.11,2370.74,343.7,36.476,0.8326,1.4789,13.545,0.31216,20.742,21.67,0.06804,55.195,161.8,580,21.296,11.616,2.9171,0.32784,69.68,0.991
2021-06-13,39020.57,2509.33,365.8,38.706,0.8832,1.5566,14.761,0.32394,22.04,23.312,0.07153,58.998,170.85,613.46,23.255,12.53,3.1376,0.34486,73.13,1.0406
2021-06-14,40516.29,2580.77,370.19,39.694,0.8906,1.5769,15.113,0.32767,25.858,24.973,0.07203,59.304,179.89,641.5,24.16,13.301,3.2217,0.343,74.89,1.0552
2021-06-15,40144.04,2543.54,366.48,39.536,0.8663,1.5552,14.714,0.32028,23.942,24.482,0.07174,58.154,175.15,627.17,23.417,12.951,3.2185,0.33352,72.56,1.0323
2021-06-16,38349.01,2367.89,347.22,39.728,0.832,1.4851,14.078,0.30775,23.033,23.044,0.06895,55.351,166.57,593.73,21.828,13.425,3.0811,0.31766,69.72,1.0178
2021-06-17,38092.97,2373.28,352.85,39.265,0.8419,1.4826,14.844,0.30619,22.533,23.396,0.0739,55.552,167.08,598.95,22.184,13.618,3.0892,0.31751,68.93,1.0646
2021-06-18,35819.84,2234.09,337.16,36.82,0.7972,1.4163,13.64,0.29328,21.432,21.233,0.06962,52.568,156.34,563.21,20.388,12.472,2.9316,0.29725,65.69,0.992
2021-06-19,35483.72,2164.67,334.01,35.19,0.7582,1.3839,13.383,0.28567,20.222,20.246,0.06827,50.864,152.49,552.12,19.76,11.85,2.8639,0.28853,64.72,0.934
2021-06-20,35600.16,2243.47,339.08,35.257,0.7741,1.4263,13.917,0.28054,20.617,21.646,0.06768,50.956,154.88,556.16,20.704,11.977,2.8853,0.29739,63.2,0.9339
2021-06-21,31608.93,1885.49,270.76,26.59,0.6067,1.174,11.2,0.17873,15.707,17.365,0.05351,39.461,124.46,455.4,15.774,9.519,2.2436,0.23581,46.18,0.7539
2021-06-22,32509.56,1879.28,262.1,26.958,0.5468,1.1567,10.578,0.19072,14.688,16.85,0.05103,36.545,119.64,444.06,16.421,9.002,2.1317,0.23503,49.45,0.7436
2021-06-23,33678.07,1968.14,296.25,30.837,0.6383,1.2512,11.456,0.23468,15.792,18.395,0.05797,40.763,129.1,472.79,17.802,9.613,2.1481,0.25546,58.7,0.8323
2021-06-24,34663.09,1989.52,308.62,31.141,0.6731,1.3604,11.493,0.26377,16.223,19.06,0.06611,43.151,134.58,486.96,18.051,10.386,2.171,0.2688,57.1,0.8743
2021-06-25,31584.45,1808.82,280.81,28.641,0.6111,1.2521,10.235,0.23745,14.422,16.87,0.06139,39.35,125,449.22,15.822,9.066,1.8947,0.24091,52.03,0.7904
2021-06-26,32283.65,1829.64,279.65,29.698,0.6162,1.2521,10.318,0.24583,14.511,16.952,0.06274,40.555,126.89,459.58,16.122,9.596,1.89,0.2494,53.04,0.8094
2021-06-27,34700.34,1982.28,290.87,31.897,0.6484,1.338,10.941,0.2645,15.01,18.406,0.06479,42.307,132.6,477.79,17.097,10.087,1.9643,0.25979,56.2,0.8358
2021-06-28,34494.89,2084.41,290,33.001,0.6444,1.326,11.322,0.25707,15.794,18.83,0.06532,43.351,137.69,501.83,17.727,10.89,1.9773,0.26349,56.44,0.8426
2021-06-29,35911.73,2165.33,300.79,33.97,0.7063,1.373,11.92,0.26349,16.3,19.535,0.06793,56.829,144.2,524.01,18.652,11.65,2.0957,0.2832,64.59,0.8889
2021-06-30,35045,2275.68,303.71,35.51,0.7063,1.3853,11.949,0.25391,16.402,19.516,0.06828,57.551,144.26,526.8,19.278,12.045,2.0907,0.28389,60.4,0.8833
2021-07-01,33504.69,2106.41,287.43,33.271,0.6591,1.3313,11.181,0.24381,15.174,18.186,0.06471,53.076,137.02,495.79,17.779,11.033,2.0738,0.2689,56.65,0.834
2021-07-02,33786.55,2154.13,287.17,34,0.6556,1.3946,11.112,0.24505,15.289,18.274,0.06657,53.737,136.85,495.76,18.213,11.795,2.1026,0.26287,57.19,0.8456
2021-07-03,34669.13,2226.99,298.13,34.498,0.6732,1.4045,11.509,0.24636,15.52,18.543,0.06683,56.877,140.17,505.24,19.474,11.8,2.2583,0.26394,58.92,0.8764
2021-07-04,35286.51,2322.69,307.62,34.28,0.696,1.4615,12.345,0.24643,15.975,19.242,0.06736,56.363,144.95,526.73,20.757,12.307,2.2931,0.26814,58.72,0.88
2021-07-05,33690.14,2196.53,302.02,32.908,0.6526,1.4039,12.042,0.2311,15.228,18.362,0.06448,53.683,137.71,504.31,20.063,13.531,2.1706,0.25326,56.06,0.8728
2021-07-06,34220.01,2322.5,319.92,34.226,0.6648,1.4157,13.384,0.23417,16.135,20.073,0.06494,54.649,138.87,511.55,22.376,13.136,2.2573,0.26043,57.01,0.9132
2021-07-07,33862.12,2316.57,327.51,36.673,0.6522,1.404,13.105,0.22386,16.861,19.788,0.06433,52.813,137.41,509.35,22.253,12.939,2.3103,0.25641,56.42,0.9062
2021-07-08,32875.71,2116.33,310.14,33.142,0.6215,1.327,12.098,0.2069,15.317,18.353,0.06106,49.471,132.15,490.3,20.353,11.916,2.0996,0.24286,53.85,0.8683
2021-07-09,33815.81,2146.99,317.09,33.315,0.6369,1.3504,12.552,0.21963,15.681,18.656,0.06219,50.084,134.58,504.16,20.986,13.181,2.0887,0.24566,55.26,0.9058
2021-07-10,33502.87,2110.69,316.12,31.693,0.6246,1.3356,12.015,0.21375,15.276,18.204,0.06142,49.135,133.99,496.94,20.244,14.425,2.1117,0.24478,54.25,0.8918
2021-07-11,34258.99,2140.45,322.16,32.182,0.6364,1.3485,12.433,0.21597,15.495,18.383,0.06184,49.704,134.28,498.11,20.7,14.077,2.1749,0.24595,55.12,0.8952
2021-07-12,33086.63,2031.58,316.12,30.77,0.6288,1.3126,12.157,0.20775,14.845,17.518,0.06004,47.689,133.38,479.58,19.528,12.981,2.092,0.23834,52.48,0.8675
2021-07-13,32729.77,1940.15,308.94,29.136,0.6192,1.265,11.91,0.19997,14.19,16.87,0.05937,45.544,131.44,465.1,18.47,12.092,1.9486,0.23222,50.98,0.8753
2021-07-14,32820.02,1994.58,309.4,31.365,0.6197,1.2635,11.793,0.19761,13.801,16.936,0.05989,45.61,131.07,467.36,17.885,11.747,1.9939,0.23994,49.68,0.8587
2021-07-15,31880,1919.51,316.11,28.545,0.5979,1.2258,11.391,0.18534,13.095,15.764,0.05784,43.235,125.86,455.9,17.068,11.474,1.9249,0.24081,47.32,0.8347
2021-07-16,31383.87,1876.26,302.88,26.271,0.5893,1.1708,10.814,0.17202,12.026,15.234,0.05562,41.153,120.65,438.02,16.337,11.149,1.8404,0.23513,45.82,0.7842
2021-07-17,31520.07,1899.59,300.52,26.802,0.5821,1.1721,10.958,0.18734,12.294,15.352,0.05597,41.459,119.95,436.07,16.098,11.022,1.9368,0.2326,45.62,0.7843
2021-07-18,31778.56,1891.64,302.1,26.673,0.5866,1.1813,10.69,0.18157,12.647,15.47,0.05592,41.88,119.17,437.92,16.305,10.972,1.9071,0.22977,46.83,0.7981
2021-07-19,30839.65,1818.73,280.54,24.509,0.557,1.1225,10.183,0.17362,11.46,14.528,0.05345,41.582,113.13,414.94,15.742,9.98,1.7305,0.21148,44.71,0.7505
2021-07-20,29790.35,1786.03,264.44,23.474,0.5284,1.0539,9.639,0.17047,10.958,13.742,0.05045,39.311,107.29,398.48,14.554,9.443,1.6794,0.21192,41.23,0.6961
2021-07-21,32144.51,1995.5,293.26,26.7,0.5719,1.1711,10.425,0.19046,12.343,15.297,0.05388,42.905,117.74,430.7,16.727,10.481,1.8274,0.22825,46.24,0.7701
2021-07-22,32287.83,2024.56,293.36,27.699,0.592,1.1856,10.833,0.19123,13.152,16.071,0.05526,43.395,120.67,442.15,17.579,11.377,1.9353,0.26356,45.58,0.7961
2021-07-23,33634.09,2124.25,299.27,28.516,0.6091,1.2077,11.086,0.19489,13.401,16.502,0.056,45.814,124.24,454.78,18.603,11.442,1.9396,0.26925,47.37,0.8078
2021-07-24,34258.14,2184.75,301.56,28.616,0.6085,1.2327,11.142,0.19688,13.754,16.683,0.05727,49.414,125.99,458.49,18.239,11.426,2.138,0.26706,49.58,0.8262
2021-07-25,35381.02,2189.79,302.56,28.248,0.6069,1.2284,11.247,0.19793,13.734,16.746,0.05791,48.433,127.68,454.99,18.285,11.446,2.1578,0.26172,49.01,0.8905
2021-07-26,37237.6,2228.08,304,28.184,0.6234,1.2551,11.46,0.20362,13.925,18.028,0.05842,48.373,131.06,481.09,18.527,11.386,2.1476,0.26019,49.02,0.8476
2021-07-27,39457.87,2299.49,313.48,28.103,0.6451,1.2799,11.917,0.20585,14.365,19.489,0.06019,49.515,134.74,501.91,18.887,11.702,2.2354,0.2629,49.54,0.8569
2021-07-28,40019.56,2300.9,313.8,27.875,0.7327,1.2875,12.32,0.20574,14.546,19.109,0.0607,49.275,140.42,511.41,19.065,11.589,2.2264,0.27016,49.57,0.8481
2021-07-29,40016.48,2382.92,317.03,31.235,0.7488,1.2856,12.433,0.20502,15.254,19.37,0.06185,49.379,141.44,538.9,19.58,11.799,2.2549,0.27244,49.37,0.8462
2021-07-30,42206.37,2461.81,322.58,32.354,0.7521,1.3108,12.978,0.20873,15.793,22.269,0.06325,50.963,145.51,552.77,20.917,12.14,2.3225,0.27926,51.32,0.8529
2021-07-31,41461.83,2531.05,332.38,36.744,0.746,1.3193,13.525,0.20765,16.784,22.713,0.06396,51.324,144.37,545.98,21.767,12.598,2.4003,0.28422,52.02,0.8395
2021-08-01,39845.44,2555.69,332.59,34.165,0.7242,1.3142,12.853,0.20424,18.418,22.062,0.0632,50.245,140.31,526.26,21.979,12.312,2.3916,0.27504,53.85,0.8117
2021-08-02,39147.82,2606.93,330.55,33.167,0.738,1.3083,12.993,0.20327,17.984,23.472,0.06463,51.325,141.35,543.3,22.382,12.476,2.3513,0.27437,54.43,0.8167
2021-08-03,38207.05,2509.04,323.43,34.105,0.7136,1.3696,12.557,0.19626,17.425,23.942,0.06403,49.451,138.49,538.6,21.326,12.12,2.3404,0.27433,54.29,0.8187
2021-08-04,39723.18,2724.78,334.77,35.76,0.731,1.3765,13.696,0.20153,19.15,24.193,0.06737,51.576,142.57,545.72,23.536,12.808,2.4543,0.28056,56.49,0.8282
2021-08-05,40862.46,2826.99,337.91,37.353,0.7327,1.3859,13.834,0.20095,19.124,24.057,0.07013,52.431,143.53,548.39,25.44,13.032,2.516,0.28022,57.88,0.8507
2021-08-06,42836.87,2891.58,342.39,39.525,0.7474,1.4025,14.77,0.20482,20.416,23.89,0.07196,53.1,147.95,557.42,26.178,13.589,2.525,0.28532,64.2,0.8551
2021-08-07,44572.54,3160.31,356.18,39.469,0.8162,1.4727,15.834,0.26189,20.963,24.694,0.07527,60.587,155.92,583.53,28.3,14.006,2.781,0.30745,69.24,0.8755
2021-08-08,43794.37,3011.85,341.79,37.65,0.7788,1.4255,14.826,0.23996,19.65,23.029,0.07192,57.068,149.69,555.56,26.722,13.139,2.5594,0.28716,64.48,0.8253
2021-08-09,46253.4,3160.52,354.32,38.646,0.817,1.4745,16.169,0.25609,20.566,24.197,0.07395,59.034,166.31,591.37,28.352,13.651,2.6889,0.2986,67.54,0.855
2021-08-10,45584.99,3141.66,371.92,40.64,0.8511,1.678,16.42,0.25732,20.616,24.537,0.07464,58.884,165.38,592.06,28.755,14.105,2.8581,0.31019,66.69,0.8829
2021-08-11,45511,3160.5,390.96,41.621,1.0105,1.7934,16.688,0.26445,21.347,25.906,0.08341,60.721,170.6,620.37,28.95,14.558,2.9722,0.33718,71.76,0.9116
2021-08-12,44399,3045.96,385.66,41.102,0.966,1.8324,16.575,0.26401,20.755,24.944,0.08415,60,165.38,606.21,28.087,14.06,3.3435,0.32876,68.32,0.8841
2021-08-13,47800,3322.32,410.76,44.83,1.0901,2.1386,18.031,0.28667,22.723,27.748,0.08951,64.264,183.31,654.44,30.507,15.212,3.415,0.35999,74.47,0.9544
2021-08-14,47068.51,3263.16,408.67,44.14,1.2791,2.1878,18.093,0.29402,22.835,27.144,0.09264,67.268,182.76,692.08,30.11,15.56,3.2459,0.39474,72.4,0.932
2021-08-15,46973.82,3307.09,414.05,53.531,1.2839,2.1667,18.762,0.33984,23.15,27.901,0.09295,74.989,184.6,703.42,30.239,15.91,3.2257,0.39079,73.06,0.9951
2021-08-16,45901.29,3146.53,415.72,62.016,1.1855,2.0714,19.071,0.31956,24.432,27.944,0.08936,69.036,177.93,673.31,29.072,15.784,3.4614,0.37128,73.26,0.9461
2021-08-17,44695.95,3011.72,401.8,64.123,1.0978,1.9239,23.446,0.29933,23.545,26.146,0.08509,62.891,168.61,639.19,26.416,16.003,3.7312,0.3412,69.45,0.8835
2021-08-18,44705.29,3014.55,396.15,72.663,1.1431,2.1043,29.993,0.3032,23.868,25.341,0.08456,63.952,166.65,632.04,26.313,17.948,4.4377,0.34151,67.47,0.9224
2021-08-19,46760.62,3184.12,431.27,72.764,1.2347,2.4411,30.653,0.31778,26.582,27.096,0.08825,67.054,175.59,659.83,27.962,18.688,4.4799,0.36732,70.48,1.0441
2021-08-20,49322.47,3284.82,454.93,78.643,1.2629,2.4557,39.155,0.32733,28.149,28.678,0.09059,70.2,183.59,693.99,28.886,18.928,4.41,0.38489,73.06,1.1385
2021-08-21,48821.87,3223.43,448.74,73.801,1.2158,2.4341,43.676,0.31662,27.863,27.844,0.08799,67.512,179.63,675.56,28.237,22.14,6.185,0.37167,78.45,1.1488
2021-08-22,49239.22,3238,448.68,72.775,1.226,2.7049,43.663,0.31467,27.685,27.982,0.08795,67.359,185.91,672.29,28.4,21.862,5.4536,0.37232,77.17,1.157
2021-08-23,49488.85,3321.28,499.06,75.623,1.2457,2.9152,46.451,0.31783,27.877,28.552,0.08987,68.257,187.01,678.22,28.8,21.808,5.4911,0.37873,79.75,1.1587
2021-08-24,47674.01,3170.62,471.62,70.527,1.1353,2.7187,55.474,0.28864,25.067,25.728,0.08457,62.832,173.42,636.38,26.609,19.538,5.0472,0.35037,74.34,1.0368
2021-08-25,48973.32,3226.87,503.19,71.973,1.1735,2.739,46.208,0.29255,25.982,26.612,0.08758,63.773,177.75,650.39,27.064,20.056,5.5808,0.35894,76.53,1.0651
2021-08-26,46843.87,3093.2,478.1,74.92,1.0712,2.528,41.32,0.2684,23.92,24.39,0.08303,59.77,167.7,606.1,25.51,17.9,4.87,0.3348,72.29,0.9887
2021-08-27,49069.9,3273.45,494.5,87.98,1.1918,2.946,50.14,0.2944,26.53,26.04,0.08828,64.09,176.2,636,27.41,20.42,5.316,0.3571,75.19,1.065
2021-08-28,48895.35,3244.48,486.2,96.22,1.1459,2.847,50.2,0.286,25.96,25.73,0.08829,64.19,175.6,646.6,26.81,21.31,5.717,0.3476,73.96,1.0388
2021-08-29,48767.83,3223.47,479.7,94.23,1.1408,2.851,47.39,0.2809,25.7,25.76,0.08847,63.23,174.3,659,26.78,21.2,5.546,0.3431,73.63,1.0217
2021-08-30,46982.91,3229.64,460.3,110.25,1.1002,2.734,41.44,0.272,26.03,25.04,0.08616,61.83,167.3,632.4,26.84,22.14,5.324,0.3296,71.2,1.0207
2021-08-31,47100.89,3429.2,463.9,108.27,1.1856,2.767,39.5,0.2781,31.35,26.7,0.08875,63.8,171.5,636.6,29.38,22.89,5.277,0.3393,75.97,1.1134
2021-09-01,48810.52,3826.82,489.4,110.71,1.2362,2.869,42.47,0.2943,33.18,29.72,0.095,68.75,180.9,655.7,31.35,25.44,5.497,0.3534,78.69,1.1614
2021-09-02,49246.64,3785.82,483.7,128.23,1.2533,2.96,47.58,0.2947,31.79,29.95,0.09953,67.61,183.3,664.3,29.93,24.14,5.49,0.359,77.39,1.1421
2021-09-03,49999.14,3938.11,488.5,146.4,1.2907,2.966,45.89,0.2961,33.57,30.75,0.10161,69.98,212.9,713.7,28.65,24.11,6.168,0.3688,77.65,1.2178
2021-09-04,49915.64,3885.52,497.7,138.88,1.2548,2.83,47.15,0.2992,32.4,29.88,0.10146,68.81,211.9,709,28.56,24.4,6.077,0.3699,95.04,1.2079
2021-09-05,51756.88,3950.29,504.8,142,1.3076,2.91,48.15,0.3143,34.42,33.55,0.10519,73.54,232.2,764.5,29.37,25.73,6.14,0.3976,113.65,1.3147
2021-09-06,52663.9,3926.77,496.1,164.22,1.3894,2.833,47.1,0.309,34.35,34.81,0.10381,73.48,219.4,784.5,28.84,25.08,6.1,0.4239,106.22,1.4579
2021-09-07,46863.73,3434.57,418.7,173.46,1.1292,2.514,37.93,0.2552,27.97,28.26,0.08539,59.36,178.5,673.4,24.32,21.08,8.674,0.3358,84.46,1.2774
2021-09-08,46048.31,3499,415,191.02,1.0998,2.47,37,0.2567,27.76,27.16,0.09272,58.71,179.7,662.7,23.15,20.69,10.391,0.3298,88.28,1.9163
2021-09-09,46395.14,3424.93,421.3,187.9,1.0868,2.518,40.77,0.2525,29.82,28.01,0.09303,58.92,180.5,661.5,23.32,26.85,9.72,0.3326,88.68,2.3036
2021-09-10,44850.91,3208.86,401.4,179.6,1.0552,2.383,49.3,0.2397,29.19,26.39,0.09075,56.31,174.1,628.9,22.31,29.41,9.933,0.3169,82.43,2.0126
2021-09-11,45173.69,3267.21,405.1,179.04,1.0787,2.638,57.02,0.241,31.57,26.99,0.09555,57.08,178.6,636.1,22.73,27.33,9.05,0.3252,81.66,1.9943
2021-09-12,46025.24,3404.21,416.3,174.29,1.1181,2.581,59.22,0.2502,35.79,29.42,0.11241,58.07,183,646.5,23.74,34.89,8.942,0.3326,83.63,2.3793
2021-09-13,44940.73,3285.35,399.1,169.53,1.0643,2.402,53.15,0.2358,34.84,26.96,0.10462,55.72,179.4,614.1,22.66,35.82,8.201,0.3186,77.96,2.1652
2021-09-14,47111.52,3434.37,414.3,158.88,1.0963,2.396,51.5,0.2406,37.36,30.8,0.11822,57.14,183.1,640.7,25.68,34.2,8.612,0.3313,80.8,2.0396
2021-09-15,48121.41,3613.55,431.3,158.79,1.1207,2.505,57.84,0.2476,36.47,30.67,0.12069,59.18,189,652.6,27.47,34.12,9.242,0.341,86.23,2.015
2021-09-16,47737.82,3567.98,424.3,152.29,1.0902,2.417,67.56,0.2418,35.5,29.8,0.11594,57.99,185.2,639.2,26.23,37.07,8.73,0.3307,84.72,2.0378
2021-09-17,47299.98,3399.81,406.6,147.58,1.0661,2.35,70.11,0.2401,33.03,27.72,0.10545,56.7,180,621.2,24.32,33.46,8.322,0.3195,85.79,1.9236
2021-09-18,48292.74,3435.64,410.7,169.22,1.0751,2.371,69.02,0.2413,34.87,28.39,0.10586,57.19,181.4,630.8,24.54,40.76,9.071,0.3219,84.3,2.0722
2021-09-19,47241.75,3328.62,408.6,152.76,1.0483,2.283,70.07,0.2331,33.85,27.36,0.10369,55.33,175.6,608.7,23.87,44.27,10.061,0.3134,83.53,1.9729
2021-09-20,43015.62,2977.28,364.1,132.77,0.9216,2.079,57.33,0.2086,28.31,23.57,0.0914,49.11,157.2,542.7,20.9,34.01,7.693,0.282,74.43,1.6736
2021-09-21,40734.38,2765.9,344.4,124.29,0.8743,1.986,58.98,0.2009,26.39,21.42,0.08826,45.81,148.5,505.4,19.06,30.45,6.701,0.2659,69.54,1.5763
2021-09-22,43543.61,3076.92,379,148.02,1.0033,2.257,74.07,0.2245,31.6,24.45,0.09876,51.26,161.4,547.7,21.62,39.71,7.771,0.2926,74.51,1.8457
2021-09-23,44865.26,3152.5,383.5,149.91,1.0016,2.327,76.44,0.2246,33.41,25.41,0.09923,51.31,163.9,552.7,21.5,41.51,9.17,0.303,74.66,2.0031
2021-09-24,42810.57,2928.53,355,139.13,0.944,2.277,72.31,0.2091,30.79,23.26,0.09226,47.64,152.1,513.5,19.65,42.58,7.973,0.2811,63.31,1.7864
2021-09-25,42670.64,2921.73,349.6,136.06,0.94,2.3,68.28,0.2083,29.82,24.51,0.09055,47.34,151,516.8,19.47,39.45,7.618,0.2768,60.4,1.731
2021-09-26,43160.9,3059.37,344,135.64,0.9436,2.207,66.77,0.205,28.84,24.6,0.08769,47.19,150.7,503.2,24.04,39.8,7.293,0.276,55.77,1.775
2021-09-27,42147.35,2925.59,335.5,136.35,0.9218,2.13,66.33,0.1997,27.71,23.01,0.08599,45.37,145,488,22.38,37.21,6.894,0.265,58.98,1.6733
2021-09-28,41026.54,2804.91,333,132.2,0.8928,2.037,61.51,0.1965,26.31,22.1,0.08305,44.99,140.6,474.2,23.07,33.7,6.416,0.2566,55.3,1.5649
2021-09-29,41524.28,2850.45,367.7,135.25,0.9268,2.066,65.46,0.1987,27.28,22.85,0.08581,45.52,144.7,484.9,23.01,33.88,6.641,0.2696,57,1.6067
2021-09-30,43824.1,3000.61,387.5,141.37,0.9533,2.115,66.63,0.2042,28.62,24,0.08943,47.01,153.3,502.6,23.53,36.23,6.927,0.2787,60.04,1.6273
2021-10-01,48141.61,3309.91,421.5,161.56,1.0422,2.256,67.67,0.2226,31.94,26.31,0.09481,51.9,166.2,543.7,25.64,37.85,7.83,0.3003,71.47,1.7736
2021-10-02,47634.9,3387.76,427.1,168.98,1.0359,2.247,69.08,0.2185,32.01,26.89,0.09338,53.17,168.9,552.1,26.15,38.62,7.806,0.3164,69.66,1.7692
2021-10-03,48200.01,3417.73,430.5,172.98,1.0552,2.251,68.69,0.2218,32.11,27.57,0.09494,53.68,170.5,571,26,38.74,8.036,0.3148,69.11,1.9833
2021-10-04,49224.94,3386.31,426.3,167.13,1.0425,2.191,65.29,0.2414,31.15,26.6,0.09351,52.58,167.5,550.7,25.34,36.8,7.626,0.3104,69.76,1.9394
2021-10-05,51471.99,3515.27,442.1,164.62,1.0839,2.233,64.6,0.2516,31.39,27.23,0.09618,54.36,173.8,594.5,25.64,36.75,7.982,0.3188,70.89,1.951
2021-10-06,55315,3574.89,434.9,153.87,1.0765,2.209,60.01,0.2541,32.19,26.8,0.09549,54.83,178.5,617.1,25.25,35.15,7.797,0.3578,71.75,1.8141
2021-10-07,53785.22,3587.47,438.5,154.26,1.0678,2.278,61.52,0.2428,33.98,26.83,0.09547,54.34,178.6,611.3,25.52,36.67,8.284,0.3435,71.46,1.8902
2021-10-08,53951.43,3563.13,419.2,158.86,1.0636,2.237,60.51,0.2441,33.35,26.39,0.09771,53.68,175.9,596.2,24.76,35.04,8.104,0.3363,79.54,1.898
2021-10-09,54949.72,3574.82,421.9,156.84,1.1604,2.268,60.63,0.2467,36.33,27.45,0.10306,55.63,179.9,615.2,25.12,35.16,8.039,0.3531,77.01,1.8927
2021-10-10,54659,3414.22,404.1,147.55,1.1352,2.189,56.51,0.2288,34.43,25.56,0.09747,52.84,174.8,584.7,24.17,32.42,7.391,0.3311,69.81,1.765
2021-10-11,57471.35,3542.12,413.1,144.77,1.1364,2.171,55.3,0.2312,34.13,25.22,0.09707,53.93,179.1,601.3,24.16,32.01,7.42,0.3445,73.47,1.7158
2021-10-12,55996.93,3491.46,444.2,152.32,1.1018,2.118,54.34,0.2261,35.17,24.65,0.09549,52.73,172.6,587.9,23.46,33.48,7.269,0.3328,69.8,1.7474
2021-10-13,57367,3607.42,470.8,148.04,1.1275,2.19,55.01,0.2326,41.69,25.66,0.09793,53.43,177.6,593.7,24.68,34.53,7.243,0.368,68.31,1.837
2021-10-14,57347.94,3790.82,472.7,150.02,1.1336,2.172,56.18,0.2325,40.71,26.72,0.09729,54.5,181.3,599.1,26.43,33.82,8.047,0.3698,70.38,1.8106
2021-10-15,61672.42,3868.99,474.5,163.18,1.1413,2.218,56.36,0.234,43.28,27.01,0.09861,54.3,189.6,625.7,25.9,33.08,7.868,0.3616,67.33,1.7543
2021-10-16,60875.57,3829.96,465.8,157.54,1.1343,2.179,57.61,0.2372,41.75,27.23,0.09871,54.12,186,625.4,27.06,33.13,7.861,0.3967,66.52,1.7983
2021-10-17,61528.33,3846.85,470.9,160.12,1.0944,2.158,56.1,0.2378,42.12,26.54,0.0987,53.11,183.7,612.5,25.91,32.44,7.789,0.3834,63.86,1.7692
2021-10-18,62009.84,3744.96,484.9,157.12,1.0827,2.128,55.48,0.2474,41.17,25.71,0.0981,52.43,185.6,611.5,25.64,31.88,7.844,0.3796,63.46,1.7369
2021-10-19,64280.59,3877.03,488.1,155.78,1.0911,2.11,56.8,0.2454,41.34,25.91,0.10055,52.87,188.8,618.5,26.02,35,8.186,0.3737,62.94,1.7105
2021-10-20,66001.41,4161.15,501.3,176.72,1.1455,2.19,59.66,0.2548,44.42,27.49,0.10324,55.59,207.3,644.7,27.12,35.95,8.732,0.3918,67.06,1.791
2021-10-21,62193.15,4052.99,470.9,190.5,1.0886,2.137,61.48,0.2424,42.84,28.26,0.09958,55.35,196.8,623.4,26.11,34.34,9.476,0.373,63.63,1.7845
2021-10-22,60688.22,3972.2,479.3,196.29,1.0885,2.156,65.54,0.2446,43.51,28.67,0.09982,54.55,191,623.9,25.63,34.06,9.107,0.3721,65.95,1.8609
2021-10-23,61286.75,4167.12,485.5,197.75,1.0934,2.166,65.38,0.2511,43.95,31.36,0.10066,55.88,196.3,629.1,26.84,35.69,9.313,0.378,64.81,1.9076
2021-10-24,60852.22,4082.33,475.8,202.14,1.0821,2.12,64.53,0.2756,42.31,29.7,0.09913,54.94,190.4,617.2,25.79,34.26,9.603,0.3723,62.59,1.8151
2021-10-25,63078.78,4220.37,485.1,209.7,1.0951,2.144,69.73,0.2651,44.55,32.38,0.10074,55.42,195.5,621.3,26.75,35.31,12.321,0.388,63.94,2.0496
2021-10-26,60328.81,4131.52,478.1,199.85,1.1075,2.137,68.66,0.2559,44.93,32.52,0.10112,54.2,197.6,611.9,26.55,42.99,12.31,0.3731,62.83,2.0445
2021-10-27,58413.44,3922,448.7,184.49,0.995,1.912,61.57,0.2379,40.44,28.88,0.09064,48.71,179.3,548.4,24.17,36.75,10.849,0.3303,55.42,1.7948
2021-10-28,60575.89,4286.02,491.9,195.42,1.0579,1.987,64.34,0.2997,41.82,30.19,0.09527,52.18,189.8,578.7,24.89,38,11.358,0.3426,58.14,1.8447
2021-10-29,62253.71,4418.89,530.3,200.41,1.0825,2.015,64.87,0.2882,44.2,30.96,0.0996,53.94,196.7,594.8,25.53,39.55,11.576,0.3623,60.2,1.8756
2021-10-30,61859.19,4322.68,528.3,195.7,1.0846,1.955,62.35,0.269,42.73,29.79,0.10111,52.95,190.2,585.3,24.91,37.3,10.481,0.3584,61.48,1.8199
2021-10-31,61299.8,4287.21,524.6,202.49,1.1128,1.964,64.5,0.28,42.77,30,0.10152,54.37,191.9,596.9,24.98,37.24,10.157,0.3725,64.4,1.8284
2021-11-01,60911.11,4319.43,551.3,203.9,1.0915,1.949,64.93,0.2716,49.98,31.66,0.10048,53.88,197.6,586.9,25.62,37.31,10.144,0.3659,63.88,1.8322
2021-11-02,63219.99,4589.89,554.4,220.82,1.1349,1.971,67.74,0.2739,51.66,32.26,0.10748,55.21,200.9,598.4,26.18,37.1,10.461,0.3825,64.63,1.8647
2021-11-03,62896.48,4603.35,568.4,243.37,1.2101,2.063,75.55,0.2689,53.34,31.96,0.10587,55.48,207.3,611,26.89,38.49,10.96,0.3852,64.01,1.9342
2021-11-04,61395.01,4532.32,558.7,247.07,1.2004,1.983,78.97,0.263,53.82,31,0.10329,53.65,202.6,595.6,25.73,37.51,10.601,0.3687,62.45,1.8587
2021-11-05,60937.12,4474.24,607.3,236.06,1.1581,1.982,74.19,0.2609,51.76,32.86,0.10346,53.12,198.9,597.7,25.57,36.77,10.364,0.3587,63.48,1.8421
2021-11-06,61470.61,4518,637.7,258.44,1.151,2.005,78.72,0.2618,52.02,32.05,0.10252,52.88,197.6,587.4,25.16,36.22,10.19,0.3591,61.89,1.8362
2021-11-07,63273.59,4612.59,649.6,249.68,1.2198,2.021,87.57,0.2664,52.22,32.34,0.1045,54.08,202,600.4,25.33,35.73,10.332,0.3636,62.56,1.8664
2021-11-08,67525.83,4807.98,653.5,248.26,1.2815,2.125,91.18,0.2819,53.36,34.46,0.10993,56.59,229,638.4,26.25,36.62,10.715,0.378,64.26,2.0468
2021-11-09,66947.66,4732.33,635,239.04,1.2571,2.27,88.33,0.2736,50.78,33.82,0.11436,60.85,262,717.5,26.36,35.84,11.374,0.4127,66.7,1.9461
2021-11-10,64882.43,4628.78,614.1,233.09,1.1902,2.097,85.23,0.2553,46.74,34.21,0.10662,56.63,260.4,662.9,25.26,32.05,10.778,0.3831,63.46,1.9321
2021-11-11,64774.26,4719,628.4,233.37,1.2142,2.079,87.88,0.2605,47.44,34.69,0.10893,56.74,262.3,675.8,25.38,32.94,12.042,0.3909,62.76,2.02
2021-11-12,64122.23,4665.46,626.9,228.48,1.1883,2.045,84.78,0.2593,45.9,34.26,0.10796,55.5,251.2,668.1,24.56,32.05,11.407,0.3789,62.9,2.1452
2021-11-13,64380,4644.28,649.5,241.59,1.1892,2.05,97.54,0.2613,47.07,34,0.11255,56.29,257.7,665.6,24.65,32.5,11.152,0.3782,62.92,2.0743
2021-11-14,65519.1,4626.5,650.8,238.64,1.1879,2.04,95.4,0.2628,46.39,33.75,0.117,56.12,279.3,679.5,24.57,31.93,11.867,0.3773,62.55,1.9845
2021-11-15,63606.74,4563.78,633.8,238.2,1.172,2.017,93.9,0.2566,44.77,32.04,0.1238,54.81,263,665.6,24,31.45,11.08,0.3768,60.94,1.8911
2021-11-16,60058.87,4209.76,588.7,219.04,1.0877,1.874,97.84,0.2365,40.84,29.16,0.10934,50.82,230.2,597.8,21.68,28.29,9.675,0.3429,56.15,1.7229
2021-11-17,60344.87,4287.8,578,218.94,1.0953,1.876,107.63,0.2374,42.75,29.18,0.11119,51.24,229.6,595,21.88,29.44,9.415,0.3463,56.14,1.6588
2021-11-18,56891.62,3996.9,531.8,195.01,1.0406,1.786,100.63,0.2208,39.03,26.55,0.10038,48.43,204.2,554.4,20.09,26.62,8.799,0.3278,51.71,1.8499
2021-11-19,58052.24,4294.76,581,215.25,1.0892,1.863,111.93,0.2329,41.24,28.27,0.10387,50.66,217.9,574.3,21.2,28.12,9.422,0.3539,53.73,1.878
2021-11-20,59707.51,4412.17,604.3,217.63,1.0965,1.922,125.83,0.233,42.1,28.36,0.10519,51.06,226.8,584.5,22.02,29.43,9.805,0.3483,54.39,1.8384
2021-11-21,58622.02,4258.31,584,230.51,1.0569,1.835,128.47,0.2255,41.94,28.98,0.10643,50.41,221.1,574.4,21.62,30.88,9.665,0.3434,53.15,1.8281
2021-11-22,56247.18,4085.97,559.3,215.59,1.0354,1.776,134.84,0.2195,39.49,26.77,0.10182,48.59,209.1,556.9,20.95,32.17,9.274,0.3362,51.76,1.7384
2021-11-23,57541.27,4339.44,591.1,221.75,1.0661,1.751,123.83,0.2266,40.78,26.94,0.10283,49.55,216.2,571.1,22.2,32.05,9.972,0.3411,51.73,1.8357
2021-11-24,57138.29,4269.36,590.3,205.7,1.0326,1.666,115.24,0.217,38.28,25.58,0.09785,48.28,212.2,618.8,20.8,29.62,9.283,0.3273,50.62,1.7416
2021-11-25,58960.36,4524.85,639.1,209.97,1.0438,1.675,119.27,0.2209,39.47,26.41,0.10019,50.55,222.9,616.8,21.39,29.77,9.278,0.3416,55.36,1.8214
2021-11-26,53726.53,4041.2,587.3,192.42,0.9394,1.533,104.27,0.2016,34.56,23.96,0.09229,46.67,195.7,557.3,19.27,27.07,8.27,0.3291,52.8,1.6045
2021-11-27,54721.03,4095.29,599.9,192.74,0.9452,1.543,113.52,0.2049,35.16,24.1,0.09335,46.78,195.1,562.7,19.49,26.73,8.309,0.3257,57.73,1.6742
2021-11-28,57274.88,4294.78,611.3,200.69,0.9687,1.594,110.42,0.2073,35.76,24.76,0.09518,47.5,199.5,568.7,20.12,27.39,8.396,0.3236,56.46,1.7125
2021-11-29,57776.25,4444.53,623.4,204.09,0.9898,1.601,120.39,0.215,37.1,24.99,0.09655,48.22,205.5,574.9,20.26,28.1,8.423,0.3284,54.64,1.7725
2021-11-30,56950.56,4630.26,622.5,208.53,0.9983,1.554,120.41,0.2147,37.95,25.31,0.09652,48.32,207.8,570.4,21.25,27.51,8.743,0.3358,53.73,1.8119
2021-12-01,57184.07,4582.95,627.5,229.81,0.9899,1.548,119.65,0.2093,36.76,25.32,0.09688,47.85,208.8,570.8,20.95,26.67,8.506,0.3275,54.37,1.9609
2021-12-02,56480.34,4511.21,619.9,233.6,0.9716,1.719,107.78,0.2095,35.75,24.55,0.0975,47.03,203.5,561.7,22.44,28.37,8.232,0.3396,53.75,1.8869
2021-12-03,53601.05,4215.73,595,211.65,0.9211,1.556,108.32,0.1999,33.7,23.31,0.09388,44.87,188,532.4,19.96,32.79,9.126,0.3258,49.7,1.7468
2021-12-04,49152.47,4117.25,568.6,200.67,0.8449,1.42,93.05,0.1781,29.38,20.64,0.08696,39.33,162.7,473.2,17.19,28.15,7.973,0.2891,41.01,1.6491
2021-12-05,49396.33,4196.44,557.8,196.43,0.8045,1.378,86.35,0.1712,28.31,19.48,0.08432,38.79,156.3,453,16.53,24.57,7.343,0.279,39.1,1.765
2021-12-06,50441.92,4347.59,587.5,193.56,0.8255,1.42,92.97,0.1776,28.13,19.8,0.08729,39.32,161.3,474.8,17.3,24.33,7.263,0.294,38.72,1.7629
2021-12-07,50588.95,4306.4,578.7,190.19,0.8154,1.378,89.57,0.1762,30.5,21.09,0.08999,39.6,161.8,474.3,17.14,24.3,7.595,0.2861,39.13,1.6852
2021-12-08,50471.19,4436.91,607.2,194.61,0.8622,1.396,93.19,0.179,29.84,22.91,0.09237,40.95,165.1,480.4,18.73,25.32,9.339,0.3059,41.37,1.7015
2021-12-09,47545.59,4105.64,570.2,181.11,0.8583,1.289,85.46,0.1691,26.9,20.25,0.08861,37.5,151.3,448.6,16.17,22.45,9.765,0.2733,37.48,1.548
2021-12-10,47140.54,3897.94,552.4,167.39,0.7992,1.211,80.61,0.1641,26.44,18.56,0.08771,36.37,148.3,438.6,15.15,22.54,10.008,0.2606,39.83,1.459
2021-12-11,49389.99,4089.37,564.5,172.15,0.8392,1.354,86.55,0.1689,27.81,19.97,0.0916,38,158,459.3,15.9,24.4,11.649,0.2746,40.42,1.5279
2021-12-12,50053.9,4130,570.3,172.8,0.8393,1.346,88,0.1697,29.54,20.41,0.09101,37.9,159,458,16,24.49,10.572,0.2756,39.67,1.5392
2021-12-13,46702.75,3781.93,521,155.21,0.7818,1.223,79.05,0.1573,25.96,17.78,0.08497,34.19,144.6,421.8,14.16,21.74,9.101,0.2528,35.87,1.3223
2021-12-14,48343.28,3858.99,528.1,161.26,0.8103,1.266,87.17,0.1909,26.15,18.44,0.08707,35.41,150.4,436.8,15,21.8,9.33,0.2673,36.72,1.3803
2021-12-15,48864.98,4019.08,541.1,178.52,0.8262,1.311,101.24,0.1808,27.14,19.69,0.08754,36.14,153.6,447.6,15.19,22.34,9.845,0.2726,38.21,1.4262
2021-12-16,47632.38,3958.11,526.2,176.86,0.8051,1.24,98.21,0.1732,26.02,18.76,0.08533,35.16,148.9,438.3,14.42,21.83,9.233,0.2556,37.21,1.3878
2021-12-17,46131.2,3875.42,525.5,175.51,0.7966,1.218,110.81,0.1685,24.64,18.25,0.07951,34.3,144.1,424.5,14.97,21.21,8.402,0.2539,35.64,1.3468
2021-12-18,46834.48,3959.93,533.9,182.78,0.8262,1.242,115.9,0.1723,25.49,19.54,0.08042,35.03,148.6,435.7,15.56,23.15,8.414,0.2553,36.36,1.3781
2021-12-19,46681.23,3924.14,529.8,179.93,0.835,1.243,107.61,0.1694,24.78,18.86,0.07944,34.87,153.2,432.8,14.97,22.16,9.013,0.2533,35.79,1.3556
2021-12-20,46914.16,3944.73,524,173.9,0.8798,1.237,113.55,0.1671,24.07,18.78,0.07759,34.55,152.6,430.2,14.51,21.52,8.509,0.2574,34.85,1.2964
2021-12-21,48889.88,4014.15,528.3,179.63,0.9467,1.28,123.24,0.1707,25.16,19.42,0.07884,35.32,154.7,437.7,15.05,23.63,9.246,0.2671,35.31,1.3573
2021-12-22,48588.16,3979.51,533.6,178.4,0.9537,1.327,116.69,0.173,27.22,19.93,0.07913,35.7,155.4,438.1,16.23,27.37,10.825,0.2673,35.63,1.3642
2021-12-23,50838.81,4111.41,549,190.03,0.9941,1.475,121.4,0.185,29.16,22.17,0.08274,37.53,163.6,455.6,18.17,28.36,13.723,0.2874,37.36,1.4698
2021-12-24,50820,4046.36,542.1,190.36,0.9115,1.392,114.94,0.1862,28.14,21.48,0.08085,37.41,161.2,451.8,17.49,26.9,14.95,0.2779,36.45,1.5754
2021-12-25,50399.66,4094.83,547.4,193.1,0.9252,1.452,115.01,0.1908,28.84,22.1,0.08153,38.08,157.8,455.1,17.46,29.66,15.221,0.289,37,1.5751
2021-12-26,50775.49,4063.56,546.4,197.81,0.92,1.455,115.02,0.1898,31.32,22.98,0.08149,37.93,155.7,451.6,18.66,32.12,16.261,0.2914,37.28,1.6064
2021-12-27,50701.44,4037.23,563.7,195.67,0.9269,1.516,113.85,0.1879,30.97,23.02,0.08114,37.62,155.9,465.3,19.12,29.71,14.752,0.2984,39.22,1.6625
2021-12-28,47543.74,3792.75,534.2,177.32,0.8515,1.4,107.06,0.1739,27.83,20.37,0.07713,34.93,145.7,439,18.39,26.59,13.335,0.274,36.26,1.4654
2021-12-29,46464.66,3630.19,514.5,170.63,0.8171,1.332,103.1,0.168,26.82,19.74,0.0765,34.14,145.5,430.1,17.13,27.94,14.904,0.2669,34.22,1.5827
2021-12-30,47120.87,3709.27,518.5,172.52,0.8386,1.359,101.75,0.1711,27.54,19.93,0.07782,34.59,148,431.7,17.8,30.16,15.43,0.2681,34.94,1.7302
2021-12-31,46216.93,3676.23,511.4,169.99,0.8297,1.308,109.43,0.1703,26.66,19.51,0.07539,34.06,146.3,430.2,17,32.39,14.625,0.2665,34.24,1.6591
2022-01-01,47722.65,3765.54,527.3,179.06,0.8507,1.38,114.13,0.1732,28.6,20.76,0.0766,34.88,150.8,444.8,17.48,36.36,15.175,0.2765,35.88,1.7414
2022-01-02,47286.18,3828.27,531,176.35,0.8586,1.377,113.03,0.1745,29.69,21.87,0.07762,35.41,151.2,447.7,18.4,35.53,14.384,0.2921,35.74,1.6734
2022-01-03,46446.1,3765.89,511.9,170.15,0.8324,1.319,108.11,0.1703,30.11,23.72,0.07705,34.72,148.5,434.7,18.46,39.25,16.485,0.2902,35.08,1.7949
2022-01-04,45832.01,3785.11,506.9,167.72,0.8228,1.309,103.33,0.1684,28.69,23.42,0.07592,34.14,146.5,427.1,18.21,42.1,16.028,0.2791,36.17,1.6725
2022-01-05,43451.13,3540.63,474.1,154.52,0.7726,1.23,97.42,0.159,26.72,25.24,0.07112,31.94,135.4,399.4,17.11,38.66,15.309,0.2661,33.15,1.5554
2022-01-06,43082.31,3406.81,472.6,150.26,0.7791,1.28,95.11,0.1599,26.72,25.38,0.07106,31.63,135.9,399.8,17.06,40.08,15.935,0.2676,32.98,1.5633
2022-01-07,41566.48,3199.24,448.1,136.45,0.7634,1.21,86.74,0.155,24.9,25.98,0.0682,30.45,131.4,385.7,15.76,38.58,15.057,0.2569,31.54,1.4458
2022-01-08,41679.74,3080.95,429.9,142.14,0.7452,1.181,83.9,0.1509,23.99,25.32,0.06539,29.35,129.4,372.9,14.92,35.87,13.82,0.255,29.46,1.385
2022-01-09,41864.62,3151.97,438.7,140.82,0.753,1.17,89.33,0.1505,24.63,27.54,0.06611,29.73,130.9,376.8,15.8,34.98,13.519,0.2609,30.21,1.4004
2022-01-10,41822.49,3082.68,424.7,135.86,0.7399,1.123,84.36,0.1431,23.72,27.98,0.06342,28.48,126.5,363.6,15.11,37.86,15.474,0.2529,28.12,1.3623
2022-01-11,42729.29,3239.72,463.6,140.2,0.7703,1.187,89.59,0.1538,25.56,26.59,0.06493,29.66,131.6,369.8,15.96,38.7,18.045,0.263,28.88,1.446
2022-01-12,43902.66,3371.26,487.8,151.51,0.7987,1.312,95.94,0.1628,27.32,26.75,0.06806,31.16,141.9,383.8,16.28,40.22,17.573,0.2822,30.77,1.4991
2022-01-13,42560.11,3240.61,475.2,146.14,0.768,1.233,89.65,0.1717,25.79,24.86,0.0662,30.28,136.7,377.5,15.45,37.6,19.623,0.2693,28.51,1.3615
2022-01-14,43059.96,3307.42,490,146.17,0.7732,1.292,90.39,0.1832,27.75,25.72,0.06765,31.97,144.7,385.6,15.86,40.42,20.184,0.2644,29.72,1.3817
2022-01-15,43084.29,3326.04,494.5,147.64,0.7791,1.291,92.98,0.1845,27.6,25.17,0.06842,32.84,147.7,390.6,16.47,39.12,19.283,0.2588,29.66,1.3785
2022-01-16,43071.66,3346.88,498.6,147.98,0.7784,1.41,92.24,0.1766,27.7,25.5,0.06988,32.28,146.4,388.1,17.83,43.65,20.142,0.2589,30.38,1.429
2022-01-17,42201.62,3209.67,475.2,139.8,0.7617,1.603,86.67,0.1708,25.69,23.79,0.07085,30.98,151.2,380.6,16.63,39.13,17.692,0.2559,28.97,1.3413
2022-01-18,42352.12,3159.85,471.4,141.22,0.7509,1.458,86,0.1651,25.15,22.96,0.06846,32.66,141.5,381.4,15.98,38.24,17.705,0.2541,28.47,1.3169
2022-01-19,41660.01,3084.02,461.9,135.25,0.7381,1.337,82.61,0.1615,24.05,21.55,0.06915,31.3,136.2,368.9,15.11,37.02,16.21,0.2454,27.61,1.2655
2022-01-20,40680.91,3001.48,440.2,127.54,0.7199,1.259,79.33,0.1553,23.01,20.17,0.06773,29.35,129.7,357.5,14.46,38.98,15.259,0.2315,26.18,1.1616
2022-01-21,36445.31,2568.15,383.9,112.27,0.6368,1.12,66.06,0.1419,19.67,17.42,0.06103,25.91,114.5,314.9,12.64,34.61,13.224,0.2028,21.97,1.0307
2022-01-22,35071.42,2412.18,358.3,94.54,0.5966,1.071,59.78,0.1332,18.27,15.85,0.0568,24.2,108.4,291.8,11.15,29.24,11.407,0.1924,19.01,0.9514
2022-01-23,36244.55,2539.01,383.9,99.78,0.6283,1.124,64.83,0.1418,18.81,16.64,0.05752,25.13,112.3,302.5,11.42,34.61,11.696,0.2009,19.49,0.989
2022-01-24,36660.35,2439.29,371.3,91.93,0.6118,1.065,63.06,0.1373,18.02,15.58,0.05506,24.11,109.5,292.3,10.68,36.02,10.719,0.1978,18.42,0.9125
2022-01-25,36958.32,2458.83,385.1,94.67,0.618,1.043,68.01,0.1427,18.31,15.49,0.05588,24.03,107.8,291.6,10.58,35.87,12.135,0.1966,18.15,0.9224
2022-01-26,36809.34,2462.99,375.1,92.12,0.6193,1.077,65.87,0.1431,18.08,15.23,0.0562,24.31,106.9,289.1,10.58,32.36,11.302,0.1966,19.27,0.9231
2022-01-27,37160.1,2424.25,389.9,89.51,0.6088,1.042,64.7,0.1414,18.12,15.22,0.05649,24.31,106.9,289.6,10.32,30.06,10.541,0.1941,19.2,0.9361
2022-01-28,37716.56,2544.99,385.9,91.34,0.6111,1.048,67.01,0.1414,18.34,16.15,0.05757,25.16,109.4,296.8,10.67,29.47,10.769,0.1986,19.61,0.9584
2022-01-29,38166.84,2601.43,389.3,96.13,0.6174,1.059,71.89,0.143,18.74,16.23,0.06034,25.33,110.8,298.8,11.16,29.08,11.048,0.2032,20.28,0.969
2022-01-30,37881.76,2601.68,377.2,93.29,0.6013,1.035,67.96,0.1391,18.15,17.77,0.05863,24.91,108.6,290,10.79,27.19,10.357,0.1952,19.82,0.9447
2022-01-31,38466.9,2686.94,374.3,99.49,0.6174,1.051,69.87,0.1415,19.37,17.15,0.05906,25.66,109.5,285,11.77,28.05,11.12,0.1996,21.29,0.9499
2022-02-01,38694.59,2787.23,384.2,110.02,0.6284,1.096,73.33,0.1423,19.57,16.98,0.05979,26.79,115,287.7,11.11,28.84,11.211,0.2019,20.89,0.9663
2022-02-02,36896.36,2680.67,366.9,101.88,0.6006,1.027,67.79,0.137,18.76,15.78,0.05847,26.26,108.3,277.8,10.52,26.31,10.863,0.193,20.17,0.9227
2022-02-03,37311.61,2695.46,372.3,101.77,0.6102,1.061,68.44,0.1379,18.92,16.3,0.05981,27.92,111,281.2,10.41,29.67,10.959,0.1951,20.35,0.9357
2022-02-04,41574.25,2994.99,399.5,112.62,0.6555,1.138,77.77,0.1478,20.48,17.5,0.06441,29.69,121.3,306.2,11.18,31.1,12.984,0.209,21.62,0.9973
2022-02-05,41382.59,3012.65,413.7,113.75,0.6656,1.125,77.01,0.1469,21.33,17.76,0.06467,29.42,121.7,320.5,11.25,30.73,12.815,0.2131,21.98,1.0015
2022-02-06,42380.87,3054.99,419.9,115.28,0.6825,1.143,78.93,0.1539,21.91,18.07,0.06617,29.89,127.6,324.7,11.67,31.26,13.495,0.2238,22.45,1.0247
2022-02-07,43839.99,3139.77,433.5,117.55,0.8314,1.199,83.2,0.1653,22.35,18.88,0.06852,32.67,137.4,343.1,12.37,31.63,13.503,0.2393,24.52,1.07
2022-02-08,44042.99,3116.69,407.8,113.45,0.8763,1.176,86.34,0.1581,21.66,18.38,0.06806,32.07,133.7,335.5,11.94,30.39,12.778,0.242,24.62,1.0235
2022-02-09,44372.72,3243.94,422.9,113.93,0.8697,1.195,90.05,0.1594,21.94,18.67,0.06991,33.79,140.1,345.9,12.32,30.93,12.995,0.2387,24.29,1.0363
2022-02-10,43495.44,3072.49,414.7,106.17,0.8253,1.15,91.16,0.1514,20.51,17.5,0.0685,34.34,134.6,340.7,11.41,29.08,11.787,0.2314,23.14,0.9813
2022-02-11,42373.73,2927.54,400,96.53,0.7591,1.079,81.75,0.1446,18.98,16.21,0.06399,32.69,125.6,320.9,10.64,26.57,10.854,0.2154,21.1,0.9161
2022-02-12,42217.87,2918.88,403.6,95.96,0.8223,1.059,81.31,0.1444,18.82,15.95,0.06352,31.71,126.7,330.5,10.65,27.05,10.793,0.2181,20.87,0.9187
2022-02-13,42053.66,2871.13,397.9,92.85,0.8057,1.042,77.91,0.148,18.73,15.6,0.06427,32.47,125.6,333.6,10.33,26.18,10.38,0.2104,20.57,0.8965
2022-02-14,42535.94,2929.75,403.4,96.37,0.8012,1.049,81.86,0.1457,18.7,15.9,0.06442,31.4,124.6,330.5,10.61,27.14,10.554,0.2107,20.71,0.8992
2022-02-15,44544.86,3183.52,432.4,105.52,0.8515,1.107,92.97,0.1517,20.16,17.34,0.06685,33.47,131.5,343.2,11.47,28.97,11.51,0.221,22.35,0.969
2022-02-16,43873.56,3122.3,427.3,101.86,0.8366,1.082,95.32,0.1487,19.76,17.12,0.0664,32.24,127.7,334.3,11.22,28.5,11.223,0.2187,23.06,0.9779
2022-02-17,40515.7,2891.87,402.4,93.52,0.769,1.02,88.24,0.1383,18.16,15.59,0.06249,29.43,116.3,313,10.4,28.06,10.445,0.2022,20.53,0.8972
2022-02-18,39974.44,2779.48,399.2,89.86,0.784,0.995,83.67,0.1386,17.82,15.19,0.06306,28.95,114.9,310,10.16,26.86,10.275,0.2006,21.02,0.8941
2022-02-19,40079.17,2763.63,399.8,91.27,0.8215,0.996,85.01,0.1409,17.84,15.51,0.06348,28.69,115.5,311.9,10.03,26.68,10.044,0.2041,20.81,0.8994
2022-02-20,38386.89,2621.99,380.6,90.72,0.7769,0.931,77.37,0.1366,16.91,14.6,0.06199,27.23,110.6,302.6,9.35,26.08,9.293,0.1945,19.79,0.8451
2022-02-21,37008.16,2568.02,356.6,82.96,0.7018,0.856,70.04,0.1282,16.18,13.51,0.05954,24.98,102.8,283.2,8.53,23.82,8.545,0.178,18.63,0.7847
2022-02-22,38230.33,2636.29,374.3,86.38,0.7209,0.888,74.42,0.1313,16.6,13.99,0.06265,26.66,107.4,293.2,8.86,24.81,8.965,0.1857,19.17,0.8107
2022-02-23,37250.01,2579.71,365.6,84.59,0.6967,0.866,73.47,0.1273,15.97,13.35,0.06081,26.54,105.4,288.3,8.74,25.18,8.556,0.1818,18.45,0.785
2022-02-24,38327.21,2596.2,361.2,89.36,0.6963,0.853,76.39,0.1241,16.16,13.27,0.0611,26.52,104.1,300.6,8.82,24.85,8.488,0.1824,18.43,0.7772
2022-02-25,39219.17,2768.49,375,92.71,0.7699,0.898,80.98,0.1276,17.25,14.36,0.05943,27.99,109.2,308.5,9.25,27.27,8.935,0.1909,18.93,0.8301
2022-02-26,39116.72,2779.47,373.7,90.23,0.7508,0.887,81.81,0.1276,18.03,14.72,0.05961,28.89,108.2,315.3,9.05,29.88,9.117,0.1928,19.06,0.8592
2022-02-27,37699.07,2616.79,360.1,85.63,0.7215,0.856,75.07,0.1229,17.5,13.64,0.05807,27.36,102.9,304,9.77,26.77,8.508,0.181,20.36,0.7978
2022-02-28,43160,2920.95,395.6,99.68,0.7809,0.962,84.54,0.1335,18.94,15.13,0.06176,30.49,113.7,339,10.53,31.36,9.759,0.1975,21.7,0.8681
2022-03-01,44421.2,2976.33,408.7,98.66,0.7839,0.963,86.89,0.134,18.89,15.35,0.06219,30.34,112.5,328.7,10.35,31.14,11.808,0.1989,20.96,0.8565
2022-03-02,43892.98,2947.3,409.3,100.68,0.7687,0.939,83.36,0.133,18.61,15.28,0.06153,29.52,110.3,320.2,10.04,32.24,11.085,0.1934,20.74,0.8199
2022-03-03,42454,2833.99,402.6,95.62,0.7515,0.903,78.5,0.1297,18.02,14.89,0.05995,30.23,111.7,315.3,9.55,34.04,11.035,0.1879,20.13,0.7966
2022-03-04,39148.66,2622.1,374.2,88.32,0.7127,0.844,75.79,0.1226,16.79,13.73,0.05829,27.59,101,290.4,8.8,30.48,10.428,0.176,18.81,0.7599
2022-03-05,39397.96,2665.15,384.7,89.63,0.754,0.864,76.68,0.125,17.33,14.03,0.06037,27.84,104.9,294.2,9.01,30.87,10.505,0.1803,19.09,0.7735
2022-03-06,38420.81,2551.29,375,84.57,0.7251,0.823,72.51,0.1207,16.99,13.32,0.05889,26.55,101.1,282,8.48,28.15,10.094,0.1728,18.45,0.7465
2022-03-07,37988,2491.12,380.6,81.66,0.7197,0.793,71.69,0.1167,16.41,12.68,0.05859,26.13,98.4,273.9,8.3,28.29,9.658,0.1697,17.82,0.7279
2022-03-08,38730.63,2575.97,381.4,82.32,0.7207,0.802,73,0.117,16.97,13.08,0.06054,26.74,100.7,284.7,8.81,27.87,9.731,0.1732,18.03,0.7399
2022-03-09,41941.71,2726.98,393.2,88.06,0.7658,0.849,77.63,0.1215,17.86,14.01,0.0608,28.05,106.9,307.2,9.21,30.05,11.598,0.1887,18.82,0.7671
2022-03-10,39422,2606.7,372,82.87,0.7361,0.807,73.93,0.1169,16.96,13.17,0.05989,26.69,102.5,289.4,8.68,28.03,11.042,0.1786,17.89,0.7309
2022-03-11,38729.57,2556.86,371.9,80.67,0.8029,0.788,71.22,0.1155,17.69,13.05,0.06022,26.48,104.6,287.7,8.51,27.47,10.252,0.1835,17.37,0.7014
2022-03-12,38807.36,2568.8,372.4,81.38,0.7857,0.789,70.94,0.1147,18.14,13.15,0.05967,26.3,105.6,290.8,8.46,27.22,10.327,0.185,17.71,0.7052
2022-03-13,37777.34,2515.65,361.4,78.73,0.7602,0.786,67.94,0.1114,17.22,12.7,0.05931,25.36,101.7,279.7,8.19,26.24,9.85,0.1763,17.24,0.6807
2022-03-14,39671.37,2589.41,373.4,81.22,0.7748,0.802,68.97,0.1139,17.7,13.41,0.06007,25.93,105.6,289.5,8.49,26.83,10.13,0.18,17.46,0.7063
2022-03-15,39280.33,2617.73,371.7,82.84,0.7657,0.8,69.82,0.1126,17.81,13.69,0.0605,25.85,106.8,289.3,8.72,26.91,10.113,0.1827,16.8,0.7159
2022-03-16,41114,2773.81,385.4,87.77,0.7919,0.838,74.08,0.1171,19.05,14.66,0.06107,27.36,111.4,299.8,9.1,28.96,10.815,0.1893,17.42,0.7365
2022-03-17,40917.9,2811.92,391.8,87.8,0.7935,0.835,79.4,0.1163,18.75,14.4,0.06071,27.15,110.2,296.3,9.22,28.16,10.723,0.1896,17.43,0.7418
2022-03-18,41757.51,2938.92,397.2,89.8,0.7965,0.851,85.71,0.1191,18.95,15.01,0.06162,28.05,111.9,305.5,9.63,28.61,11.355,0.1928,17.61,0.7548
2022-03-19,42201.13,2950.84,399.9,92.31,0.8194,0.903,89.53,0.1236,19.4,15.01,0.06191,34.01,116.8,327.8,9.74,28.65,11.293,0.2003,18.21,0.7649
2022-03-20,41262.11,2861.38,390.8,88.62,0.8057,0.879,84.84,0.1191,18.65,14.54,0.06156,38.17,114.9,327.4,9.32,27.84,10.653,0.1972,17.64,0.7414
2022-03-21,41002.25,2890.03,396,88.59,0.8373,0.917,86.25,0.1192,18.74,15,0.06177,38.39,116,334.9,9.34,27.93,10.862,0.2038,17.83,0.8276
2022-03-22,42364.13,2969.64,404.3,90.43,0.8366,0.975,83.98,0.1224,20.21,15.43,0.06344,45.86,122.7,375.4,9.75,28.02,11.07,0.2069,18.3,0.8267
2022-03-23,42882.76,3036,408.4,94.89,0.8376,1.108,86,0.1298,21.02,15.83,0.06431,45.13,122.4,364,10,28.25,12.493,0.2094,19.33,0.8388
2022-03-24,43991.46,3110.76,414.2,102.32,0.8428,1.131,87.56,0.1368,21.26,16.17,0.06564,48.52,126.5,366.1,10.79,29.27,12.896,0.2149,19.61,0.8911
2022-03-25,44313.16,3102.14,410.3,98.6,0.8239,1.096,83.54,0.1308,20.53,15.59,0.06437,48.15,123.9,364.9,10.57,28.12,12.221,0.2112,18.84,0.8887
2022-03-26,44511.27,3145,415.8,101.73,0.8327,1.152,85.86,0.136,20.91,15.83,0.06632,47.18,124.8,362.1,10.63,28.78,12.714,0.2157,19.43,0.9116
2022-03-27,46827.76,3295.65,430.5,107.04,0.858,1.184,89.88,0.1448,22.46,16.87,0.06899,48,129.7,376.6,11.41,29.96,13.197,0.2297,23.7,0.9493
2022-03-28,47122.21,3332.92,430.2,105.75,0.8641,1.17,89.58,0.1425,21.99,16.5,0.0691,47.07,127.6,368.5,10.9,29.38,12.64,0.2298,25.31,0.9068
2022-03-29,47434.8,3400.51,434.2,111.62,0.8577,1.191,92.74,0.1444,22.42,16.98,0.06936,49.28,130.1,373.3,11.25,30.23,14.101,0.2331,26.36,0.923
2022-03-30,47067.99,3385.79,442.1,120.82,0.8613,1.189,95.58,0.1432,22.45,17.22,0.07334,49.66,131.1,380.1,11.72,30.05,14.034,0.2347,25.9,0.9266
2022-03-31,45510.34,3281.51,428.9,122.77,0.8148,1.141,97.41,0.1381,21.33,16.91,0.07388,47.45,123.8,384.3,11.29,28.89,13.302,0.2283,24.45,0.9293
2022-04-01,46283.49,3455.21,447.7,134.52,0.8277,1.165,96.83,0.1413,22.07,17.34,0.07494,47.18,124.8,377.2,11.58,29.41,14.74,0.2325,25.53,0.9391
2022-04-02,45811,3443.77,437.2,132.49,0.824,1.155,96.25,0.1387,22.61,17.4,0.07322,45.49,124.8,372.5,11.65,31.3,14.825,0.2331,23.94,0.9068
2022-04-03,46407.35,3521.91,450.4,136.9,0.8432,1.186,98.05,0.1466,23.21,18.08,0.07312,46.71,128.7,378.6,11.87,31.97,16.813,0.237,25.43,0.9353
2022-04-04,46580.51,3519.5,447.6,132.14,0.826,1.212,96.16,0.1485,22.89,17.5,0.0707,46.74,124.8,376.2,11.54,30.85,17.115,0.2319,25.25,0.8827
2022-04-05,45497.55,3406.99,444.7,126.87,0.8164,1.171,91.06,0.1727,21.78,16.74,0.06928,44.39,122.7,365.4,11.12,29.29,16.14,0.2248,24.88,0.8345
2022-04-06,43170.47,3168.51,420.1,112.95,0.7595,1.052,82.94,0.1433,19.85,15.41,0.06308,38.43,111.7,331,9.96,26.89,15.272,0.2031,21.75,0.7661
2022-04-07,43444.19,3227.19,436,118.48,0.7871,1.089,87.55,0.1459,20.4,15.75,0.06431,43.45,114.1,336.1,10.44,27.66,17.447,0.2126,22.47,0.7993
2022-04-08,42252.01,3192.39,421.5,109.92,0.7549,1.024,83.66,0.1424,19.43,15.13,0.06259,40.49,110.7,323,9.74,26.88,17.527,0.2021,21.31,0.7595
2022-04-09,42753.97,3258.57,426.6,112.96,0.7622,1.045,84.55,0.1442,19.75,15.43,0.06394,41.96,112.7,325.9,10.05,27.27,17.553,0.2049,21.72,0.788
2022-04-10,42158.85,3203.04,418.1,111.07,0.7543,1.027,81.01,0.1482,19.22,15.24,0.06238,40.32,110.3,319.8,9.88,26.5,15.804,0.2004,21.02,0.7503
2022-04-11,39530.45,2979.74,394.6,99.67,0.6948,0.92,74.35,0.1341,17.2,13.76,0.05823,37,102.4,294.8,8.99,23.85,16.051,0.1867,18.31,0.6936
2022-04-12,40074.94,3027.66,413.6,103.22,0.7152,0.955,76.31,0.138,17.77,13.98,0.05991,38.12,104.8,305,9.32,24.64,16.53,0.1925,19.45,0.7258
2022-04-13,41147.79,3118.28,423.4,104.94,0.7232,0.974,80.2,0.1399,18.2,14.19,0.0615,38.59,110.5,341.2,9.65,24.7,16.837,0.1965,19.4,0.7461
2022-04-14,39942.38,3021.98,414.7,100.77,0.7262,0.933,76.81,0.1441,17.91,13.65,0.06013,37.05,107.3,337.6,9.48,23.96,16.384,0.1939,18.68,0.7267
2022-04-15,40551.9,3040.56,417.3,101.31,0.7858,0.956,77.43,0.1458,18.34,14.11,0.06181,37.35,111,340.8,9.77,24.08,16.032,0.2042,19.05,0.7393
2022-04-16,40378.71,3059.3,417.3,102.06,0.7808,0.951,77.74,0.1435,18.61,14.14,0.06186,38.14,114.3,342.8,9.67,24.18,15.934,0.2053,21.66,0.7432
2022-04-17,39678.12,2988.06,406.6,100.15,0.7519,0.914,75.42,0.1392,17.74,13.73,0.06009,36.6,108.8,328.1,9.24,23.21,15.682,0.1965,19.7,0.7105
2022-04-18,40801.13,3055.56,416.8,102.33,0.7699,0.937,77.73,0.1402,18.15,14.06,0.06148,36.9,111.3,340.3,9.38,24.07,16.169,0.2049,19.63,0.7365
2022-04-19,41493.18,3101.77,422.3,108.51,0.7749,0.952,80.28,0.1425,18.88,14.24,0.0631,37.8,113.8,340.5,9.55,24.67,17.417,0.2039,20.42,0.7589
2022-04-20,41358.19,3076.04,418.4,105.59,0.7517,0.937,78.21,0.1407,19.09,14.02,0.06261,36.54,111.9,330.7,9.32,24.27,16.654,0.2002,19.61,0.7415
2022-04-21,40480.01,2983.58,404.9,101.78,0.7328,0.91,75.02,0.1362,18.18,13.57,0.07112,34.89,106.8,315.6,8.85,23.3,15.64,0.1966,18.85,0.7184
2022-04-22,39709.18,2962.39,406.6,100.55,0.7179,0.906,74.03,0.1363,18.28,13.58,0.06661,35.53,105.4,321.1,8.91,23.1,15.569,0.1953,19.29,0.7191
2022-04-23,39441.6,2933.03,401.1,100.63,0.7057,0.886,72.83,0.1339,18.69,13.31,0.06761,34.54,105.1,312.5,8.9,23.21,15.326,0.1914,18.93,0.7074
2022-04-24,39450.13,2921,398.8,99.23,0.6981,0.886,71.51,0.1317,18.17,13.26,0.06567,33.63,104.6,307.7,8.71,22.29,15.006,0.1896,18.91,0.7011
2022-04-25,40426.08,3006.62,404.3,100.99,0.6931,0.8974,72.88,0.1581,18.1,13.44,0.06531,33.64,104.6,314.5,8.73,22.13,14.275,0.1922,18.63,0.703
2022-04-26,38112.65,2809.67,385.9,95.7,0.642,0.8259,68.7,0.1376,16.68,12.37,0.0619,30.69,98.6,296,8.01,20.3,12.685,0.1805,17.29,0.656
2022-04-27,39235.72,2888.96,391.3,98.36,0.6522,0.8401,69.86,0.14,16.94,12.74,0.06318,31.27,100.5,307.2,8.23,21.43,12.879,0.1842,17.7,0.6712
2022-04-28,39742.07,2936.93,407.1,98.24,0.6428,0.8432,67.26,0.1375,16.99,12.66,0.06372,31.12,103.3,306.5,8.16,20.75,12.402,0.1858,18.09,0.6982
2022-04-29,38596.11,2817.13,393,93.96,0.6116,0.8048,63.4,0.1349,16.19,11.97,0.06368,29.19,100.4,294.6,7.61,19.44,11.289,0.1778,17.31,0.6381
2022-04-30,37630.8,2726.66,377.1,84.63,0.5845,0.7556,56.98,0.1274,14.5,10.95,0.06262,25.89,95.8,277.7,6.75,17.84,10.336,0.1689,14.23,0.5673
2022-05-01,38468.35,2824.81,389.9,89.68,0.607,0.7895,58.77,0.1327,15.36,11.31,0.07079,27.66,99.3,284,7.12,18,11.837,0.1757,15.12,0.6016
2022-05-02,38525.16,2856.54,389.5,87.5,0.6143,0.7809,60.34,0.1308,14.96,11.17,0.06894,27.41,100.7,285,6.94,17.8,11.849,0.1735,14.62,0.6161
2022-05-03,37728.95,2781.7,383.9,85.86,0.6047,0.7711,59.63,0.1295,14.72,11.12,0.07261,26.83,99.4,279.4,6.85,17.57,11.998,0.172,14.62,0.671
2022-05-04,39690,2940.64,402.6,92.77,0.6459,0.8985,67.27,0.1359,16.34,12.2,0.08629,30.64,106.3,300,7.93,19.92,12.979,0.1847,15.72,0.7157
2022-05-05,36552.97,2747.97,378.4,84.52,0.5981,0.7884,59.04,0.1282,14.58,10.91,0.07451,28.31,96.8,277.3,7.34,17.84,11.217,0.1711,13.99,0.634
2022-05-06,36013.77,2692.85,379.1,81.68,0.6022,0.7832,57,0.1278,14.32,10.79,0.08629,27.95,96.7,274.9,7.59,17.67,10.779,0.1715,13.87,0.6973
2022-05-07,35472.39,2635.34,365.5,78.86,0.5808,0.7604,55.04,0.1275,13.75,10.21,0.08351,26.84,94.3,268,7.18,16.43,10.438,0.1675,13.25,0.7487
2022-05-08,34038.4,2519.71,355.9,75.38,0.5662,0.7403,51.62,0.1241,13.25,10,0.08794,26.52,93.9,261.7,7.09,15.7,11.145,0.1616,13.1,0.7292
2022-05-09,30076.31,2228.55,296.1,62.16,0.4873,0.6019,41.2,0.1019,10.62,8.1,0.07272,22.72,76.2,217.9,5.95,12.51,9.399,0.1406,11.02,0.5746
2022-05-10,31017.1,2342.05,319.1,66.9,0.513,0.6286,44.58,0.108,11.36,8.59,0.07691,23.89,80.2,231.5,6.07,13.58,9.563,0.1485,11.36,0.5852
2022-05-11,29103.94,2084.99,271.5,50.9,0.4172,0.5187,31.17,0.0853,9.09,6.95,0.07496,19.98,66.6,194.9,4.91,10.79,6.508,0.1264,8.62,0.4504
2022-05-12,29029.75,1960.22,269,44.64,0.3856,0.4733,30.32,0.0826,8.71,6.56,0.06729,18.89,64.5,194.2,4.67,9.66,6.421,0.1206,8.11,0.4232
2022-05-13,29287.05,2009.69,290.6,48.92,0.4228,0.529,32.21,0.0881,10.46,7.15,0.07426,20.48,67.9,202.4,5.13,10.32,6.53,0.1322,8.75,0.4435
2022-05-14,30086.74,2056.48,296.9,52.43,0.4262,0.5372,33.93,0.0894,11.3,7.26,0.07243,21.08,68.9,208.8,5.17,10.79,6.678,0.1382,8.81,0.4635
2022-05-15,31328.89,2145.29,312.4,58.83,0.4481,0.5981,36.57,0.0932,11.81,7.96,0.0724,22.16,71.6,214.9,5.46,12.38,7.349,0.1453,9.16,0.4906
2022-05-16,29874.01,2023.66,297.2,53.79,0.4231,0.5569,32.56,0.088,10.63,7.42,0.06917,20.88,67.3,197.6,5.06,11.07,6.543,0.1364,8.3,0.4603
2022-05-17,30444.93,2090.72,306.2,57.02,0.438,0.5778,34.39,0.0903,11.04,7.72,0.07225,21.77,73.2,206.9,5.47,11.46,6.679,0.1418,8.58,0.495
2022-05-18,28715.32,1915.11,287.7,49.93,0.4056,0.5059,29.58,0.0833,9.49,6.81,0.071,19.8,66,186.9,4.89,10.11,5.923,0.1277,7.61,0.4334
2022-05-19,30319.23,2019.55,307.1,52.2,0.4205,0.5334,30.39,0.0866,10.03,7.22,0.07357,20.89,72.1,196.5,5.19,10.84,6.102,0.1306,8.21,0.4516
2022-05-20,29201.01,1959.08,302.2,49.43,0.4101,0.5162,28.8,0.084,9.67,6.87,0.07124,20.16,68.6,190.1,5.1,11.2,5.752,0.1263,7.93,0.4335
2022-05-21,29445.06,1975.07,312.4,50.31,0.4145,0.5286,29.89,0.0845,10,7.06,0.07404,20.35,69.8,192.4,5.24,11.05,6.136,0.1308,8.17,0.435
2022-05-22,30293.94,2043.19,319.4,52.48,0.4218,0.5416,31.71,0.0859,10.16,7.33,0.07815,21.08,71.7,197.9,5.48,11.41,6.242,0.1355,8.45,0.4427
2022-05-23,29109.15,1973.32,317.2,49.17,0.4052,0.5134,29.06,0.0833,9.88,7.02,0.07616,21.86,69.1,192,5.62,11.14,5.846,0.1288,8.17,0.4171
2022-05-24,29654.58,1979.41,328.3,49.67,0.4086,0.5219,29.08,0.0837,10.19,7.23,0.08064,24.22,70.2,195.6,5.6,11.1,5.97,0.1331,8.42,0.4191
2022-05-25,29542.15,1942.63,325.7,47.98,0.406,0.5146,27.25,0.083,9.87,6.96,0.0847,23.73,68.2,190.2,5.62,10.74,5.758,0.1322,8.17,0.4057
2022-05-26,29201.35,1792.23,303,43.44,0.392,0.4789,23.43,0.0779,9.14,6.57,0.08223,21.9,63.5,179.4,4.95,9.61,5.231,0.1243,7.63,0.3794
2022-05-27,28629.8,1727.27,301.6,41.17,0.3819,0.4566,22.58,0.0816,9.12,6.29,0.08083,22.51,61.6,174.8,4.69,9.27,4.806,0.1204,7.23,0.3606
2022-05-28,29031.33,1792.22,307.5,44.25,0.3863,0.4646,24.76,0.0818,9.65,6.58,0.08118,22.74,63,178.7,4.98,9.42,4.998,0.1227,7.53,0.3674
2022-05-29,29468.1,1813.64,305.8,44.98,0.3891,0.482,26.16,0.0827,9.98,6.71,0.08055,23.67,63.6,185.2,4.95,9.59,5.182,0.1311,7.62,0.3788
2022-05-30,31734.22,1998.78,321.8,47.22,0.4187,0.5698,27.71,0.088,10.47,7.46,0.08325,24.84,69.1,196.9,5.66,10.5,5.76,0.1435,8.21,0.4201
2022-05-31,31801.04,1941.9,320.9,45.77,0.4217,0.6268,26.42,0.08591,10.35,7.59,0.08441,23.77,68.4,204.6,5.7,10.33,5.957,0.1507,8.09,0.4113
2022-06-01,29805.83,1817.95,300.4,40.11,0.398,0.5516,23.68,0.08105,9.46,6.93,0.08356,22.02,62.7,186,5.14,9.34,5.343,0.137,7.44,0.385
2022-06-02,30452.62,1834.08,308.3,40.85,0.4055,0.5871,24.63,0.08277,9.89,7.19,0.08432,22.42,64.5,189,5.3,9.63,5.603,0.143,7.73,0.3947
2022-06-03,29700.21,1775.12,298.6,38.28,0.3904,0.56,23,0.08029,9.37,6.85,0.0811,21.84,62.6,183.1,5.08,9.19,5.252,0.1461,7.39,0.3811
2022-06-04,29864.04,1804.58,301.3,39,0.3925,0.5665,24.57,0.08187,9.44,7.4,0.08043,21.98,63.7,188.8,5.13,9.24,5.329,0.1436,7.46,0.3883
2022-06-05,29919.21,1806.23,299.1,38.52,0.3953,0.5674,24.18,0.08107,9.35,7.64,0.08151,21.82,63.2,179.9,5.09,9.17,5.331,0.1435,7.36,0.3918
2022-06-06,31373.1,1859.84,295.1,42.39,0.4026,0.6091,25.99,0.0825,9.51,7.97,0.08161,22.52,64.5,185.6,5.37,9.46,5.486,0.145,7.57,0.4128
2022-06-07,31125.33,1813.33,290.3,39.31,0.4076,0.6141,24.6,0.08039,9.23,8.71,0.08186,21.54,63.8,182.1,5.22,9.2,5.198,0.1404,7.33,0.3989
2022-06-08,30204.77,1791.88,288.5,38.83,0.4006,0.6408,24.5,0.07927,9.01,8.7,0.08062,21.28,61.3,176.8,5.09,8.76,5.065,0.1401,7.18,0.4165
2022-06-09,30109.93,1788.81,289.9,39.96,0.4002,0.6323,24.41,0.07937,9.24,9.27,0.08102,21.17,60.3,175.6,5.2,8.79,5.083,0.1398,7.23,0.4042
2022-06-10,29091.88,1662.91,286.4,37.17,0.3815,0.5744,22.08,0.07539,8.65,8.04,0.07893,20,56.7,167.4,4.81,8.11,4.496,0.1331,6.82,0.3689
2022-06-11,28424.7,1532.89,269.9,33.93,0.3599,0.554,19.9,0.06993,8.03,7.04,0.0762,18.22,52.2,156.7,4.39,7.55,4.1,0.1253,6.1,0.3506
2022-06-12,26574.53,1434.84,254.8,30.61,0.3433,0.4904,17.29,0.06353,7.41,6.27,0.07618,16.56,47.9,146,4.06,7.07,3.695,0.1185,5.68,0.3248
2022-06-13,22487.41,1209.82,223,28.6,0.3118,0.4644,16.11,0.0542,7.04,5.93,0.06387,14.45,43.5,127.1,3.66,6.51,3.517,0.1068,5.33,0.3039
2022-06-14,22136.41,1208.9,223,29.59,0.3214,0.4831,16.55,0.05555,7.36,6.74,0.05559,14.57,46.15,125.9,3.86,6.36,3.38,0.1127,5.48,0.3086
2022-06-15,22583.72,1237.52,233.6,34.76,0.3436,0.5348,18.31,0.06285,8.49,7.33,0.06302,15.88,50.65,127.9,4.42,7.33,3.813,0.1212,5.87,0.3402
2022-06-16,20401.31,1068.5,210.2,30.12,0.3132,0.4762,15.79,0.05523,7.13,6.36,0.05923,13.82,44.78,109.4,3.83,6.35,3.226,0.1091,5.31,0.302
2022-06-17,20468.81,1086.94,215.8,30.71,0.321,0.4872,15.99,0.05689,7.28,6.36,0.05989,14.35,47.6,121.5,3.93,6.39,3.374,0.1119,5.34,0.3102
2022-06-18,18970.79,995.13,197,32.02,0.3075,0.4549,14.83,0.0529,7.05,5.92,0.06089,13.67,47.18,115.5,3.64,6.08,3.095,0.1077,5.11,0.2959
2022-06-19,20574,1128.53,215.1,34.19,0.3264,0.4848,16.16,0.06047,7.53,6.6,0.06132,15.37,54.29,120.6,4.19,6.77,3.288,0.1148,5.49,0.3146
2022-06-20,20573.89,1128.24,216.5,35.24,0.3227,0.4915,17.1,0.06002,7.87,6.98,0.06115,16.24,52.77,118.7,4.29,6.82,3.409,0.1131,5.45,0.3186
2022-06-21,20723.52,1125.85,220.1,36.42,0.3294,0.4813,16.9,0.06581,7.77,6.86,0.0649,16.14,53.52,119.6,4.77,6.95,3.518,0.1145,5.96,0.3257
2022-06-22,19987.99,1050.19,214.4,34.12,0.3223,0.4594,16.09,0.0617,7.39,6.63,0.0631,15.2,52.13,112.8,4.98,7.05,3.28,0.1129,5.52,0.3138
2022-06-23,21110.13,1144.72,228.9,38.15,0.3358,0.48,18.29,0.06398,7.78,6.99,0.0638,15.93,55.74,116.4,5.62,8.13,3.554,0.118,5.79,0.3361
2022-06-24,21237.69,1225.02,240.2,41.91,0.3672,0.4981,20.47,0.06694,8.18,7.26,0.06584,16.41,55.84,114.3,5.47,8.26,3.993,0.1278,6.12,0.3497
2022-06-25,21491.19,1242.36,239.7,42.22,0.3676,0.4984,21.36,0.06852,8.13,7.26,0.0648,16.55,58.88,115.5,5.62,8.67,4.172,0.1268,6.08,0.3515
2022-06-26,21038.07,1197.79,233.9,39.39,0.3592,0.4899,19.73,0.07296,7.84,6.7,0.06504,16.69,56.61,112.9,5.6,8.06,3.792,0.1203,5.82,0.3321
2022-06-27,20742.56,1192.51,233.8,38.52,0.3537,0.4856,19.32,0.07216,7.74,6.55,0.06703,16.56,55.86,111.5,5.33,7.78,3.739,0.1191,5.78,0.3311
2022-06-28,20281.29,1144.05,226.9,35.35,0.3375,0.4694,18.12,0.0661,7.31,6.32,0.06591,15.44,52.68,103.3,4.92,7.34,3.417,0.1143,5.51,0.3126
2022-06-29,20123.01,1100.21,219.7,34.05,0.3296,0.4662,17.79,0.06956,7.03,6.23,0.06492,15.23,53.68,104.6,5.11,7.4,3.429,0.1101,5.46,0.3017
2022-06-30,19942.21,1071.01,219.6,33.76,0.3321,0.4599,16.99,0.06644,7.06,6.27,0.06481,15.01,53.84,103.2,5,7.57,3.338,0.1123,5.4,0.3147
2022-07-01,19279.8,1059.73,216.9,32.84,0.3139,0.4487,16.12,0.06644,6.75,6.08,0.06512,14.64,51.19,101.5,4.86,8.09,3.352,0.1101,5.35,0.3066
2022-07-02,19252.81,1067.01,218.3,33.36,0.3156,0.4559,16.33,0.06667,6.83,6.22,0.06475,14.77,50.55,106.6,4.92,8.07,3.312,0.1086,5.34,0.3076
2022-07-03,19315.83,1074.26,219.2,33.39,0.3215,0.4561,16.65,0.06721,6.85,6.22,0.06628,14.81,50.95,105.7,4.91,8.09,3.323,0.1091,5.3,0.3096
2022-07-04,20236.71,1151,231.5,36.71,0.3287,0.4695,17.92,0.06938,7.17,6.43,0.06733,15.4,52.26,108.1,5.35,8.75,3.521,0.1113,5.55,0.3196
2022-07-05,20175.83,1132.5,230.8,35.4,0.3252,0.4571,18.03,0.06716,6.84,6.31,0.06814,14.93,49.7,104.1,5.3,8.92,3.393,0.108,5.49,0.3078
2022-07-06,20564.51,1186.57,238.6,37.04,0.3324,0.4623,19.17,0.06844,6.93,6.34,0.06755,15.22,50.34,105.9,5.35,8.9,3.501,0.1094,5.56,0.3108
2022-07-07,21624.98,1237.49,241.4,38.46,0.3422,0.4776,20.18,0.07055,7.3,6.64,0.06862,15.88,52.15,111.5,5.73,9.36,3.704,0.1137,5.8,0.3224
2022-07-08,21594.75,1214.04,240.7,38.12,0.3402,0.4661,19.72,0.06906,7.04,6.36,0.06902,15.57,51.35,108.6,5.8,8.98,3.587,0.1131,5.74,0.3141
2022-07-09,21591.83,1217.02,243.3,38.06,0.3448,0.478,19.89,0.06947,7.25,6.48,0.0698,15.85,54.09,111.3,6.46,8.98,3.793,0.1127,5.79,0.3214
2022-07-10,20862.47,1168.36,234.7,36.71,0.3255,0.4624,19.16,0.06728,6.86,6.2,0.06763,15.13,52.12,106.8,6.23,8.79,3.526,0.1075,5.49,0.3101
2022-07-11,19963.61,1096.4,225.6,33.42,0.3152,0.4347,17.35,0.06175,6.53,6.04,0.06475,14.2,48.71,99.1,5.57,8.18,3.225,0.1013,5.19,0.297
2022-07-12,19328.75,1038.58,220.6,32.68,0.3116,0.4171,16.75,0.05982,6.28,5.94,0.06461,13.84,47.33,97.2,5.54,7.81,3.188,0.1003,5.08,0.2926
2022-07-13,20234.87,1115,230.5,34.94,0.3237,0.4383,18.83,0.06194,6.47,6.175,0.06624,14.42,49.56,102.5,6.12,8.211,3.337,0.1054,5.29,0.31
2022-07-14,20588.84,1193.42,238.5,37.15,0.3338,0.4416,19.76,0.06246,6.72,6.275,0.06679,14.73,51.32,103,7.02,8.99,3.492,0.1072,5.36,0.3296
2022-07-15,20830.04,1231.25,238.5,37.36,0.3342,0.4421,19.35,0.06294,6.79,6.325,0.06703,15.06,51.78,106.2,6.78,9.058,3.502,0.1073,5.23,0.3275
2022-07-16,21195.6,1355.85,249.8,39.58,0.3505,0.4578,21.25,0.06439,7.2,6.595,0.06895,17.3,55.08,109.5,7.38,9.237,3.643,0.1096,5.39,0.3405
2022-07-17,20798.16,1338.65,247.8,38.62,0.3433,0.4478,20.63,0.06306,6.92,6.347,0.06744,19.25,55.76,110.3,6.94,8.921,3.524,0.1066,5.68,0.3365
2022-07-18,22432.58,1581.04,264.1,43.52,0.3653,0.4904,23.95,0.06756,7.66,7.037,0.06882,25.26,58.6,121.4,7.33,9.577,4.062,0.1142,5.94,0.3595
2022-07-19,23396.62,1542.32,268.6,44.87,0.3729,0.5152,24.72,0.06901,7.79,7.254,0.06909,25.25,57.9,128.3,7.35,10.519,4.533,0.1185,6.04,0.372
2022-07-20,23223.3,1521.58,258.2,42.04,0.3635,0.491,23.59,0.07014,7.47,6.867,0.06753,23.35,57.2,121.7,6.86,9.68,4.184,0.112,5.59,0.3446
2022-07-21,23152.19,1575.45,265.6,43.11,0.3669,0.4993,24.99,0.06998,7.53,6.994,0.06802,26.3,58.02,123.1,7.23,11.051,4.375,0.1136,5.63,0.3492
2022-07-22,22684.83,1535.27,262.4,40.54,0.3578,0.4828,23.63,0.06743,7.29,6.782,0.067,24.88,56.09,123.3,6.89,10.642,4.321,0.1119,5.48,0.3375
2022-07-23,22451.07,1548.67,259.2,39.97,0.3592,0.517,23.6,0.06804,7.33,6.844,0.06698,25.54,56.32,122.4,6.97,10.118,4.308,0.1116,5.57,0.3348
2022-07-24,22579.68,1597.7,261.4,40.93,0.3586,0.512,23.79,0.06755,7.4,7.094,0.06683,25.53,58.39,131.9,7.24,9.976,4.352,0.1132,5.64,0.3402
2022-07-25,21310.9,1440.79,244.6,36.65,0.3362,0.4752,20.92,0.06193,6.76,6.431,0.06369,23.27,54,118,7.04,8.98,3.787,0.1058,5.24,0.3119
2022-07-26,21254.67,1449.12,249.4,36.25,0.3372,0.4677,20.71,0.06252,6.78,6.341,0.06536,25.17,53.88,118.9,6.66,9.222,3.755,0.1056,5.32,0.3113
2022-07-27,22952.45,1635.74,271.6,40.23,0.3594,0.5111,23.39,0.06721,7.68,6.86,0.06866,32.92,59.01,127.4,8.03,10.31,4.149,0.1126,5.66,0.3288
2022-07-28,23842.93,1724.52,277.2,42.91,0.3739,0.513,24.2,0.06909,7.86,7.217,0.06968,40.81,63.41,155.8,9.28,10.865,4.368,0.1167,5.93,0.3365
2022-07-29,23773.75,1721.68,293.6,41.91,0.3679,0.5218,24.49,0.06877,8.19,7.883,0.06924,40.5,60.65,151.9,9.08,11.169,4.369,0.1177,5.97,0.3369
2022-07-30,23643.51,1697,287.8,43.84,0.3879,0.5263,24.23,0.06965,8.21,7.82,0.06911,39.45,60.42,145.5,8.78,10.705,4.359,0.1196,8.03,0.3377
2022-07-31,23293.32,1678.12,283.4,42.35,0.3792,0.5161,23.72,0.06807,8.62,7.651,0.06886,36.35,59.74,139.3,8.32,10.351,4.231,0.1176,9.77,0.3361
2022-08-01,23268.01,1630.28,283.2,41.65,0.3791,0.5124,23.57,0.06845,8.17,7.57,0.06986,34.95,59.44,137.9,8.36,10.396,4.272,0.1182,8.79,0.3425
2022-08-02,22987.79,1630.91,283.8,39.79,0.3714,0.4963,22.85,0.06652,7.93,7.177,0.06831,36.52,58.05,133.7,8.25,9.914,4.311,0.1151,8.19,0.3266
2022-08-03,22818.37,1618.16,297.5,38.54,0.3695,0.5005,23.04,0.06621,8,7.284,0.06783,35.95,57.77,133.9,8.91,10.159,4.512,0.1142,8.08,0.3266
2022-08-04,22622.98,1607.96,311.8,38.83,0.371,0.4997,23.36,0.06725,8.1,7.364,0.06891,34.78,59.65,134.3,8.82,10.356,4.421,0.1139,8.09,0.3363
2022-08-05,23312.42,1736.81,315.9,40.55,0.3764,0.5174,24.95,0.06981,8.8,7.878,0.06989,38.3,62.47,142,8.96,10.967,5.196,0.1185,8.34,0.3586
2022-08-06,22954.21,1690.6,315.2,40.07,0.3715,0.5112,26.63,0.06863,8.52,7.792,0.06947,37.82,60.83,141.3,8.77,10.631,4.902,0.1217,9.45,0.3491
2022-08-07,23174.39,1700.19,322.8,40.6,0.3722,0.5276,27.9,0.06897,8.65,8.343,0.06962,37.72,61.1,141,8.79,11.36,4.98,0.1239,8.8,0.3559
2022-08-08,23810,1777.05,324.9,42.18,0.3787,0.5371,27.91,0.07011,9.27,8.608,0.0701,38.06,62.61,143.6,8.79,11.813,5.489,0.1301,8.72,0.3629
2022-08-09,23149.95,1702.76,324.4,40.33,0.3672,0.5129,27.42,0.06904,8.89,8.742,0.0684,36.41,59.16,134.7,8.44,11.386,5.365,0.1221,8.04,0.3453
2022-08-10,23954.05,1853.57,328.8,42.47,0.3814,0.5374,29.18,0.07126,9.52,9.055,0.07038,38.82,61.59,142.2,9.22,11.973,5.904,0.126,8.3,0.3642
2022-08-11,23934.39,1880.19,323.6,42.77,0.3802,0.5303,28.53,0.07084,9.2,8.958,0.07034,42.08,61.84,142.9,8.96,11.754,5.761,0.1253,8.34,0.3611
2022-08-12,24403.68,1958.28,327.9,45.48,0.3796,0.5402,29.34,0.0723,9.48,9.324,0.07045,43.38,62.88,143.2,9.21,12.05,5.975,0.1264,8.76,0.3652
2022-08-13,24441.38,1983.55,324.3,46.6,0.378,0.5593,29.16,0.07293,9.31,9.144,0.06997,43.55,63.8,144.2,8.99,11.902,5.884,0.1268,8.37,0.3683
2022-08-14,24305.24,1935.31,317.6,44.87,0.3757,0.5695,28.18,0.08168,8.96,8.765,0.07036,41.54,63.14,139.5,8.87,11.583,5.616,0.1257,8.23,0.3639
2022-08-15,24094.82,1899.06,319.5,43.72,0.3751,0.5499,27.88,0.07662,8.78,8.646,0.06886,41.91,60.67,137.2,8.47,11.4,5.399,0.1235,8.42,0.3576
2022-08-16,23854.74,1876.67,316.1,43.08,0.377,0.557,27.1,0.08677,8.84,8.452,0.06974,39.89,61.33,136.4,8.33,11.399,5.264,0.1219,8.42,0.3527
2022-08-17,23342.66,1834.25,306.9,40.54,0.3795,0.5384,25.55,0.08021,8.37,8.061,0.06832,40.3,60.52,133.8,7.96,11.745,4.989,0.1213,8.19,0.3405
2022-08-18,23191.2,1846.39,298.1,39.52,0.3704,0.5119,24.21,0.07474,8.08,7.649,0.06741,39.56,60.02,129.1,7.58,11.442,4.853,0.1159,7.48,0.3336
2022-08-19,20834.39,1609.01,279.1,35.81,0.3344,0.45,22.44,0.06776,7.31,6.899,0.06407,32.92,53.99,114.4,6.9,10.753,4.25,0.1081,6.46,0.3029
2022-08-20,21140.07,1576.04,283.7,35.28,0.3368,0.4508,22.3,0.06933,7.22,6.9,0.06579,32.78,54.1,114.6,7,10.233,4.151,0.109,6.24,0.3002
2022-08-21,21515.61,1618.13,301.9,36.47,0.3449,0.4626,22.97,0.06932,7.44,7.082,0.0659,33.67,55.67,119.7,7.21,10.642,4.227,0.111,6.41,0.3063
2022-08-22,21399.83,1624.66,300,35.41,0.344,0.4615,22.55,0.0684,7.41,7.044,0.06562,34.06,57.22,122.7,6.98,11.09,4.119,0.1095,6.33,0.303
2022-08-23,21529.12,1665.41,299.3,35.68,0.3472,0.4658,23.5,0.06884,7.64,7.241,0.06631,34.32,57.08,133.3,7.11,12.122,4.304,0.1107,6.38,0.3075
2022-08-24,21368.08,1656.56,296.4,34.89,0.3456,0.4578,23.01,0.06791,7.56,7.124,0.06482,35.29,56.46,130.4,7.05,13.019,4.269,0.1094,6.28,0.3022
2022-08-25,21559.04,1695.11,301.2,35.27,0.3491,0.4645,22.99,0.06898,7.58,7.124,0.06549,37.09,56.63,130.6,7.03,12.859,4.314,0.1104,6.36,0.3071
2022-08-26,20241.05,1508.18,279.6,31.72,0.3393,0.4316,20.66,0.06351,6.93,6.504,0.06158,33.9,52.68,116,6.16,11.549,3.938,0.1039,5.66,0.2828
2022-08-27,20037.6,1491.06,277.9,31.53,0.3346,0.4499,20.03,0.06351,7.04,6.529,0.0629,33.03,53.01,115.2,6.06,11.171,3.916,0.1056,5.83,0.2888
2022-08-28,19555.61,1426.76,276.5,30.44,0.3224,0.4293,18.53,0.06178,6.86,6.255,0.06141,30.94,53.41,112.6,5.74,10.567,3.764,0.1027,5.63,0.2824
2022-08-29,20285.73,1551.8,285.9,32.42,0.3337,0.4504,19.32,0.06384,7.27,6.7,0.06337,33.53,55.8,119.5,6.34,11.435,4.033,0.1059,6.01,0.298
2022-08-30,19811.66,1524.59,281.6,31.47,0.3267,0.4531,19.39,0.06154,7,6.556,0.06472,32.33,53.01,114.6,6.17,11.927,4.2,0.1024,5.72,0.2916
2022-08-31,20050.02,1554.1,279.2,31.5,0.3277,0.4462,19.14,0.06135,7.03,6.627,0.06339,32.43,53.84,115.2,6.15,11.816,4.374,0.1043,5.75,0.2885
2022-09-01,20131.46,1586.16,278.3,31.61,0.3331,0.4575,19.33,0.06239,7.18,6.925,0.06328,32.93,57.58,116.7,6.31,12.733,4.346,0.105,5.78,0.2936
2022-09-02,19951.86,1575.35,277.5,31.23,0.3314,0.4543,18.86,0.06165,7.3,6.926,0.06261,32.44,60.99,116.3,6.4,12.611,4.178,0.1046,5.83,0.3023
2022-09-03,19831.9,1557.46,277.8,31.12,0.3297,0.4803,18.89,0.06271,7.28,6.859,0.0631,32.23,60.15,117.8,6.31,12.623,4.171,0.1053,6.51,0.3032
2022-09-04,20000.3,1579.28,279.1,32.16,0.3317,0.5035,19.01,0.06323,7.37,7.156,0.06351,32.45,60.9,118.3,6.48,13.045,4.24,0.1064,6.27,0.3126
2022-09-05,19796.84,1617.8,276.9,32.18,0.3329,0.4984,19.44,0.06275,7.36,7.375,0.06295,39.65,60.39,125.7,6.58,12.633,4.233,0.1051,6.14,0.3045
2022-09-06,18790.61,1559.01,262.5,30.88,0.3212,0.4625,18.21,0.05889,6.87,6.659,0.06069,34.4,54.11,112.2,5.82,11.779,4.071,0.0997,5.6,0.2852
2022-09-07,19292.84,1630,278.9,32.69,0.3369,0.4787,19.01,0.06097,7.2,7.085,0.06181,37.27,57.31,118.7,6.12,12.929,4.378,0.103,5.85,0.2989
2022-09-08,19319.77,1635.37,280.5,33.61,0.3396,0.479,19.13,0.06096,7.39,7.406,0.06126,37.11,57.96,126.5,6.18,13.883,4.69,0.1044,5.87,0.3077
2022-09-09,21360.11,1718.23,293.4,34.67,0.3568,0.5022,20.38,0.06385,7.75,7.742,0.06343,39.14,61.13,132.7,6.51,16.128,4.811,0.1144,6.38,0.3244
2022-09-10,21648.34,1774.12,296.7,35.03,0.3573,0.5121,20.44,0.06466,7.77,7.904,0.06474,39.25,63.28,132.6,6.68,15.992,4.815,0.1147,6.36,0.3219
2022-09-11,21826.87,1766.11,295.3,34.99,0.3552,0.5098,20.68,0.06369,7.7,8.028,0.06419,38.53,62.16,130.3,6.49,15.693,4.896,0.1144,6.41,0.3266
2022-09-12,22395.74,1716.37,294.1,37.44,0.3598,0.5012,21.38,0.06393,7.66,7.762,0.06386,38.44,61.38,129,6.65,15.528,5.092,0.1139,6.55,0.3236
2022-09-13,20173.57,1574.4,277.4,33,0.3326,0.4635,18.87,0.05964,7.06,7.025,0.06068,35.29,59.1,117.6,6.03,13.9,4.419,0.1045,5.86,0.2965
2022-09-14,20226.71,1638.39,279.3,34.12,0.3415,0.4809,19.12,0.06115,7.21,7.456,0.06162,39.21,60.18,119.9,6.18,13.969,4.508,0.1052,5.96,0.303
2022-09-15,19701.88,1472.75,271.1,33.07,0.3261,0.4662,18.21,0.0586,6.93,7.566,0.06131,35.68,56.34,117.6,5.89,14.897,4.184,0.1022,5.72,0.2949
2022-09-16,19803.3,1433.9,274.9,32.25,0.3552,0.4746,18.05,0.06046,6.9,7.656,0.06132,34.1,55.95,119.5,5.83,16.605,4.206,0.1071,5.82,0.2979
2022-09-17,20113.62,1468.83,279.1,33.68,0.3762,0.4859,18.48,0.0622,7.06,8.092,0.06228,34.43,57.83,122.1,6.02,16.405,4.379,0.1133,5.91,0.311
2022-09-18,19416.18,1334.51,266.2,31.1,0.3576,0.4477,16.7,0.05743,6.44,7.523,0.06077,29.54,52.63,111.8,5.47,14.693,3.916,0.1069,5.26,0.293
2022-09-19,19537.02,1375.98,271.9,32.62,0.3848,0.4527,17.28,0.05853,6.39,7.301,0.06028,30.38,52.91,112,5.48,15.62,4.055,0.1116,5.48,0.3171
2022-09-20,18875,1322.93,266.3,31.41,0.414,0.4422,16.65,0.05839,6.28,6.883,0.05978,29.12,52.3,112.8,5.3,13.919,3.82,0.1172,5.32,0.3297
2022-09-21,18461.36,1245.78,264,30.65,0.3936,0.4389,16.55,0.05715,6.12,6.68,0.05905,27.73,51.09,108.9,5.34,13.39,3.641,0.1105,5.24,0.3352
2022-09-22,19401.63,1326.46,275.3,32.43,0.4862,0.4584,17.68,0.05958,6.45,7.123,0.06022,28.62,53.57,116.5,5.74,14.633,3.865,0.123,5.52,0.3699
2022-09-23,19289.91,1327.25,276.7,33.66,0.5069,0.4618,17.97,0.06337,6.44,7.449,0.06042,28.88,55.22,120.1,5.91,14.223,3.792,0.1232,5.69,0.3991
2022-09-24,18920.5,1317.13,274.4,33.38,0.4878,0.4511,17.6,0.0631,6.27,7.629,0.05985,28.67,53.43,117.3,5.8,13.635,3.699,0.1179,5.57,0.3853
2022-09-25,18807.38,1294.63,274.3,32.34,0.4917,0.4464,17.32,0.06117,6.2,7.865,0.0597,28.37,52.53,113.5,5.66,13.976,3.649,0.1173,5.71,0.3882
2022-09-26,19227.82,1336.17,276.1,33.88,0.4683,0.4473,17.57,0.06113,6.56,7.945,0.05959,28.48,53.44,116.3,5.92,13.913,3.686,0.1138,5.7,0.3686
2022-09-27,19079.13,1328.02,272.3,32.69,0.4457,0.4411,17.3,0.06048,6.37,8.056,0.05938,28.1,52.65,114.3,6.38,13.491,3.618,0.1102,5.73,0.3521
2022-09-28,19412.82,1337.2,281.6,33.22,0.4489,0.4361,17.26,0.06051,6.38,7.795,0.05954,27.63,53.29,114.1,6.56,12.997,3.578,0.1083,5.85,0.3494
2022-09-29,19591.51,1335.7,284.1,33.93,0.4877,0.4381,17.35,0.06086,6.43,7.899,0.06099,27.8,53.96,116.9,6.38,12.771,3.587,0.1154,5.79,0.3549
2022-09-30,19422.61,1328.72,284.8,33.25,0.4799,0.4347,17.2,0.06167,6.32,7.585,0.06101,27.74,53.48,120.1,6.46,13.024,3.559,0.1146,5.69,0.3535
2022-10-01,19310.95,1311.79,282.9,32.44,0.4754,0.43,16.95,0.06059,6.27,7.394,0.06049,27.54,52.92,117.1,6.4,12.682,3.556,0.1215,5.52,0.3548
2022-10-02,19056.8,1276.72,284.7,32.06,0.4485,0.4194,16.53,0.05927,6.15,7.11,0.06093,26.94,51.82,114.3,6.26,11.992,3.48,0.1185,5.37,0.3543
2022-10-03,19629.08,1323.09,286.9,32.89,0.4621,0.4276,17.14,0.06034,6.37,7.33,0.06137,27.43,54.17,116.3,6.63,12.855,3.541,0.1168,5.52,0.3544
2022-10-04,20337.82,1361.49,296.2,34.09,0.4795,0.4355,17.44,0.06584,6.5,7.723,0.06236,27.9,55.28,121.1,6.65,13.019,3.623,0.1191,5.6,0.3577
2022-10-05,20158.26,1352.2,294.2,34.04,0.4887,0.4309,17.39,0.06478,6.44,7.875,0.06245,27.63,54.63,122.1,6.81,13.005,3.696,0.1189,5.58,0.3538
2022-10-06,19960.67,1352.06,287,33.36,0.4934,0.4288,17.04,0.06345,6.34,7.632,0.06277,27.84,53.53,118.4,6.87,13.016,3.623,0.1195,5.48,0.3491
2022-10-07,19530.09,1331.1,282.3,32.98,0.5177,0.424,16.9,0.06235,6.33,7.606,0.06251,27.5,52.83,116.7,6.79,13.056,3.552,0.1222,5.48,0.3416
2022-10-08,19417.96,1315.48,276.4,32.58,0.517,0.4219,16.79,0.06165,6.31,7.455,0.06205,26.97,52.79,116.9,6.51,13.148,3.494,0.1261,5.39,0.3348
2022-10-09,19439.02,1323.13,278.2,32.92,0.5325,0.423,16.9,0.06212,6.48,7.63,0.06236,26.97,53.9,117.2,6.63,13.194,3.518,0.1287,5.43,0.3389
2022-10-10,19131.87,1290.03,271.5,31.96,0.4939,0.4012,16.21,0.05938,6.25,7.335,0.06274,24.23,52.63,111.6,6.39,12.436,3.218,0.1236,5.16,0.3194
2022-10-11,19060,1280.11,271.4,30.8,0.4861,0.3908,15.95,0.06025,6.17,7.135,0.06166,23.75,52.03,111.1,6,12.173,3.173,0.1161,5.14,0.3178
2022-10-12,19155.53,1294.44,270.9,31.16,0.4881,0.3814,15.96,0.05981,6.18,7.145,0.06173,23.8,52.23,111.7,6.06,11.742,3.155,0.1164,5.14,0.3135
2022-10-13,19375.13,1287.08,271.6,30.49,0.4791,0.3768,15.66,0.05965,6.11,7.027,0.061,22.98,51.1,108.8,6.14,11.339,3.04,0.1121,5.14,0.3196
2022-10-14,19176.93,1296.27,269.4,30,0.4883,0.3667,15.67,0.05866,6.05,6.887,0.06393,23.14,51.31,107.5,6.28,11.643,3.007,0.1125,5.07,0.3174
2022-10-15,19069.39,1274.92,268.2,29.59,0.4818,0.3641,15.43,0.05857,6.05,6.886,0.06174,22.78,50.39,107.9,6.04,11.515,2.924,0.112,5.2,0.3189
2022-10-16,19262.98,1305.95,272.5,30.17,0.4766,0.3703,15.75,0.05891,6.18,7.173,0.06187,23.11,51.43,110.3,6.1,11.699,3.002,0.1135,5.15,0.3225
2022-10-17,19549.86,1331.4,275.6,31.21,0.4804,0.3723,16.18,0.05998,6.26,7.328,0.06265,23.83,51.82,110.6,6.39,12.43,3.061,0.1142,5.25,0.3302
2022-10-18,19327.44,1310.71,273.1,30.15,0.4658,0.3624,15.88,0.05976,6.16,7.127,0.06218,23.4,51.86,108.7,6.53,12.522,2.966,0.1124,5.13,0.3194
2022-10-19,19123.97,1285.09,272,28.86,0.4504,0.3497,15.06,0.05868,6.1,6.772,0.06174,22.35,50.94,105.8,6.57,11.753,2.826,0.1108,4.98,0.3076
2022-10-20,19041.92,1282.57,269,28.01,0.4465,0.3402,15.14,0.05942,5.89,6.657,0.06215,21.67,51.22,106.5,6.09,11.378,2.87,0.11,4.94,0.3066
2022-10-21,19164.37,1299.75,270.1,28.1,0.4614,0.3492,15.69,0.05933,5.84,6.809,0.06167,22.03,51.63,107.1,6.03,11.736,2.887,0.111,4.95,0.3131
2022-10-22,19204.35,1313.61,270.4,28.01,0.4653,0.3513,15.69,0.05968,5.85,6.868,0.06158,23.23,52.18,108.6,6.09,11.715,2.919,0.1113,4.96,0.3137
2022-10-23,19570.4,1364.2,276,29.28,0.4688,0.3621,16.31,0.06038,5.97,7.066,0.06188,23.44,54.03,110.8,6.29,12.114,2.983,0.112,5.11,0.3158
2022-10-24,19329.72,1343.61,274.1,28.3,0.4529,0.3573,15.75,0.05945,5.92,6.906,0.06131,22.66,52.54,107.9,6.15,11.65,2.919,0.1103,4.94,0.3147
2022-10-25,20080.07,1459.74,284.2,30.86,0.4605,0.4,16.64,0.06305,6.43,7.063,0.06235,24.67,55.92,112.7,6.58,11.999,3.001,0.1117,5.17,0.3312
2022-10-26,20771.59,1566.1,290.2,31.29,0.4689,0.403,17,0.07265,6.47,7.157,0.06341,25.49,56.39,114.4,6.69,12.278,3.055,0.1134,5.25,0.3391
2022-10-27,20295.11,1514.05,286.7,30.58,0.4615,0.3884,16.88,0.07689,6.34,6.892,0.06296,24.75,54.75,112.3,6.8,12.655,2.964,0.1109,5.23,0.3258
2022-10-28,20591.84,1554.41,297.9,32.07,0.4744,0.4044,18.33,0.08387,6.52,7.109,0.06356,25.48,54.92,115.6,6.85,13.53,3.023,0.1126,5.36,0.333
2022-10-29,20809.67,1619.55,304.4,32.87,0.4701,0.42,18.29,0.12176,6.63,7.636,0.06428,25.88,56.6,118.4,7.1,13.472,3.088,0.1135,5.72,0.3396
2022-10-30,20627.48,1590.44,313.5,32.94,0.4582,0.4056,18.26,0.11773,6.66,7.782,0.0631,24.51,55.35,116.1,6.89,13.92,3.101,0.1112,5.38,0.3592
2022-10-31,20490.74,1572.69,325.7,32.56,0.4641,0.4055,19.28,0.12686,6.62,7.857,0.06325,24.25,55.01,115,6.96,14.319,3.106,0.1113,5.42,0.3586
2022-11-01,20483.62,1578.48,323.9,32.2,0.4636,0.4011,18.62,0.14211,6.46,7.684,0.06277,24.03,55.1,115,7.12,14.074,3.013,0.1099,5.37,0.3601
2022-11-02,20151.84,1518.34,320.2,30.8,0.4497,0.3856,17.91,0.12765,6.25,7.437,0.06157,22.95,60.95,113.7,7.1,13.295,2.901,0.1075,5.22,0.3616
2022-11-03,20207.82,1531.01,329.5,30.85,0.4548,0.3895,18.03,0.12262,6.41,7.72,0.06171,24.02,61.84,115.6,6.91,13.51,3.03,0.1088,5.78,0.3697
2022-11-04,21148.52,1644.78,354.6,33.74,0.5064,0.4216,19.38,0.12613,7.05,8.715,0.06381,25.78,67.58,124.5,7.55,15.035,3.307,0.1156,6.15,0.4152
2022-11-05,21299.37,1626.98,349.2,36.9,0.493,0.4264,19.61,0.12445,7.03,8.663,0.06363,26.52,69.23,123.7,7.69,15.38,3.332,0.1136,6.16,0.4239
2022-11-06,20905.58,1568.29,337.9,32.62,0.4709,0.4021,18.23,0.11477,6.81,8.101,0.06268,24.82,68.26,116.7,7.06,14.443,3.094,0.109,5.83,0.4025
2022-11-07,20591.13,1568.1,337,29.62,0.4648,0.4041,18.08,0.11123,7.12,8.956,0.06227,25.04,67.42,117.9,7.01,14.275,3.051,0.1097,5.73,0.4193
2022-11-08,18547.23,1334.77,327.4,24.38,0.4059,0.3722,16.02,0.08827,6.3,7.708,0.05872,21.89,57.82,103.2,6.07,12.146,2.633,0.0988,4.79,0.3334
2022-11-09,15922.81,1102.73,267.3,14.08,0.3331,0.3175,12.91,0.0745,5.41,6.231,0.05338,18.37,50.68,89,4.9,9.791,2.03,0.0831,4.14,0.2656
2022-11-10,17601.15,1299.28,304,17.66,0.3942,0.3687,15.42,0.08978,5.97,7.21,0.05782,22.01,60.56,102.7,5.77,12.17,2.315,0.0972,4.63,0.3209
2022-11-11,17070.31,1289.28,290.4,16.45,0.3843,0.3556,14.13,0.08509,5.75,7.044,0.05601,21.55,61.49,103.1,6.1,11.672,2.131,0.0953,4.47,0.3029
2022-11-12,16812.08,1257.25,282.8,14.58,0.3636,0.3397,13.09,0.08815,5.77,6.281,0.05502,20.49,59.94,102.7,5.56,10.951,2,0.0911,4.27,0.2739
2022-11-13,16329.85,1221.49,276.4,13.18,0.3408,0.3298,13.02,0.08495,5.75,6.078,0.05084,19.89,57.37,99.6,5.8,10.19,1.953,0.0882,4.29,0.262
2022-11-14,16619.46,1243.28,279,14,0.3776,0.3323,13.14,0.08595,5.86,6.291,0.05015,20.48,56.7,103.9,6.09,10.329,1.971,0.0913,4.33,0.2616
2022-11-15,16900.57,1253.23,277,14.32,0.3888,0.3373,13.51,0.08706,5.92,6.421,0.05074,20.56,58.01,103.9,6.28,10.556,1.98,0.0925,4.4,0.2814
2022-11-16,16662.76,1216.17,271.8,14.27,0.3752,0.332,13.07,0.08548,5.71,6.179,0.05016,19.92,57.49,104.4,5.96,10.152,1.922,0.0898,4.33,0.2758
2022-11-17,16692.56,1200.43,267.9,13.65,0.3819,0.325,12.87,0.08467,5.67,6.225,0.05006,19.67,62.59,103.9,5.73,9.918,1.832,0.0904,4.31,0.2677
2022-11-18,16700.45,1212.58,274.1,13.27,0.3829,0.326,13,0.08474,5.65,6.183,0.05068,19.55,62.62,104.8,5.85,9.972,1.784,0.0892,4.34,0.2982
2022-11-19,16700.68,1217.67,272.6,12.84,0.3841,0.328,12.89,0.08455,5.61,6.146,0.05215,19.51,63.98,104.9,5.76,9.995,1.747,0.0905,4.38,0.2982
2022-11-20,16280.23,1142.21,264.2,12.27,0.3608,0.312,12.19,0.07703,5.3,5.768,0.05008,18.17,62.12,104.8,5.44,9.354,1.57,0.0865,4.16,0.2563
2022-11-21,15781.29,1107.34,253.9,11.83,0.3645,0.3046,11.82,0.07466,5.18,5.876,0.05155,18.03,61.31,103.4,5.19,9.011,1.56,0.0843,4.17,0.2447
2022-11-22,16226.94,1139.6,266.7,12.44,0.3757,0.3126,12.36,0.07876,5.28,6.422,0.05072,18.48,70.66,109.4,5.31,9.547,1.627,0.0871,4.32,0.2414
2022-11-23,16603.11,1184.52,298.8,14.36,0.3815,0.3185,13.06,0.08197,5.44,6.707,0.0518,20.33,79.02,115,5.49,9.933,1.692,0.0886,4.45,0.2473
2022-11-24,16598.95,1203.73,300.2,14.59,0.4018,0.3163,12.95,0.08146,5.39,6.831,0.05283,20.21,78.66,115.9,5.45,10.153,1.643,0.09,4.39,0.2424
2022-11-25,16522.14,1199.3,300.8,14.03,0.4078,0.3146,12.82,0.0895,5.26,6.848,0.05297,20.1,74.1,113.8,5.41,10.025,1.646,0.0892,4.29,0.2437
2022-11-26,16458.57,1205.6,311.4,14.17,0.396,0.3138,12.78,0.08893,5.3,7.156,0.05279,19.89,76.47,112.5,5.42,10.111,1.612,0.0881,4.3,0.2409
2022-11-27,16428.78,1193.88,307.6,14.12,0.3962,0.3126,12.86,0.09868,5.3,6.902,0.05327,19.82,74.92,111.2,5.41,9.925,1.614,0.0902,4.35,0.2403
2022-11-28,16212.91,1167.77,293.5,13.32,0.3888,0.3066,12.45,0.09513,5.13,7.194,0.05299,19.32,73.97,110,5.29,9.862,1.591,0.0873,4.25,0.2359
2022-11-29,16442.53,1216.49,295.4,13.34,0.3981,0.3092,12.47,0.10146,5.3,7.318,0.05326,19.51,75.8,111,5.46,10.181,1.606,0.0885,4.35,0.2408
2022-11-30,17163.64,1294.46,300.6,14.16,0.4078,0.3187,13.15,0.10677,5.46,7.672,0.05461,20.29,79.16,113.5,5.86,10.494,1.723,0.0899,4.42,0.2477
2022-12-01,16977.37,1276.41,292.3,13.51,0.3969,0.3145,12.9,0.10175,5.41,7.681,0.05415,19.75,77.57,110.3,5.91,10.268,1.742,0.0877,4.39,0.2409
2022-12-02,17092.74,1295.59,293.4,13.71,0.3961,0.3191,13.58,0.1021,5.62,7.61,0.05445,19.86,77.94,112,6.34,10.366,1.756,0.0881,4.64,0.2441
2022-12-03,16885.2,1240.51,290.4,13.29,0.3873,0.3196,13.4,0.0997,5.49,7.235,0.05358,19.23,76.47,109.7,6.1,10.021,1.67,0.0863,4.42,0.2375
2022-12-04,17105.7,1279.41,291.8,13.71,0.3895,0.3221,13.93,0.10406,5.59,7.444,0.05309,19.49,77.07,111,6.27,10.255,1.723,0.0877,4.58,0.2393
2022-12-05,16966.35,1259.41,288.4,13.82,0.3893,0.3193,13.6,0.10149,5.48,7.275,0.05334,19.45,80.19,110.4,6.17,10.264,1.718,0.0869,4.52,0.2364
2022-12-06,17088.96,1271.32,290.2,14.3,0.3914,0.3183,13.67,0.10019,5.5,7.132,0.05364,19.55,79.88,112.1,6.18,10.166,1.789,0.086,4.59,0.2339
2022-12-07,16836.64,1231.18,284.2,13.49,0.3835,0.3102,13.28,0.09575,5.29,6.881,0.05312,18.71,76.89,109.1,6,9.617,1.691,0.0842,4.35,0.221
2022-12-08,17224.1,1280.18,290.4,13.69,0.3941,0.3145,13.42,0.09847,5.42,7,0.05448,19.18,78.27,111.9,6.19,9.833,1.706,0.0856,4.4,0.2244
2022-12-09,17128.56,1263.1,286,13.59,0.3889,0.3118,13.46,0.0967,5.3,6.863,0.05464,19.17,76.31,109.9,6.17,9.758,1.698,0.0853,4.44,0.2258
2022-12-10,17127.49,1266.35,288.2,13.58,0.3865,0.3126,13.49,0.09632,5.27,6.858,0.05483,19.15,76.36,109.1,6.08,9.945,1.705,0.0853,4.38,0.2268
2022-12-11,17085.05,1263.01,284.4,13.42,0.3809,0.3074,12.98,0.09266,5.17,6.7,0.05397,18.89,76.5,106.3,5.92,9.534,1.633,0.0838,4.28,0.2225
2022-12-12,17209.83,1275.4,276.1,13.31,0.3874,0.3069,13,0.09029,5.17,6.701,0.05352,18.55,76.23,106.3,5.92,9.622,1.631,0.0843,4.25,0.2184
2022-12-13,17774.7,1320.69,272.2,13.89,0.3952,0.3142,13.76,0.09105,5.28,6.926,0.0545,19.26,77.39,110.4,6.11,9.754,1.71,0.084,4.32,0.2239
2022-12-14,17803.15,1307.44,267.7,14.12,0.3853,0.3079,13.71,0.08824,5.215,6.718,0.05558,18.77,75.3,109.1,5.908,9.591,1.659,0.083,4.227,0.2207
2022-12-15,17356.34,1266.54,258.8,14.04,0.378,0.3003,13.17,0.08485,5.23,6.456,0.05577,18.19,72.42,107.2,5.799,9.426,1.59,0.0819,4.152,0.2102
2022-12-16,16632.12,1166.83,231.2,12.25,0.3511,0.2632,11.84,0.07569,4.652,5.893,0.05292,15.94,66.25,100.1,5.3,8.587,1.37,0.0743,3.018,0.1849
2022-12-17,16776.52,1187.16,242.1,12.51,0.3545,0.2672,11.95,0.07919,4.708,6.03,0.05486,16.2,64.89,103.1,5.386,8.803,1.395,0.0757,3.196,0.1945
2022-12-18,16738.21,1183.06,251,12.38,0.3499,0.2659,11.93,0.07847,4.657,5.949,0.05378,15.94,64.37,102,5.328,8.857,1.364,0.0764,3.046,0.1881
2022-12-19,16438.88,1167.82,240.4,11.94,0.3389,0.2529,11.39,0.07133,4.481,5.79,0.05356,15.2,63.37,98.4,5.09,8.644,1.259,0.0732,2.815,0.1742
2022-12-20,16895.56,1216.94,251.4,12.26,0.3482,0.2587,11.95,0.07483,4.605,6.013,0.05497,15.93,65.55,101.7,5.362,8.951,1.343,0.076,2.975,0.1787
2022-12-21,16824.67,1213.78,246.2,12.14,0.3449,0.2534,11.71,0.07374,4.485,5.989,0.05492,16.64,65.4,100.3,5.322,8.864,1.307,0.0752,2.979,0.1706
2022-12-22,16821.43,1217.71,245.8,11.82,0.3492,0.2566,11.85,0.07685,4.531,6.005,0.05554,16.49,66.21,101.4,5.372,8.99,1.322,0.0758,2.995,0.1719
2022-12-23,16778.5,1219.99,246.2,11.78,0.3543,0.2594,11.79,0.07721,4.473,5.941,0.05423,16.4,65.75,102,5.265,8.913,1.341,0.0754,2.967,0.1698
2022-12-24,16836.12,1220.41,244.5,11.45,0.3517,0.2592,11.67,0.07752,4.452,5.916,0.05473,16.45,65.76,101.7,5.202,8.962,1.337,0.0743,2.933,0.1677
2022-12-25,16832.11,1218.51,243.2,11.38,0.3457,0.2591,11.68,0.07598,4.492,5.99,0.05481,16.2,69.15,101.4,5.161,9.01,1.332,0.0739,2.964,0.1655
2022-12-26,16919.39,1228.11,244.3,11.32,0.3658,0.2652,11.71,0.07568,4.571,6.048,0.05459,16.25,70.78,103.4,5.203,9.183,1.362,0.0753,3.002,0.1715
2022-12-27,16706.36,1211.55,246.7,11.09,0.3675,0.2603,11.64,0.07372,4.478,5.903,0.05415,15.87,68.67,101.7,5.193,9.215,1.362,0.0741,3.071,0.1701
2022-12-28,16547.31,1190.15,244.5,9.76,0.3558,0.2482,11.21,0.0704,4.286,5.675,0.05416,15.12,66.32,99.2,4.97,9.134,1.316,0.0717,2.992,0.167
2022-12-29,16633.47,1200.49,246.3,9.64,0.3421,0.244,10.98,0.07094,4.309,5.601,0.05402,15.7,66.66,98.4,5.048,9.33,1.297,0.072,2.977,0.1648
2022-12-30,16607.48,1199.99,245.8,9.9,0.3451,0.2458,10.87,0.0684,4.324,5.475,0.05439,15.55,67.94,96.8,5.098,9.382,1.277,0.0724,2.98,0.1691
2022-12-31,16542.4,1196.13,246.3,9.97,0.3389,0.2458,10.9,0.07025,4.309,5.575,0.0545,15.69,70.14,97,5.166,9.353,1.256,0.071,3.01,0.1725
2023-01-01,16616.75,1200.34,244.4,9.99,0.3387,0.2499,10.87,0.07024,4.371,5.628,0.05481,15.79,70.91,96.8,5.248,9.462,1.276,0.0726,3.108,0.1773
2023-01-02,16672.87,1214,245.2,11.28,0.3482,0.2538,11.16,0.0714,4.492,5.691,0.05517,16.12,74.74,99.3,5.371,9.818,1.314,0.0737,3.151,0.1809
2023-01-03,16675.18,1214.55,246.1,13.37,0.3436,0.2529,11.38,0.07049,4.526,5.621,0.05483,15.89,75.57,99.6,5.379,10.157,1.335,0.0736,3.091,0.1843
2023-01-04,16850.36,1256.9,258.9,13.43,0.3472,0.2678,12.08,0.07311,4.632,5.809,0.05477,19.2,75.46,101.5,5.532,10.196,1.55,0.0738,3.357,0.1869
2023-01-05,16831.85,1251.24,256.7,13.43,0.338,0.2692,11.74,0.07152,4.62,5.66,0.05374,18.23,74.25,101.2,5.377,10.085,1.524,0.0729,3.287,0.1835
2023-01-06,16950.65,1269.14,259.9,13.5,0.3443,0.2786,11.78,0.07241,4.684,5.712,0.05249,20.43,75.91,101.7,5.52,10.251,1.591,0.0751,3.339,0.189
2023-01-07,16943.57,1264.07,261.3,13.1,0.3442,0.2768,11.75,0.07219,4.664,5.83,0.05201,20.03,76.4,101.4,5.414,10.196,1.56,0.0756,3.299,0.1939
2023-01-08,17127.83,1290.16,274.9,14.45,0.3452,0.2974,12.09,0.07363,4.826,5.963,0.05439,20.39,78.68,103.7,5.58,10.549,1.647,0.0773,3.447,0.1993
2023-01-09,17178.26,1320.39,272.6,16.25,0.349,0.3168,12.19,0.07566,4.887,6.065,0.05461,20.12,81.62,106.9,5.79,11.112,1.642,0.0794,3.774,0.1997
2023-01-10,17440.66,1335.62,277.1,16.2,0.3507,0.3222,12.73,0.07782,4.92,6.166,0.05486,20.23,80.83,107.4,5.781,11.327,1.644,0.0796,3.757,0.2037
2023-01-11,17943.26,1389.39,284.8,16.36,0.3728,0.323,15.86,0.07814,5.135,6.284,0.05652,20.52,84.08,109.9,5.919,11.856,1.82,0.0814,3.732,0.2102
2023-01-12,18846.62,1415.92,287.7,16.59,0.3748,0.3293,15.43,0.08025,5.232,6.387,0.0571,20.88,86.09,119.7,6.181,12.273,1.831,0.0816,3.852,0.2124
2023-01-13,19930.01,1451.2,293.7,18.29,0.3858,0.3456,15.96,0.0845,5.401,6.605,0.0601,21.62,86.23,124.6,6.307,12.406,1.956,0.0846,4.018,0.2207
2023-01-14,20954.92,1549.9,305.1,24.24,0.3953,0.3525,16.94,0.08729,6.026,6.856,0.06177,22.5,87.84,125.8,6.621,12.874,2.251,0.0873,4.804,0.2292
2023-01-15,20871.5,1552.52,302.2,22.89,0.3845,0.3507,16.8,0.08608,5.929,6.694,0.06231,22.4,87.37,124.8,6.592,12.778,2.24,0.088,4.699,0.2405
2023-01-16,21185.65,1576.94,299,23.58,0.3855,0.3504,16.74,0.08368,5.812,6.669,0.06242,21.87,85.91,124.2,6.54,12.342,2.192,0.0878,4.57,0.2341
2023-01-17,21134.81,1565.57,299.4,22.86,0.3868,0.3455,17.12,0.08285,5.956,6.804,0.06168,21.84,87.02,122.7,6.342,12.155,2.156,0.0862,4.626,0.2283
2023-01-18,20677.47,1511.43,286.7,20.79,0.3782,0.3264,15.82,0.08,5.653,6.334,0.05891,20.36,82.62,118.7,6.048,11.542,1.972,0.0824,4.252,0.2087
2023-01-19,21071.59,1551.09,294.6,21.4,0.3928,0.3379,16.19,0.08161,5.802,6.506,0.06009,20.73,84.21,121.6,6.164,12.012,2.096,0.0844,4.404,0.2171
2023-01-20,22667.21,1658.52,305.1,25.51,0.4129,0.3652,17.48,0.08617,6.247,6.941,0.06272,22.46,90.28,128.1,6.67,13.144,2.388,0.0889,4.741,0.2392
2023-01-21,22783.55,1626.66,299,24.57,0.4034,0.3687,16.88,0.08467,6.237,6.853,0.06172,21.8,87.91,128,6.66,13.083,2.324,0.0904,4.95,0.2388
2023-01-22,22707.88,1627.44,303,24.21,0.4004,0.3764,17.34,0.08824,6.207,6.984,0.06166,22.55,87.58,128.6,6.888,13.328,2.399,0.091,5.427,0.2458
2023-01-23,22916.45,1626.29,305.1,24.33,0.4234,0.375,17.97,0.08851,6.56,7.015,0.06273,22.79,89.9,133.2,6.721,13.06,2.544,0.0946,5.422,0.2496
2023-01-24,22632.89,1555.97,300.3,22.78,0.4078,0.3587,17,0.08392,6.191,6.661,0.06019,21.18,87.19,128.2,6.296,12.445,2.355,0.0904,4.994,0.2364
2023-01-25,23060.94,1611.94,306.9,24.52,0.417,0.3732,17.79,0.08654,6.399,6.954,0.0618,21.84,89.38,131.8,6.596,13.561,2.545,0.0924,5.45,0.2443
2023-01-26,23009.65,1601.09,304.7,24.33,0.4092,0.3796,18.08,0.08633,6.472,7.169,0.06172,21.98,87.52,134,6.74,13.111,2.521,0.092,5.433,0.2452
2023-01-27,23074.16,1597.62,308,24.43,0.4128,0.3898,21.2,0.08723,6.585,7.384,0.06366,22.02,88.89,135.2,6.871,13.532,2.557,0.0926,5.391,0.2545
2023-01-28,23022.6,1572.1,306.1,24,0.4078,0.3819,20.54,0.08773,6.397,7.211,0.06312,21.72,89.67,132.7,6.631,13.22,2.47,0.0928,5.274,0.2572
2023-01-29,23742.3,1644.72,317.2,26.07,0.4134,0.3975,20.99,0.09009,6.611,7.372,0.06378,22.75,94.84,136.6,6.927,13.803,2.571,0.0944,5.477,0.2616
2023-01-30,22826.15,1566.2,307.2,23.96,0.3934,0.3725,19.74,0.08837,6.19,6.914,0.06227,21.35,91.37,131.2,6.517,13.073,2.307,0.0899,5.098,0.2393
2023-01-31,23125.13,1585.33,312,23.92,0.4057,0.3902,19.8,0.09612,6.26,6.952,0.06218,21.69,94.09,133.3,6.558,13.362,2.328,0.0906,5.229,0.2414
2023-02-01,23732.66,1641.68,317,25,0.4131,0.397,20.95,0.09403,6.467,7.214,0.06312,22.35,100.33,136.2,6.798,14.925,2.427,0.0923,5.687,0.2509
2023-02-02,23488.94,1643.12,323.5,24.32,0.4098,0.3981,21.21,0.09099,6.543,7.099,0.06383,22.42,98.64,136.7,7.11,14.407,2.444,0.0918,5.473,0.2551
2023-02-03,23431.9,1663.52,332.2,24.69,0.4117,0.4038,21.36,0.09293,7.008,7.294,0.06416,23.17,99.86,137.9,7.061,14.992,2.507,0.093,5.675,0.271
2023-02-04,23326.84,1666.38,330.4,24.34,0.4106,0.3994,21.04,0.09567,6.873,7.237,0.06384,23.81,98.51,138,7.204,14.665,2.501,0.0929,5.521,0.2671
2023-02-05,22932.91,1629.02,327.8,23.47,0.3984,0.3923,20.08,0.09203,6.637,6.985,0.06411,22.85,96.63,134.4,6.886,14.736,2.386,0.0909,5.299,0.257
2023-02-06,22762.52,1614.29,324.3,22.66,0.392,0.3823,19.58,0.08955,6.494,6.832,0.06316,22.13,95.93,131.5,6.647,14.143,2.308,0.0889,5.125,0.2546
2023-02-07,23240.46,1671.03,333,23.82,0.4036,0.3989,20.83,0.09253,6.941,7.197,0.06577,23.2,100.86,135.9,6.979,14.957,2.493,0.092,5.537,0.2801
2023-02-08,22963,1650.43,328.2,23.22,0.3975,0.3942,20.11,0.09018,6.757,7.136,0.06695,22.64,99.22,131.6,6.812,15.151,2.639,0.091,5.442,0.2899
2023-02-09,21796.35,1545.35,306.2,20.48,0.3819,0.3622,17.9,0.08144,6.235,6.984,0.06265,20.9,92.05,126.6,6.33,13.53,2.27,0.0857,4.789,0.2548
2023-02-10,21625.19,1513.06,305.8,20.11,0.3817,0.3581,17.79,0.08089,6.186,6.89,0.06329,20.97,93.34,124.3,6.365,13.705,2.25,0.0857,4.848,0.251
2023-02-11,21862.55,1538.51,310.4,20.81,0.3833,0.3684,18.01,0.08225,6.278,7.003,0.06372,21.49,94.28,124.6,6.481,13.749,2.285,0.0862,5.102,0.2566
2023-02-12,21783.54,1514.83,312.6,21.49,0.3747,0.3641,17.78,0.08215,6.181,6.808,0.06388,21.06,92.51,122.9,6.346,13.539,2.237,0.0851,4.919,0.2474
2023-02-13,21773.97,1505.24,294.3,20.77,0.3703,0.3593,17.63,0.08209,6.143,6.669,0.0656,20.64,91.05,123.8,6.244,13.129,2.187,0.085,4.867,0.2432
2023-02-14,22199.84,1555.71,296.2,21.84,0.3819,0.3867,18.14,0.0836,6.227,6.808,0.06675,21.23,95.82,126.7,6.589,13.399,2.246,0.086,5.091,0.2533
2023-02-15,24324.05,1674.92,317.4,23.86,0.4011,0.419,19.94,0.08928,6.612,7.281,0.07085,22.47,102.82,134.8,6.93,14.297,2.515,0.0902,5.483,0.2722
2023-02-16,23517.72,1637.84,304.4,22.24,0.3841,0.3874,18.59,0.08489,6.327,7.011,0.06683,21.35,98.55,128,6.477,13.427,2.311,0.0863,5.403,0.2575
2023-02-17,24569.97,1693.87,313,23.14,0.395,0.4033,19.45,0.08771,7.284,7.65,0.07031,22.42,100.12,133.4,6.738,14.17,2.456,0.0908,7.609,0.2712
2023-02-18,24631.95,1691.62,316.5,23.45,0.3943,0.406,19.54,0.08882,7.229,7.989,0.07014,22.62,99.71,136.2,6.976,14.289,2.576,0.0918,7.52,0.2729
2023-02-19,24271.76,1679.75,311.5,24.84,0.3863,0.3995,19.81,0.08697,7.438,8.014,0.07038,22.5,97.43,136,7.21,14.126,2.575,0.0905,8.466,0.2777
2023-02-20,24842.2,1703.27,315.4,26.26,0.3984,0.4038,20.82,0.08829,7.551,8.017,0.07197,23.18,95.9,145.1,7.371,14.423,2.702,0.0945,8.526,0.285
2023-02-21,24452.16,1659.76,311.5,24.98,0.3919,0.3925,20.98,0.08546,7.251,7.64,0.06948,22.85,93.8,145.3,7.036,13.866,2.569,0.0949,8.182,0.2788
2023-02-22,24182.21,1643.14,312.4,24.16,0.3953,0.3888,20.32,0.0855,7.186,7.717,0.06944,22.48,95.28,142,6.931,13.587,2.508,0.0924,8.031,0.2714
2023-02-23,23940.2,1650.53,308.3,23.91,0.3882,0.3824,19.71,0.08425,7.093,7.935,0.06955,22.12,94.59,138.8,6.943,13.738,2.47,0.091,7.846,0.2685
2023-02-24,23185.29,1607.8,302.3,23.07,0.3783,0.3658,18.39,0.08092,6.614,7.466,0.06787,21.11,91.55,132.7,6.572,13.08,2.313,0.0892,6.853,0.2566
2023-02-25,23157.07,1594.58,302.4,22.37,0.3778,0.362,17.94,0.08075,6.544,7.373,0.06785,20.98,93.15,133.2,6.469,12.842,2.289,0.088,6.706,0.2505
2023-02-26,23554.85,1641.36,308.7,23.25,0.3779,0.3691,18.43,0.08216,6.691,7.497,0.06951,21.41,95.27,136.3,6.61,12.961,2.376,0.089,6.906,0.2553
2023-02-27,23492.09,1633.45,304.6,22.68,0.3785,0.3647,17.93,0.08136,6.579,7.274,0.06943,21.31,94.07,135.2,6.439,12.786,2.346,0.0883,6.851,0.2548
2023-02-28,23141.57,1605.23,301.4,21.89,0.3762,0.3517,17.09,0.08085,6.347,7.195,0.06905,20.76,93.8,132,6.501,12.279,2.23,0.0871,6.484,0.2444
2023-03-01,23628.97,1665.22,302.7,22.51,0.3835,0.3601,17.77,0.08193,6.535,7.536,0.06984,21.29,97.78,134.3,6.843,12.778,2.319,0.088,7.251,0.2507
2023-03-02,23465.32,1647.86,299.8,22,0.3772,0.3504,17.47,0.08056,6.335,7.275,0.06972,21.1,95.39,131.8,6.637,12.466,2.259,0.0875,6.905,0.242
2023-03-03,22354.34,1569.45,290.4,21.42,0.3774,0.3431,16.66,0.07684,6.037,6.958,0.06715,20.36,90.56,126.4,6.272,12.016,2.098,0.0857,6.259,0.2331
2023-03-04,22346.57,1566.73,289.6,20.98,0.3735,0.3366,16.14,0.07462,5.917,6.857,0.0667,19.95,89.34,124.4,6.161,11.843,2.05,0.0837,5.915,0.2245
2023-03-05,22430.24,1564.58,288.7,20.97,0.3668,0.337,16.14,0.07474,5.978,6.945,0.06725,19.75,89.93,124,6.351,12.019,2.031,0.0827,6.139,0.2257
2023-03-06,22410,1565.84,287.8,20.63,0.3695,0.3305,16.52,0.07479,5.92,6.854,0.06739,19.65,87.36,124.2,6.337,11.978,2.055,0.0835,6.098,0.2251
2023-03-07,22197.96,1561.96,289.3,20.25,0.3801,0.3306,16.17,0.07407,5.847,6.881,0.06629,19.21,86.29,122.1,6.429,11.75,2.002,0.0827,5.969,0.2172
2023-03-08,21705.44,1532.38,287.1,18.41,0.3889,0.3175,15.12,0.07112,5.601,6.577,0.06532,18.25,82.76,116.6,6.103,10.958,1.842,0.0816,5.782,0.2017
2023-03-09,20362.22,1437.32,277.1,17.33,0.3706,0.3101,14.41,0.06595,5.385,6.16,0.05863,17.07,76.68,110.2,5.722,11.032,1.788,0.0771,5.509,0.1934
2023-03-10,20150.69,1426.44,277.4,18.17,0.37,0.3149,14.8,0.06572,5.549,6.215,0.05736,17.43,71.37,111.5,5.62,11.141,1.798,0.0781,5.313,0.1883
2023-03-11,20455.73,1471.97,276,18.07,0.3638,0.3051,14.51,0.06604,5.463,6.162,0.05877,17.15,69.21,113.6,5.434,11.019,1.797,0.0788,4.95,0.1872
2023-03-12,21997.11,1580.33,288.1,20.2,0.3714,0.3298,16.18,0.07051,5.895,6.551,0.06458,18.72,76.26,120.2,5.897,11.695,1.941,0.0822,5.714,0.2011
2023-03-13,24113.48,1673.45,307.9,20.4,0.3724,0.3433,16.47,0.07279,6.1,6.761,0.06694,19.56,81.46,126.6,6.09,11.984,2.036,0.0844,6.376,0.2122
2023-03-14,24670.41,1699.4,308.4,20.86,0.3724,0.3429,17.15,0.07456,6.223,6.96,0.06695,20.22,83.94,131,6.317,13.04,2.116,0.0883,6.751,0.2222
2023-03-15,24285.66,1649.96,306.3,19.24,0.3589,0.3241,15.55,0.06963,5.874,6.546,0.06517,18.4,76.43,123.2,5.909,12.416,1.921,0.0837,5.595,0.2039
2023-03-16,24998.78,1673.73,329.4,19.67,0.3647,0.3249,15.83,0.07256,6.088,6.656,0.06512,18.73,78.86,125.8,5.903,12.814,1.963,0.0845,5.804,0.2084
2023-03-17,27395.13,1789.27,338.9,21.6,0.3798,0.3494,17.64,0.07642,6.618,7.207,0.06763,20.28,85.51,135.5,6.404,13.166,2.163,0.0879,6.39,0.2264
2023-03-18,26907.49,1758.84,331,21.2,0.3739,0.3371,16.98,0.07295,6.313,6.922,0.06579,20.76,83.02,131.1,6.508,12.218,2.079,0.0856,5.874,0.2145
2023-03-19,27972.87,1780.68,336.7,21.86,0.3857,0.3448,17.53,0.0745,6.451,7.081,0.0665,21.06,83.98,135.7,6.488,12.306,2.132,0.0877,6.281,0.2197
2023-03-20,27717.01,1732.78,332.5,22.13,0.3734,0.3321,16.64,0.07137,6.092,7.05,0.06503,19.57,78.05,130.3,6.176,11.545,1.994,0.0863,5.72,0.2094
2023-03-21,28105.47,1801.23,334.4,22.53,0.4696,0.3696,17.44,0.0766,6.363,7.375,0.067,20.9,82.48,134,6.421,11.915,2.068,0.0963,5.923,0.223
2023-03-22,27250.97,1734.33,321.1,21.42,0.4213,0.3596,16.74,0.07385,6.053,7.173,0.05978,20.03,87.27,125.9,6.071,11.327,1.946,0.0908,5.651,0.2134
2023-03-23,28295.41,1813.79,329.4,22.16,0.4438,0.3715,17.54,0.07736,6.321,7.61,0.0652,20.78,93.61,128.6,6.238,11.683,2.044,0.0924,5.925,0.2194
2023-03-24,27454.47,1749.57,322.1,20.66,0.4259,0.3596,16.95,0.07453,6.021,7.191,0.06341,20.19,93.58,123.7,5.882,11.192,1.963,0.0887,5.554,0.2088
2023-03-25,27462.95,1741.88,322.4,20.41,0.4429,0.3514,16.89,0.07402,5.905,7.075,0.06368,20.02,91.5,125.2,5.712,11.085,1.923,0.0907,5.378,0.2063
2023-03-26,27968.05,1773.88,328.6,20.94,0.4479,0.3557,17.12,0.07436,6.042,7.261,0.06412,20.33,93.32,124.7,5.786,11.326,1.957,0.0918,5.681,0.2105
2023-03-27,27124.91,1715.22,310.6,19.91,0.479,0.3455,16.49,0.07287,5.867,6.87,0.06355,19.67,89.23,120.4,5.644,10.838,1.845,0.0925,5.344,0.2
2023-03-28,27261.07,1772.99,313.2,20.45,0.5144,0.3681,16.71,0.07381,6.056,6.947,0.06418,20.16,89.13,120.9,5.808,11.212,1.883,0.0977,5.555,0.2018
2023-03-29,28348.6,1793.07,313.7,21.1,0.5425,0.3811,17.31,0.07557,6.183,7.382,0.06433,20.67,91.31,123.3,5.945,11.43,2,0.1017,5.732,0.2353
2023-03-30,28028.53,1793.61,316.4,20.55,0.5319,0.3761,17.23,0.07422,6.122,7.233,0.06481,20.28,89.06,121.1,5.897,11.149,1.927,0.1064,5.563,0.2247
2023-03-31,28465.36,1821.52,316.9,21.16,0.5374,0.3989,17.7,0.07695,6.343,7.588,0.06553,20.74,89.57,123.9,6.062,11.188,1.99,0.1122,5.686,0.226
2023-04-01,28452.73,1820.79,314.9,21.08,0.5095,0.3919,17.8,0.08181,6.344,7.548,0.06648,21.24,92.57,126.1,6.101,11.383,1.987,0.1082,5.761,0.2231
2023-04-02,28171.87,1794.51,313.7,20.52,0.518,0.3815,17.25,0.07903,6.263,7.255,0.06518,20.43,92.77,123,5.948,11.12,1.92,0.1066,5.546,0.2139
2023-04-03,27800,1810.51,308.8,20.45,0.4959,0.3872,17.11,0.096,6.419,7.245,0.06574,20.7,92.97,127.8,5.93,11.147,1.948,0.1064,5.572,0.2143
2023-04-04,28165.47,1870.37,310.8,20.92,0.5026,0.3894,17.65,0.09512,6.439,7.37,0.06573,21.12,92.58,127.1,6.151,11.285,1.996,0.106,5.616,0.2178
2023-04-05,28170.01,1908.69,313.9,20.97,0.5055,0.3923,18,0.09267,6.406,7.321,0.06616,21.13,92.64,127.2,6.232,11.523,2.027,0.1072,5.671,0.2229
2023-04-06,28033.82,1872.41,312.3,20.62,0.5028,0.3829,17.97,0.08541,6.281,7.201,0.06608,20.7,90.97,126,6.076,11.334,1.989,0.1058,5.601,0.218
2023-04-07,27906.33,1863.72,310.3,20.44,0.5126,0.3835,17.6,0.08222,6.178,7.267,0.06603,20.48,90.6,124.5,6.002,11.046,2.018,0.1065,5.789,0.2189
2023-04-08,27938.38,1848.82,310.5,20.04,0.5048,0.3853,17.45,0.08134,6.13,7.13,0.06613,20.35,89.91,123.8,5.914,10.959,1.97,0.1044,5.766,0.216
2023-04-09,28323.76,1858.92,312.8,20.28,0.5054,0.3894,17.54,0.08318,6.211,7.203,0.06662,20.56,90.58,125.6,5.913,11.028,2.006,0.1048,5.749,0.2164
2023-04-10,29637.34,1910.2,318.5,20.89,0.5176,0.3971,17.94,0.08473,6.291,7.343,0.0673,21.01,93.78,128,6.012,11.18,2.068,0.1057,6.172,0.221
2023-04-11,30200.42,1889.86,322.3,22.98,0.5167,0.4014,18.14,0.08408,6.415,7.301,0.06632,21.48,94.22,129.1,5.933,11.267,2.052,0.1051,6.109,0.22
2023-04-12,29888.07,1917.39,319.9,23.8,0.5049,0.4047,18.26,0.08346,6.403,7.23,0.06514,22.04,92.06,128.7,5.946,11.318,2.226,0.1036,5.963,0.215
2023-04-13,30373.84,2012.01,324.7,24.43,0.5125,0.4251,18.84,0.08729,6.634,7.458,0.06523,22.4,94.17,131.1,6.205,11.807,2.203,0.1054,6.077,0.2212
2023-04-14,30466.93,2099.99,328.9,24.71,0.5227,0.4381,19.22,0.08866,6.731,7.743,0.06619,22.41,96.33,132.2,6.308,12.254,2.221,0.1069,6.223,0.2273
2023-04-15,30295.09,2090.6,333,24.05,0.5192,0.4522,19.07,0.08888,6.804,8.005,0.06588,22.08,96.68,132.5,6.266,12.371,2.316,0.1064,6.296,0.2314
2023-04-16,30304.65,2118.67,347.7,25.34,0.5209,0.4513,20.17,0.09043,6.824,8.14,0.06655,22.25,100.01,134.4,6.314,12.662,2.323,0.1073,6.339,0.2345
2023-04-17,29430.27,2074,340,24.58,0.5109,0.4341,20.51,0.09137,6.696,8.16,0.06574,21.72,98.84,131.5,6.129,12.352,2.287,0.104,6.119,0.221
2023-04-18,30380.01,2103.5,343.1,24.82,0.5324,0.4435,21.2,0.09411,6.914,8.578,0.06681,21.87,101.95,133.6,6.325,12.555,2.346,0.1057,6.261,0.2223
2023-04-19,28797.1,1933.73,322.4,22.66,0.4911,0.4163,18.98,0.08788,6.309,7.752,0.06563,20.3,90.47,124.9,5.831,11.702,2.148,0.0976,5.696,0.1991
2023-04-20,28243.65,1942.98,318.1,22.2,0.4752,0.4007,18.3,0.08389,6.111,7.512,0.06542,20.07,90.22,123.2,5.785,11.393,2.048,0.0957,5.564,0.1905
2023-04-21,27262.84,1848.78,321.2,21.25,0.4491,0.3824,16.94,0.07842,5.849,7.113,0.06497,19.32,85.32,119.8,5.471,10.807,1.927,0.0929,5.258,0.1853
2023-04-22,27816.85,1874.16,332.2,21.79,0.4719,0.3956,17.21,0.08028,5.949,7.175,0.0661,20.19,87,122,5.503,11.03,1.946,0.0955,5.329,0.1898
2023-04-23,27590.6,1862,330.7,21.47,0.4647,0.3886,16.84,0.07878,5.906,7.082,0.06671,19.71,86.75,119.8,5.429,10.816,1.911,0.0945,5.269,0.1881
2023-04-24,27510.93,1841.84,331.2,21.38,0.4611,0.3835,16.92,0.07873,5.885,7.068,0.0661,19.4,88.31,119.2,5.36,10.903,1.885,0.0934,5.255,0.1853
2023-04-25,28300.79,1866.1,338.4,21.93,0.4695,0.3945,17.63,0.07976,5.999,7.274,0.06584,19.79,91.03,120.2,5.451,11.05,1.961,0.0949,5.347,0.1877
2023-04-26,28415.29,1866.01,330.6,21.28,0.4618,0.4014,17.18,0.07859,5.852,7.004,0.06507,19.34,88.13,117.6,5.357,10.937,1.891,0.0936,5.25,0.181
2023-04-27,29472.77,1908.68,330.9,22.33,0.4667,0.4101,17.72,0.08014,5.97,7.17,0.06576,19.81,89.73,117,5.554,11.519,1.923,0.0943,5.39,0.184
2023-04-28,29311.7,1890.94,324.1,23.34,0.4796,0.4043,17.55,0.08033,5.947,7.04,0.06667,19.75,89.63,118,5.524,11.715,1.916,0.0947,5.509,0.1836
2023-04-29,29230.45,1907.8,321.9,23.19,0.478,0.4024,17.49,0.08157,6.041,7.185,0.068,19.81,91.08,119.7,5.634,11.707,1.936,0.0958,5.571,0.1836
2023-04-30,29233.21,1870.09,337.5,22.74,0.4705,0.3956,17.1,0.07951,5.877,7.025,0.06713,19.4,88.22,117.7,5.447,11.515,1.929,0.0944,5.416,0.1801
2023-05-01,28068.26,1830.73,328.5,21.96,0.4649,0.3868,16.65,0.07882,5.666,6.898,0.06851,19.21,86.75,117.1,5.331,11.003,1.838,0.0926,5.301,0.1774
2023-05-02,28669.86,1870.08,321.5,22.25,0.4645,0.3916,16.84,0.07876,5.713,6.987,0.06922,19.25,88.2,119.3,5.325,11.03,1.835,0.0935,5.282,0.1788
2023-05-03,29026.16,1905.12,325.9,22.24,0.4632,0.394,17.21,0.07962,5.778,7.129,0.06927,19.55,88.88,120,5.389,11.102,1.899,0.0935,5.345,0.181
2023-05-04,28838.16,1877.07,323.8,21.74,0.4608,0.3873,16.93,0.07838,5.671,6.998,0.0694,19.31,88.38,117.3,5.264,10.98,1.841,0.0935,5.265,0.177
2023-05-05,29505.61,1993.3,326.5,22.82,0.4671,0.3942,17.38,0.08017,5.847,7.226,0.07092,19.6,88.61,120,5.545,11.214,1.865,0.0943,5.263,0.1812
2023-05-06,28848.2,1896.33,321.9,21.91,0.4582,0.3787,16.58,0.07672,5.633,6.92,0.07025,18.94,83.26,117,5.287,10.841,1.767,0.0924,5.046,0.1752
2023-05-07,28430.1,1870.4,321,21.66,0.449,0.376,16.41,0.07652,5.632,6.911,0.0692,18.73,83.42,116.1,5.262,10.974,1.737,0.0918,5.031,0.1732
2023-05-08,27668.79,1847.56,313.8,20.62,0.4283,0.3653,15.42,0.07239,5.369,6.582,0.0685,18.27,77.71,111.1,4.968,10.591,1.643,0.0894,4.535,0.1641
2023-05-09,27628.27,1846.52,312.1,20.65,0.4289,0.3633,15.31,0.0731,5.323,6.522,0.06906,18.74,79.9,122.2,4.954,10.375,1.623,0.089,4.545,0.1649
2023-05-10,27598.75,1840.84,314.3,20.91,0.4303,0.3693,15.52,0.07312,5.463,6.588,0.06933,18.81,80.93,115.8,5.134,10.983,1.661,0.089,4.598,0.1688
2023-05-11,26968.62,1794.3,307.5,20.17,0.4207,0.3598,14.95,0.07193,5.278,6.36,0.06771,18.09,80.88,113.2,5.066,11.026,1.595,0.0894,4.352,0.1623
2023-05-12,26795.01,1807.45,308.5,20.9,0.4305,0.3705,15.19,0.07235,5.342,6.623,0.06908,18.21,80.45,114.7,5.194,11.152,1.648,0.089,4.437,0.1647
2023-05-13,26775.28,1795.11,310.7,20.84,0.424,0.3646,14.91,0.07167,5.346,6.491,0.06934,18.1,80.26,113,5.103,10.883,1.66,0.0883,4.384,0.1622
2023-05-14,26917.62,1799.21,312.1,20.93,0.4253,0.3711,15.03,0.07196,5.347,6.547,0.06939,18.12,83.5,115.2,5.14,10.918,1.656,0.0887,4.45,0.1629
2023-05-15,27162.14,1816.2,313.4,20.99,0.4273,0.3669,15.08,0.07191,5.313,6.635,0.07026,18.29,86.89,116.1,5.118,10.798,1.656,0.088,4.453,0.1669
2023-05-16,27033.84,1824.21,311.4,20.67,0.4425,0.3682,14.9,0.07275,5.296,6.659,0.07055,18.29,89.99,116.7,5.144,10.888,1.656,0.0879,4.427,0.1693
2023-05-17,27405.61,1822.12,314.3,21.06,0.4484,0.3755,15.17,0.07483,5.422,6.758,0.07121,18.55,93.88,118,5.345,10.937,1.699,0.0888,4.546,0.1722
2023-05-18,26821.28,1800.56,309.3,20.34,0.4596,0.3714,14.68,0.07344,5.338,6.531,0.07016,18.34,90.43,115.3,5.308,10.736,1.656,0.0888,4.459,0.1651
2023-05-19,26880.26,1812.32,308.9,20.36,0.4675,0.3681,14.68,0.0735,5.372,6.51,0.07067,18.3,91.8,115.6,5.317,10.614,1.666,0.0892,4.495,0.1648
2023-05-20,27102.43,1819.42,310.6,20.28,0.4685,0.3662,14.63,0.07361,5.409,6.503,0.07257,18.32,92.42,116.6,5.29,10.61,1.661,0.0888,4.511,0.1645
2023-05-21,26747.78,1804.91,306.4,19.61,0.4575,0.3602,14.31,0.07212,5.273,6.43,0.07501,17.93,92.18,114.7,5.114,10.474,1.609,0.0881,4.376,0.1616
2023-05-22,26849.27,1817.35,309,19.53,0.4618,0.3679,14.68,0.07291,5.311,6.533,0.078,18.23,90.83,114.7,5.074,10.488,1.612,0.0882,4.41,0.1612
2023-05-23,27219.61,1854.05,313.5,20.02,0.4651,0.3704,14.71,0.07289,5.401,6.504,0.07848,18.37,91.7,115.7,5.072,10.527,1.644,0.0883,4.521,0.1623
2023-05-24,26329.01,1799.89,306,19.22,0.453,0.3638,14.14,0.07064,5.252,6.32,0.07686,17.79,85.82,112.1,4.976,10.413,1.571,0.0866,4.46,0.1543
2023-05-25,26473.79,1805.6,304.5,19.25,0.4538,0.3581,14.08,0.07088,5.245,6.278,0.07677,17.72,86.57,111.9,4.953,10.476,1.563,0.0872,4.416,0.1502
2023-05-26,26705.92,1827.79,306.8,19.35,0.4684,0.3626,14.33,0.07097,5.245,6.344,0.07538,18.02,87.08,113.2,4.976,10.53,1.578,0.0877,4.44,0.1499
2023-05-27,26854.27,1829.89,307.4,20.43,0.4714,0.3667,14.56,0.07255,5.337,6.438,0.07716,18.17,88.55,113.8,5.043,10.544,1.631,0.0882,4.479,0.1505
2023-05-28,28065,1908.64,314.1,20.81,0.482,0.3828,14.89,0.07352,5.502,6.631,0.07742,18.54,91.45,116.4,5.145,10.932,1.667,0.0887,4.66,0.1531
2023-05-29,27736.4,1892.6,311.6,20.57,0.4946,0.3786,14.48,0.07313,5.459,6.637,0.0761,18.36,90.86,114.9,5.099,10.751,1.626,0.0892,4.633,0.1515
2023-05-30,27694.4,1900.59,311.5,21.25,0.5205,0.3779,14.45,0.07231,5.442,6.613,0.07635,18.26,92.25,113.9,5.135,10.837,1.609,0.0908,4.825,0.1514
2023-05-31,27210.35,1873.63,306.8,20.81,0.5166,0.3744,14.11,0.07165,5.315,6.478,0.07522,18.02,90.42,113.2,5.025,10.458,1.566,0.0925,4.692,0.1477
2023-06-01,26817.93,1861.78,304.9,20.49,0.5065,0.3644,14.09,0.07142,5.206,6.344,0.07477,17.83,94.19,113.4,4.982,10.33,1.547,0.0911,4.697,0.1482
2023-06-02,27242.59,1906.68,307.2,21.26,0.5244,0.3782,14.49,0.07256,5.278,6.45,0.08266,18.15,95.45,114.9,5.068,10.653,1.614,0.0919,4.963,0.1516
2023-06-03,27069.22,1892.06,306.6,21.19,0.5188,0.3759,14.58,0.0727,5.341,6.421,0.08177,18.13,96.03,114.9,5.085,10.7,1.617,0.0919,4.854,0.1508
2023-06-04,27115.21,1890.01,305,21.82,0.5359,0.3773,14.79,0.07249,5.314,6.452,0.08138,18.23,94.19,115.7,5.015,10.75,1.617,0.0913,4.661,0.1517
2023-06-05,25728.2,1810.5,276.9,20,0.509,0.3514,13.87,0.0664,5.065,6.054,0.07832,17,87.71,108.7,4.723,10.005,1.498,0.0879,4.216,0.1377
2023-06-06,27230.08,1884.64,281.2,20.38,0.53,0.3531,14.62,0.07025,5.202,6.261,0.07821,17.59,90.92,114.9,4.773,10.148,1.533,0.0898,4.399,0.1373
2023-06-07,26339.34,1832.13,259.3,18.64,0.5183,0.3223,14.02,0.06728,5.024,5.917,0.07675,16.91,88.85,111.1,4.552,9.434,1.414,0.0873,4.138,0.1249
2023-06-08,26498.61,1845.64,262,18.89,0.5236,0.3228,13.93,0.06796,5.023,5.995,0.07741,16.98,88.5,111.9,4.63,9.437,1.415,0.0871,4.093,0.1233
2023-06-09,26477.81,1840.37,260.5,17.4,0.538,0.2951,13.75,0.06947,4.982,5.993,0.072,16.94,89.3,110.8,4.584,9.174,1.385,0.0889,4.032,0.1238
2023-06-10,25841.21,1751.53,238.7,15.61,0.5067,0.2747,11.65,0.06175,4.517,5.233,0.06961,15.08,77.13,103.4,4.065,8.237,1.203,0.0821,3.485,0.1109
2023-06-11,25925.55,1752.76,235.4,15.55,0.5208,0.272,11.58,0.06151,4.523,5.175,0.07025,15.09,77.68,102.8,4.06,8.444,1.209,0.0835,3.429,0.1107
2023-06-12,25905.19,1742.57,231.3,15.19,0.5251,0.2748,11.52,0.06143,4.535,5.16,0.07115,15.14,77.5,102.7,4.3,8.738,1.198,0.083,3.526,0.1127
2023-06-13,25934.25,1740.12,244.2,15.04,0.5192,0.2752,11.8,0.06175,4.627,5.3,0.07192,15.27,77.5,105.3,4.289,8.649,1.199,0.0825,3.658,0.1129
2023-06-14,25128.6,1650.95,237.9,14.48,0.4801,0.2633,11.38,0.06038,4.569,5.25,0.071,14.75,73.15,101.7,4.405,8.502,1.177,0.0792,3.565,0.1129
2023-06-15,25598.49,1666.96,236.4,14.77,0.4801,0.262,11.41,0.06153,4.374,5.312,0.07098,15.08,74.6,104.9,4.428,8.665,1.196,0.0764,3.661,0.1122
2023-06-16,26345,1717.92,239.3,15.31,0.4759,0.2632,11.55,0.06219,4.422,5.324,0.07053,15.25,76.13,108.1,4.553,8.764,1.214,0.0775,3.694,0.116
2023-06-17,26516.99,1727.76,244.5,15.64,0.4794,0.2667,11.62,0.0622,4.53,5.279,0.07164,15.34,76.86,106.7,4.53,8.903,1.258,0.0797,3.708,0.1184
2023-06-18,26339.97,1720.95,244.1,15.45,0.4868,0.261,11.34,0.06212,4.536,5.156,0.07016,15.23,77.19,107,4.482,8.568,1.236,0.0795,3.681,0.115
2023-06-19,26844.35,1737.11,243.1,16.1,0.4936,0.2634,11.47,0.06245,4.53,5.133,0.06999,15.39,77.48,106.8,4.481,8.599,1.242,0.08,3.688,0.1165
2023-06-20,28307.99,1791.99,247.7,16.64,0.4929,0.2705,12.12,0.06313,4.662,5.267,0.07057,15.79,80.33,110,4.572,8.77,1.298,0.0827,3.785,0.1214
2023-06-21,29993.89,1889.11,248.8,17.23,0.4999,0.2862,12.9,0.06561,4.821,5.556,0.07233,16.79,85.05,135.9,4.772,9.038,1.339,0.0868,3.921,0.1258
2023-06-22,29884.92,1872.01,240.8,16.62,0.4938,0.2899,12.65,0.06555,4.825,5.558,0.07226,16.62,85.93,133.5,4.732,9.002,1.324,0.0867,3.921,0.1248
2023-06-23,30688.5,1892.63,244.3,17.13,0.4961,0.2966,13.29,0.06823,5.098,6.07,0.07315,18.89,91.26,182.2,4.86,9.31,1.382,0.0895,4.042,0.1351
2023-06-24,30527.43,1874.96,236.4,16.64,0.4865,0.2892,13.01,0.06669,5.008,6.133,0.0722,19.23,89.71,212.7,4.734,9.385,1.412,0.0904,3.927,0.1328
2023-06-25,30462.66,1898.8,238.8,16.96,0.4903,0.2921,13.44,0.06672,5.194,6.157,0.07313,18.35,88.2,194.3,5.43,9.452,1.4,0.0916,4.121,0.137
2023-06-26,30267.99,1858.97,236.1,16.27,0.479,0.2805,13.15,0.06474,5.024,6.057,0.07383,18.61,87.21,223.7,5.267,9.185,1.486,0.0921,3.956,0.1294
2023-06-27,30692.44,1889.58,237.5,16.63,0.4838,0.2867,13.2,0.06556,5.096,6.198,0.07432,18.69,88.07,229.9,5.279,9.428,1.476,0.1028,4.028,0.1272
2023-06-28,30077.41,1828.02,230.6,15.97,0.4647,0.2669,12.34,0.06257,4.879,5.815,0.07375,17.48,83.02,225.1,4.834,9.126,1.363,0.1004,3.771,0.1186
2023-06-29,30447.31,1851.99,233.1,17.99,0.4747,0.2752,12.67,0.06342,4.985,5.891,0.07445,18.02,84.73,253.4,4.922,8.976,1.35,0.1021,3.832,0.1201
2023-06-30,30472,1933.79,240.3,18.86,0.4729,0.2869,13.03,0.06646,5.18,6.313,0.0762,20.92,108.7,304.2,5.272,9.289,1.385,0.1107,3.948,0.1217
2023-07-01,30585.9,1924.5,247.9,18.7,0.4732,0.2924,12.99,0.06851,5.351,6.503,0.07726,20.88,107.1,291.3,5.587,9.559,1.485,0.1075,4.107,0.128
2023-07-02,30617.03,1937.48,246.5,19.45,0.4845,0.2916,13.13,0.06801,5.496,6.54,0.07603,20.38,113.58,299.2,5.568,9.599,1.467,0.1073,4.109,0.1236
2023-07-03,31156.2,1955.54,246.5,19.26,0.489,0.2967,13.25,0.06845,5.431,6.628,0.07731,20.07,107.27,292.2,5.523,9.942,1.456,0.1059,4.734,0.1283
2023-07-04,30766.51,1936.2,242.5,19.13,0.4872,0.2924,13.04,0.0689,5.348,6.521,0.07703,19.51,104.27,272.4,5.507,9.684,1.399,0.1033,4.546,0.1241
2023-07-05,30504.81,1910.36,238.9,19,0.4777,0.2839,12.67,0.06701,5.208,6.299,0.07707,19.38,102.6,272,5.408,9.396,1.355,0.1006,4.6,0.1198
2023-07-06,29895.43,1846.17,232.2,19.61,0.4622,0.2784,12.37,0.06485,5.014,6.08,0.07711,18.71,95.25,275,5.265,9.181,1.311,0.096,4.318,0.113
2023-07-07,30344.7,1870.91,235.6,21.5,0.4687,0.2844,12.74,0.0654,5.119,6.156,0.07882,19.22,98.23,278.3,5.478,9.169,1.331,0.0974,4.403,0.1123
2023-07-08,30284.63,1865.24,236.3,21.81,0.4704,0.2907,13.64,0.06573,5.128,6.196,0.08007,19,97.79,272,5.251,9.208,1.383,0.0997,4.338,0.1116
2023-07-09,30160.71,1862.8,234.1,21.32,0.468,0.2844,13.58,0.06536,5.081,6.15,0.07748,18.63,95.08,265.6,5.231,9.426,1.327,0.099,4.335,0.1105
2023-07-10,30411.57,1880.4,246.2,21.3,0.478,0.2878,13.39,0.06523,5.131,6.167,0.07754,18.96,96.72,274.7,5.238,9.242,1.332,0.0999,4.321,0.11
2023-07-11,30622.1,1878.3,248.6,22.07,0.4753,0.2927,13.27,0.06528,5.214,6.206,0.07734,18.88,96.77,274,5.265,9.198,1.33,0.0985,4.296,0.1087
2023-07-12,30380,1871.82,243.9,21.94,0.471,0.289,13.01,0.06503,5.147,6.252,0.07784,18.77,96.21,282.2,5.276,9.069,1.329,0.0961,4.236,0.1058
2023-07-13,31454.23,2004.49,256.1,26.01,0.8153,0.3567,14.11,0.07042,5.545,7.124,0.08171,20.19,101.85,273.9,5.873,9.889,1.464,0.1552,4.672,0.1219
2023-07-14,30312.01,1937.83,248.1,26.67,0.7179,0.3277,14.64,0.06849,5.451,6.958,0.07988,19.07,95.13,264,5.872,9.787,1.499,0.135,4.438,0.1133
2023-07-15,30289.52,1931.41,251.1,27.46,0.7145,0.326,14.84,0.07197,5.432,6.918,0.08082,19.28,94.78,253.3,5.814,9.712,1.491,0.1278,4.436,0.1137
2023-07-16,30231.99,1922.11,242.3,27.42,0.7468,0.3146,14.29,0.06952,5.311,6.607,0.0798,18.79,92.89,249.9,5.724,9.395,1.446,0.1313,4.355,0.1157
2023-07-17,30138,1911.2,244.1,26.8,0.7374,0.3118,14.4,0.06982,5.304,7.186,0.07997,19.06,92.2,241.9,5.915,9.431,1.501,0.1291,4.345,0.1203
2023-07-18,29859.13,1897.21,240.2,25.54,0.7779,0.3095,13.8,0.06866,5.181,6.911,0.07978,18.74,91.56,243.6,5.912,9.288,1.47,0.1324,4.28,0.114
2023-07-19,29909.21,1888.63,240.8,26.31,0.8199,0.3226,13.99,0.07003,5.193,6.915,0.08031,18.77,91.99,244,5.873,9.184,1.466,0.1564,4.259,0.1138
2023-07-20,29800,1891.59,242.8,25.38,0.7942,0.3161,13.88,0.07062,5.355,8.361,0.08073,18.7,92.37,244,6.015,9.372,1.53,0.1632,4.44,0.1151
2023-07-21,29901.72,1891.73,243.7,25.5,0.7713,0.3127,13.98,0.07322,5.485,8.133,0.08043,18.75,94.09,246.1,6.205,9.426,1.48,0.1572,4.477,0.1154
2023-07-22,29794,1866.52,241.1,24.52,0.7331,0.31,13.53,0.07047,5.314,7.881,0.0839,18.48,92.09,239.4,5.992,9.265,1.444,0.1556,4.457,0.1145
2023-07-23,30083.75,1888.73,242.5,24.76,0.7384,0.3171,13.54,0.0718,5.391,7.89,0.08337,18.7,93.16,249.5,6.14,9.278,1.455,0.1559,4.562,0.1158
2023-07-24,29176.5,1850,238.9,23.37,0.7021,0.3053,13.11,0.0742,5.209,7.586,0.08148,18.1,89.14,238.4,5.78,9.005,1.38,0.1456,4.523,0.1098
2023-07-25,29228.91,1857.66,237.7,23.27,0.7089,0.3037,13.33,0.08185,5.175,7.392,0.0819,18.08,89.45,237.1,5.792,8.955,1.348,0.1449,4.402,0.11
2023-07-26,29351.96,1872,239,25.17,0.7161,0.3069,13.27,0.07793,5.235,7.742,0.08242,18.3,90.64,242.2,5.843,8.988,1.365,0.1557,4.331,0.1108
2023-07-27,29222.78,1861.28,240.6,25.1,0.7139,0.3077,13.15,0.07761,5.239,7.989,0.08265,18.39,90.6,245.2,5.874,8.914,1.379,0.1593,4.431,0.11
2023-07-28,29314.14,1874.19,241.9,24.82,0.712,0.3099,13.22,0.07717,5.219,7.77,0.08506,18.47,91.44,241.2,6.011,9.024,1.39,0.1598,4.394,0.1105
2023-07-29,29352.9,1880.46,242.4,25.17,0.7121,0.313,13.23,0.08023,5.248,7.842,0.08322,18.61,94.32,241.8,6.323,9.077,1.406,0.1583,4.419,0.1114
2023-07-30,29281.09,1861.79,242.5,24.25,0.7046,0.3156,13.12,0.07802,5.184,7.555,0.07999,18.87,94.03,253,6.418,9.008,1.396,0.1565,4.314,0.1095
2023-07-31,29232.25,1856.14,241,23.73,0.6976,0.307,12.82,0.07786,5.109,7.547,0.07792,18.5,92.28,247.9,6.528,8.862,1.37,0.15,4.258,0.1098
2023-08-01,29705.99,1873.47,247.7,24.05,0.7069,0.3103,12.89,0.07815,5.208,7.641,0.07866,18.53,93.94,245.1,6.686,8.98,1.415,0.1537,4.282,0.1109
2023-08-02,29186.01,1839.9,240.7,23.15,0.685,0.2993,12.55,0.07422,5.061,7.351,0.07632,18.08,87.54,229.1,6.158,8.717,1.398,0.144,4.261,0.1069
2023-08-03,29193.64,1835.81,241.1,22.65,0.663,0.2922,12.44,0.07358,4.979,7.125,0.07714,17.93,82.55,225.2,6.098,8.616,1.36,0.139,4.106,0.1063
2023-08-04,29113.99,1830.23,241.7,22.8,0.6356,0.2935,12.41,0.07347,4.993,7.143,0.07679,17.93,82.2,227.7,6.07,8.479,1.341,0.1364,4.095,0.106
2023-08-05,29072.13,1836.48,243.2,22.65,0.6288,0.2938,12.45,0.07571,4.974,7.231,0.07754,17.94,83.12,226.7,6.091,8.507,1.354,0.1391,4.102,0.1065
2023-08-06,29088.42,1830.28,243.2,23.2,0.624,0.2923,12.59,0.07427,5.005,7.102,0.07699,17.83,82.57,223.1,5.954,8.486,1.339,0.1394,4.164,0.1098
2023-08-07,29211.06,1829.1,242.1,23.12,0.6236,0.291,12.47,0.07354,4.971,7.324,0.07685,17.71,82.49,237.7,5.876,8.499,1.34,0.1429,4.107,0.112
2023-08-08,29770.42,1856.3,245.2,24.22,0.6418,0.2974,12.68,0.07496,5.059,7.461,0.07677,17.94,83.86,238.4,6.081,8.521,1.36,0.1429,4.143,0.1132
2023-08-09,29581.99,1855.35,243.8,24.38,0.6433,0.3013,12.62,0.07541,5.059,7.678,0.07674,17.85,84.08,238.7,6.249,8.545,1.349,0.1416,4.15,0.113
2023-08-10,29455.75,1852.47,241.5,24.62,0.6331,0.2965,12.48,0.07588,5.006,7.619,0.07734,17.74,83.14,231.9,6.191,8.416,1.336,0.1389,4.141,0.1125
2023-08-11,29426.03,1848.84,239.7,24.62,0.6318,0.2933,12.44,0.07574,5.007,7.492,0.07723,17.64,83.58,229.1,6.201,8.349,1.333,0.1397,4.11,0.1123
2023-08-12,29430.17,1849.93,240.3,24.91,0.6276,0.2919,12.39,0.0767,5.04,7.442,0.07751,17.73,83.47,228.7,6.224,8.421,1.343,0.1379,4.129,0.1157
2023-08-13,29303.84,1840.73,240.2,24.23,0.6256,0.2894,12.27,0.07479,4.987,7.369,0.07711,17.53,81.92,228.4,6.086,8.375,1.34,0.1378,4.096,0.1169
2023-08-14,29430.93,1845.5,240.4,25.18,0.6343,0.2906,12.37,0.07469,4.989,7.412,0.07748,17.51,82.11,230.2,6.261,8.516,1.337,0.1362,4.077,0.115
2023-08-15,29200,1828.98,236.7,23.9,0.6104,0.282,11.83,0.07093,4.818,7.043,0.07634,16.71,79.26,228.9,5.953,8.109,1.281,0.1303,3.857,0.1083
2023-08-16,28730.51,1807.81,232,22.82,0.5889,0.2747,11.38,0.06717,4.672,6.762,0.07465,16.24,74.56,208.2,5.459,7.802,1.21,0.1267,3.729,0.1028
2023-08-17,26623.41,1681.49,218.1,21.66,0.5064,0.2553,10.57,0.06102,4.429,6.189,0.07265,14.93,64.77,184.2,4.989,7.387,1.12,0.1132,3.438,0.093
2023-08-18,26054,1661.59,216.1,21.34,0.5062,0.264,10.81,0.06326,4.51,6.176,0.07297,15.43,63.98,187.5,4.907,7.571,1.143,0.1167,3.501,0.0954
2023-08-19,26100.01,1669.67,216.8,21.9,0.5199,0.2688,10.81,0.06379,4.517,6.181,0.07408,15.56,64.18,187.1,4.909,7.703,1.166,0.1238,3.571,0.0967
2023-08-20,26189.99,1685.24,216.5,21.77,0.5384,0.2703,10.86,0.06384,4.519,6.22,0.07591,15.57,65.25,188.9,4.903,7.866,1.168,0.1297,3.564,0.0972
2023-08-21,26126.92,1667.55,210.4,21.2,0.5245,0.2628,10.36,0.06252,4.427,6.174,0.0751,15.79,67,185.7,4.765,7.546,1.131,0.1248,3.415,0.0963
2023-08-22,26056,1634.99,210.9,20.59,0.521,0.2588,10.15,0.06259,4.423,6.112,0.07548,15.52,64.83,184.9,4.67,7.401,1.172,0.1207,3.393,0.0973
2023-08-23,26432.72,1679.61,216.6,21.74,0.5301,0.2681,10.33,0.06379,4.489,6.352,0.0776,16.2,65.64,193.8,4.765,7.429,1.21,0.1275,3.452,0.0987
2023-08-24,26180.05,1661.16,219,21.06,0.5187,0.2659,10.12,0.06308,4.424,6.084,0.07664,16.04,64.88,194.2,4.659,7.206,1.195,0.1239,3.3,0.0975
2023-08-25,26060.01,1653.8,218.4,20.42,0.5258,0.2612,10.04,0.06312,4.49,6.014,0.07724,16.01,65.13,192.1,4.551,7.246,1.191,0.1239,3.237,0.0968
2023-08-26,26017.37,1647.04,216.5,20.29,0.5231,0.261,10.09,0.06289,4.507,6.006,0.07745,15.86,65.01,190.1,4.601,7.154,1.192,0.1209,3.26,0.0954
2023-08-27,26101.77,1658.33,218.4,20.79,0.5236,0.2634,10.2,0.06318,4.489,6.03,0.07755,16.02,65.39,197.8,4.685,7.18,1.179,0.121,3.318,0.0953
2023-08-28,26120,1653.08,218.8,20.56,0.5232,0.2676,10.37,0.06345,4.61,5.981,0.07634,15.91,65.52,190.7,4.672,7.267,1.194,0.12,3.395,0.0973
2023-08-29,27716.34,1729.42,226.9,21.79,0.5398,0.2726,10.81,0.0664,4.678,6.194,0.07732,16.89,68.86,225.2,4.799,7.443,1.227,0.1245,3.498,0.1006
2023-08-30,27299.99,1705.23,223.8,20.82,0.5284,0.2654,10.41,0.06588,4.534,5.925,0.07562,16.01,67.65,215.9,4.64,7.221,1.204,0.1204,3.416,0.0969
2023-08-31,25940.78,1645.76,216.7,19.74,0.511,0.2554,9.98,0.06376,4.271,5.879,0.07673,15.53,63.89,207.6,4.372,6.924,1.156,0.1149,3.214,0.0931
2023-09-01,25805.05,1629.12,213.7,19.33,0.498,0.2551,9.92,0.06388,4.218,5.941,0.07608,15.37,62.98,199.6,4.262,6.665,1.127,0.1142,3.173,0.0921
2023-09-02,25869.51,1637.03,214.4,19.5,0.4988,0.2562,9.92,0.06348,4.261,5.972,0.07702,15.45,64.59,195,4.4,6.825,1.121,0.1135,3.188,0.0944
2023-09-03,25971.21,1635.84,214.4,19.57,0.5047,0.2559,9.88,0.06317,4.259,6.027,0.07703,15.38,63.93,196.1,4.411,6.805,1.125,0.1187,3.166,0.0945
2023-09-04,25826.02,1630.51,215.2,19.52,0.5087,0.2561,9.81,0.06326,4.26,6.012,0.07751,15.37,63.75,193.9,4.443,6.723,1.127,0.1244,3.178,0.094
2023-09-05,25792.1,1634.45,214.6,20.26,0.5056,0.2578,9.91,0.06402,4.257,6.137,0.07746,15.39,63.15,192.1,4.38,6.813,1.128,0.1224,3.236,0.0942
2023-09-06,25759.95,1633.15,215.2,19.64,0.5033,0.2577,9.95,0.06365,4.272,6.302,0.07893,15.49,62.87,193.1,4.461,6.895,1.131,0.1239,3.246,0.0942
2023-09-07,26255,1648.11,217.1,19.92,0.505,0.2579,10.1,0.06365,4.294,6.387,0.07917,15.58,63.71,193.6,4.477,6.948,1.154,0.1255,3.265,0.0979
2023-09-08,25910.5,1636.44,214.7,19.61,0.505,0.2544,9.93,0.06371,4.253,6.28,0.07915,15.43,62.61,193.1,4.366,6.837,1.151,0.127,3.227,0.0963
2023-09-09,25901.61,1635.54,214.1,19.44,0.5038,0.2533,9.84,0.06339,4.236,6.165,0.07917,15.4,63.06,193.1,4.321,6.851,1.166,0.1315,3.24,0.0941
2023-09-10,25841.61,1617.42,212.4,18.24,0.4969,0.249,9.47,0.0613,4.149,6.015,0.0783,15.08,61.11,190.3,4.22,6.66,1.151,0.1338,3.113,0.0921
2023-09-11,25162.52,1551.85,206.1,17.72,0.4744,0.2421,9.23,0.06049,3.989,5.829,0.07755,14.71,58.85,184.2,4.112,6.375,1.102,0.1285,3.026,0.0887
2023-09-12,25840.1,1592.97,210.7,17.92,0.4804,0.2455,9.22,0.0609,3.986,5.957,0.08075,14.97,59.96,198.5,4.196,6.38,1.071,0.1211,3.089,0.0895
2023-09-13,26222,1607.62,212.5,18.4,0.4832,0.2487,9.29,0.06126,3.998,6.02,0.08123,15.16,61.98,199.6,4.255,6.539,1.089,0.1208,3.174,0.0909
2023-09-14,26522.73,1626.47,212.2,18.85,0.4892,0.2513,9.4,0.06208,4.058,6.151,0.08377,15.26,62.83,207.8,4.27,6.834,1.109,0.1204,3.233,0.0934
2023-09-15,26600,1641.29,214.1,19.14,0.5005,0.2505,9.43,0.0625,4.139,6.367,0.08405,15.69,65.89,217.2,4.351,6.933,1.13,0.1203,3.367,0.0964
2023-09-16,26559.67,1634.4,214.9,19.12,0.4998,0.2503,9.38,0.06214,4.185,6.281,0.08352,15.66,65.38,214.6,4.336,7.144,1.128,0.1194,3.322,0.0976
2023-09-17,26527.51,1622.48,216.5,18.81,0.4925,0.2471,9.1,0.06147,4.07,6.146,0.08334,15.42,63.55,209.9,4.282,6.943,1.095,0.1161,3.329,0.095
2023-09-18,26762.51,1636.66,216,19.64,0.503,0.2516,9.11,0.06198,4.106,6.567,0.08388,15.69,65.89,217.3,4.363,7.384,1.1,0.1181,3.331,0.0964
2023-09-19,27210.26,1643.12,217.2,20.03,0.514,0.2548,9.21,0.06268,4.152,6.846,0.08455,15.75,67.28,218.7,4.407,7.503,1.121,0.1184,3.368,0.0972
2023-09-20,27125,1622.26,214.4,20.29,0.5212,0.2517,9.05,0.06262,4.138,6.905,0.08444,15.58,64.55,215.4,4.363,7.292,1.121,0.1169,3.366,0.1003
2023-09-21,26568.08,1583.94,210.8,19.46,0.5071,0.2449,8.83,0.06131,4.012,6.664,0.08301,15.22,64.69,208.5,4.243,7.148,1.125,0.1138,3.214,0.0973
2023-09-22,26580.14,1593.08,211.1,19.43,0.5122,0.2449,8.87,0.06152,4.019,6.958,0.08334,15.19,64.37,207.8,4.261,7.131,1.122,0.1146,3.223,0.102
2023-09-23,26575.96,1593.86,210.5,19.49,0.5076,0.2461,8.9,0.06152,4.033,7.189,0.08362,15.26,65.07,208.2,4.28,7.085,1.115,0.1142,3.241,0.1006
2023-09-24,26248.38,1580.71,208.3,19.36,0.5021,0.2427,8.78,0.06069,3.993,6.972,0.0836,15.09,63.58,204.7,4.235,6.98,1.096,0.1123,3.21,0.1012
2023-09-25,26304.81,1588.33,209.9,19.39,0.5056,0.2459,8.95,0.06094,4.068,7.494,0.08466,15.22,64.33,210.5,4.271,7.039,1.101,0.113,3.211,0.0977
2023-09-26,26221.67,1594.01,212.6,19.03,0.5019,0.2455,9.04,0.06062,4.013,7.356,0.08471,15.12,63.8,214.6,4.26,6.958,1.08,0.1119,3.171,0.0955
2023-09-27,26372.99,1598.64,212,19.14,0.4993,0.2446,8.92,0.06053,3.993,7.645,0.0855,15.35,63.53,229.4,4.25,6.97,1.077,0.1125,3.211,0.0957
2023-09-28,27021.39,1652.99,215,19.96,0.5098,0.2489,9.27,0.0615,4.073,7.807,0.08675,15.81,65.21,238.7,4.419,7.106,1.108,0.1142,3.313,0.0975
2023-09-29,26906.96,1667.45,215.2,20.28,0.5215,0.2494,9.17,0.06213,4.074,7.946,0.08912,15.87,65.55,235,4.402,7.102,1.121,0.1128,3.336,0.1015
2023-09-30,26962.56,1670.89,214.6,21.37,0.5149,0.254,9.24,0.06207,4.103,8.191,0.0886,16.35,65.97,233.9,4.456,7.235,1.133,0.1123,3.354,0.1033
2023-10-01,27992.57,1733.79,218.2,23.87,0.5241,0.2659,9.75,0.06319,4.263,8.054,0.09011,16.7,68.19,242.3,4.653,7.565,1.16,0.1143,3.465,0.1063
2023-10-02,27494.51,1662.4,214.6,23.37,0.5123,0.2591,9.31,0.062,4.12,7.47,0.08744,16.14,65.97,246.3,4.457,7.144,1.115,0.1115,3.331,0.1013
2023-10-03,27426.46,1656.88,213.5,23.6,0.539,0.261,9.42,0.06137,4.077,7.409,0.09071,15.7,65.5,230.3,4.362,7.063,1.099,0.1147,3.309,0.1012
2023-10-04,27778.57,1646.58,213.4,23.13,0.5326,0.2589,10.1,0.06147,4.042,7.674,0.08891,15.63,64.4,233.1,4.307,6.963,1.098,0.1124,3.311,0.0993
2023-10-05,27410.39,1611.79,210.6,22.7,0.5227,0.2602,10.14,0.06086,4.024,7.465,0.08824,15.44,64.8,230.9,4.306,6.83,1.073,0.1107,3.258,0.1002
2023-10-06,27931.09,1645.03,213.4,23.41,0.5255,0.2646,10.66,0.06137,4.068,7.639,0.08719,15.72,65.5,230.8,4.395,6.909,1.093,0.1118,3.335,0.1007
2023-10-07,27956.67,1633.57,212.3,23.3,0.5216,0.2587,10.35,0.06143,4.051,7.524,0.08808,15.66,65.45,230.2,4.374,6.963,1.091,0.1111,3.447,0.1
2023-10-08,27917.05,1632.84,211.4,23.22,0.5174,0.2563,10.09,0.06096,4.012,7.673,0.08802,15.49,65.34,227.8,4.337,6.942,1.094,0.1107,3.394,0.1013
2023-10-09,27590.12,1580.13,205.8,22.1,0.5027,0.2513,9.54,0.05873,3.881,7.276,0.08613,15.04,63.07,218.4,4.144,6.832,1.041,0.106,3.226,0.0965
2023-10-10,27390.12,1567.63,208.6,22.11,0.4965,0.249,9.53,0.05913,3.811,7.259,0.08622,14.94,63.61,212.2,4.12,6.68,1.043,0.1043,3.195,0.0951
2023-10-11,26875.52,1566.87,206.6,22.01,0.4888,0.2481,9.3,0.05851,3.74,7.391,0.08603,14.94,61.55,214.1,4.129,6.706,1.029,0.1034,3.176,0.0951
2023-10-12,26759.63,1539.61,205.1,21.28,0.483,0.246,9.12,0.05788,3.676,7.197,0.08481,14.79,61.12,214,4.002,6.584,1.012,0.1025,3.21,0.0936
2023-10-13,26862,1552.16,206.1,21.84,0.4851,0.2458,9.15,0.05839,3.721,7.256,0.08549,14.85,61.58,217.2,4.031,6.565,1.009,0.1029,3.208,0.0951
2023-10-14,26852.48,1554.94,206.5,22,0.4865,0.247,9.15,0.05984,3.735,7.331,0.08501,14.99,61.62,214.5,4.084,6.581,1.01,0.1042,3.212,0.0953
2023-10-15,27154.15,1557.77,209.7,21.93,0.4874,0.2473,9.17,0.05931,3.753,7.423,0.08667,14.94,61.63,215.1,4.102,6.6,1.027,0.1063,3.225,0.0943
2023-10-16,28500.78,1599.42,214.6,23.95,0.4978,0.2513,9.4,0.06,3.776,7.525,0.08885,15.24,63.19,230.8,4.119,6.627,1.033,0.1074,3.249,0.0948
2023-10-17,28395.91,1565.01,211.4,23.93,0.4912,0.2463,9.1,0.05904,3.67,7.32,0.08854,14.96,62.07,226.4,3.888,6.443,1.009,0.1029,3.206,0.0914
2023-10-18,28320,1563.44,210.2,23.42,0.4878,0.243,8.91,0.05858,3.654,7.356,0.08915,14.81,60.23,226.8,3.931,6.292,0.998,0.1032,3.174,0.0899
2023-10-19,28713.71,1566.57,211.2,24.93,0.5197,0.2469,9.06,0.05887,3.649,7.304,0.08999,14.8,61.78,227.3,3.929,6.263,0.987,0.1074,3.191,0.0897
2023-10-20,29669.04,1603.89,212.1,27.03,0.5149,0.2512,9.22,0.0599,3.718,7.57,0.09074,15.3,63.38,240.4,3.998,6.407,1.005,0.1074,3.214,0.0913
2023-10-21,29909.8,1628.94,214.2,29.32,0.5208,0.2586,9.63,0.06119,3.909,8.914,0.0916,15.74,64.75,244,4.141,6.629,1.041,0.1107,3.341,0.0942
2023-10-22,29992.46,1663.7,217.8,29.05,0.5226,0.2639,10.09,0.0617,3.967,10.19,0.09031,15.88,65.26,243.4,4.213,6.755,1.056,0.1108,3.423,0.0943
2023-10-23,33069.99,1765.46,228.5,31.88,0.5475,0.2807,10.58,0.06742,4.357,10.577,0.09219,16.64,69.02,262,4.378,7.032,1.101,0.1161,3.861,0.0983
2023-10-24,33922.73,1784.98,225.2,30.17,0.5588,0.2792,10.32,0.0666,4.19,10.372,0.09236,16.46,69.15,251.9,4.22,7.002,1.138,0.1143,3.833,0.1008
2023-10-25,34496.05,1787.15,222.1,32.44,0.5552,0.2808,10.52,0.06832,4.291,11.058,0.09351,16.39,68.71,254.2,4.167,7.116,1.143,0.1144,3.771,0.1009
2023-10-26,34151.66,1803.38,223.2,32.77,0.5533,0.2872,11.05,0.07185,4.234,10.928,0.09285,16.56,68.76,247.3,4.111,7.168,1.191,0.1132,3.732,0.1012
2023-10-27,33892.02,1779.4,224.1,31.73,0.543,0.2893,10.59,0.06776,4.135,11.185,0.09353,16.07,66.99,239.3,4.024,7.027,1.221,0.1119,3.591,0.0992
2023-10-28,34081,1776.2,225.7,31.63,0.5446,0.2909,10.97,0.069,4.181,10.923,0.09433,16.22,67.73,245,4.084,7.183,1.219,0.114,3.735,0.1017
2023-10-29,34525.89,1795.14,227.1,32.83,0.5561,0.2954,11.37,0.06935,4.315,11.081,0.09489,16.65,68.79,246.1,4.153,7.314,1.277,0.1157,3.795,0.1065
2023-10-30,34474.73,1809.04,228,34.94,0.578,0.3031,11.46,0.06959,4.525,11.22,0.09558,16.78,69.21,245.8,4.179,8.105,1.32,0.1189,3.857,0.1121
2023-10-31,34639.77,1814.67,226.2,38.4,0.5996,0.293,11.33,0.06827,4.449,11.353,0.09715,17.48,68.89,244.9,4.148,7.929,1.332,0.1212,3.828,0.1093
2023-11-01,35421.43,1846.99,227.9,41.15,0.6085,0.3071,12.23,0.06894,4.727,11.638,0.10014,17.76,69.97,245.3,4.795,7.886,1.527,0.1225,3.938,0.1144
2023-11-02,34941.59,1800.8,231.9,40.23,0.6054,0.323,11.88,0.0679,4.629,11.007,0.09922,17.3,69.43,235.5,4.693,7.833,1.524,0.1196,4.091,0.1113
2023-11-03,34716.78,1832.71,230.2,39.45,0.6121,0.3292,12.11,0.06807,4.61,11.46,0.09722,17.26,69.45,237.6,4.653,7.754,1.473,0.1225,3.925,0.1115
2023-11-04,35062.07,1855.54,237.1,42.41,0.6149,0.3278,12.22,0.06908,4.681,11.496,0.09765,17.47,70.41,240.4,4.711,8.093,1.511,0.1236,4.002,0.1149
2023-11-05,35011.88,1891.71,244,41.15,0.6607,0.3419,12.35,0.07108,4.762,12.231,0.09808,17.98,71.6,237.5,4.772,8.358,1.636,0.1255,4.11,0.1212
2023-11-06,35046.09,1900.95,255.1,42.16,0.7148,0.3624,13.08,0.07637,4.967,12.984,0.09765,18.52,74.46,242.8,5.109,8.738,1.583,0.1311,4.34,0.1291
2023-11-07,35399.12,1885.27,246.2,42.93,0.685,0.3512,12.81,0.07338,4.927,13.04,0.09658,18.12,73.41,243.9,4.928,8.463,1.446,0.1266,4.236,0.1235
2023-11-08,35624.72,1888.12,246.7,43.13,0.6869,0.3577,12.99,0.07534,5.033,14.919,0.09833,18.32,73.07,245.5,5.179,8.65,1.47,0.1276,4.43,0.127
2023-11-09,36701.09,2121.32,251.6,45.29,0.6665,0.3684,12.96,0.07357,5.09,14.603,0.09889,20.68,73.83,240.1,5.123,9.023,1.438,0.123,4.499,0.1238
2023-11-10,37301.63,2077.72,251,56.67,0.6595,0.3859,14.74,0.07539,5.3,15.493,0.10622,20.74,73.28,239.7,5.28,9.178,1.553,0.1237,4.584,0.128
2023-11-11,37130,2053.17,251.5,56.34,0.6626,0.3844,16.79,0.07849,5.557,16.477,0.108,20.05,75.26,236.7,5.393,9.239,1.598,0.125,4.739,0.1335
2023-11-12,37064.13,2044.68,247.4,56.28,0.6613,0.3834,18.98,0.07795,5.709,16.025,0.10851,20.05,74.88,236.6,5.417,9.527,1.701,0.1244,5.144,0.1461
2023-11-13,36462.93,2053.65,241.1,51.6,0.6702,0.3568,16.12,0.07456,5.348,14.358,0.10688,19.97,71.1,234,5.222,9.173,1.59,0.1223,5.012,0.1333
2023-11-14,35551.19,1979.39,242.3,56.81,0.6296,0.3579,17.05,0.07244,5.197,13.945,0.10222,19.07,70.61,232,5.061,9.118,1.538,0.1179,4.789,0.1291
2023-11-15,37858.2,2058.48,253.7,65.43,0.6481,0.3788,20.7,0.07623,5.564,15.027,0.10406,19.89,74.03,237.8,5.382,9.646,1.7,0.1214,5.219,0.1422
2023-11-16,36163.51,1961.77,242.7,57.8,0.6119,0.3706,21.71,0.07947,5.352,13.866,0.10233,19.28,70.97,234,5.196,9.594,1.721,0.1184,4.85,0.1357
2023-11-17,36613.92,1960.82,244.9,58.51,0.6133,0.3671,21.94,0.08641,5.244,13.702,0.10371,19.38,70.29,229.7,5.108,9.39,1.872,0.1184,4.737,0.136
2023-11-18,36568.1,1962.6,244.8,58.56,0.6106,0.3772,21.99,0.08028,5.289,13.75,0.1029,19.19,69.86,227.3,5.064,9.231,1.77,0.1193,4.716,0.1345
2023-11-19,37359.86,2011.47,246.4,61.1,0.6258,0.384,22.85,0.08046,5.434,14.908,0.10349,19.59,70.54,230.1,5.234,9.365,1.985,0.121,4.881,0.1406
2023-11-20,37448.78,2021.4,253.1,56.57,0.6122,0.3804,20.85,0.07768,5.302,14.477,0.10096,19.44,69.51,226.2,5.187,8.966,1.997,0.1197,4.687,0.1414
2023-11-21,35741.65,1933.01,225.5,51.65,0.5788,0.3566,19.02,0.07176,4.858,13.359,0.09612,18.06,66.15,216.4,4.85,8.203,1.75,0.1134,4.192,0.1234
2023-11-22,37408.34,2063.21,236.1,57.56,0.6109,0.3805,20.78,0.07575,5.174,14.212,0.10115,18.98,68.7,223.8,6.109,8.806,1.824,0.1182,4.474,0.1323
2023-11-23,37294.28,2062.2,233.8,56.51,0.6209,0.3873,20.64,0.0762,5.139,14.398,0.10208,18.92,69.51,225.1,6.331,8.744,1.808,0.1172,4.487,0.1306
2023-11-24,37713.57,2080.84,232.7,56.86,0.6212,0.3862,20.89,0.07818,5.242,14.482,0.10455,19.2,70.73,226.4,6.167,8.908,1.833,0.1178,4.643,0.1335
2023-11-25,37780.67,2083.09,234.4,58.82,0.6228,0.3941,21.36,0.07894,5.328,14.762,0.10895,19.42,71.87,227.6,6.167,9.491,1.885,0.1211,4.779,0.1404
2023-11-26,37447.43,2062.33,231.7,57.57,0.6157,0.3873,21.06,0.07868,5.329,14.766,0.10778,19.11,70.03,226.8,6.18,9.912,1.828,0.1198,4.595,0.1361
2023-11-27,37242.7,2027.5,227.2,55.06,0.6039,0.3777,20.35,0.07884,5.156,14.186,0.10193,18.55,69.22,223.2,6.294,9.307,1.781,0.1165,4.541,0.1317
2023-11-28,37818.87,2048.14,229.6,58.18,0.6107,0.3858,20.68,0.08083,5.275,14.521,0.10295,18.85,69.77,223.3,6.167,9.256,1.821,0.1185,4.533,0.133
2023-11-29,37854.64,2028.81,227.3,59.31,0.6091,0.3816,21.12,0.08047,5.161,14.511,0.10343,18.74,70,223.2,6.008,9.222,1.798,0.1185,4.433,0.1341
2023-11-30,37723.96,2051.96,227.6,59.3,0.6063,0.3759,21.39,0.08343,5.473,14.412,0.10347,18.65,69.42,221.4,5.959,9.249,1.879,0.1183,4.384,0.1338
2023-12-01,38682.52,2087.24,228.5,59.75,0.6125,0.3844,21.87,0.08385,5.471,14.988,0.10306,18.97,71.57,225.1,6.016,9.466,1.893,0.1198,4.505,0.1394
2023-12-02,39450.35,2164.74,229,63.66,0.6208,0.3976,22.24,0.08617,5.562,15.992,0.10317,19.59,72.2,228.2,6.172,9.635,2.008,0.1216,4.662,0.1479
2023-12-03,39972.26,2192.95,228.1,62.98,0.6229,0.3949,21.94,0.08571,5.541,15.705,0.10308,19.84,72.31,230,6.057,9.539,1.979,0.122,4.574,0.1513
2023-12-04,41991.1,2243.37,233.5,61.64,0.6245,0.4068,22.68,0.09188,5.632,15.813,0.10384,19.98,72.93,252.3,6.111,9.777,2.149,0.1222,4.732,0.1534
2023-12-05,44073.32,2293.33,231.2,61.03,0.621,0.4257,24.54,0.09435,5.907,15.729,0.10356,20.26,74.34,250.9,6.256,9.891,2.257,0.1224,4.784,0.1537
2023-12-06,43762.69,2232.7,229.4,61.85,0.64,0.4429,26.2,0.09493,6.046,15.268,0.10476,20.28,72.41,244.6,6,9.745,2.285,0.1254,4.739,0.1528
2023-12-07,43273.14,2355.73,232.6,67.74,0.6432,0.4555,26.28,0.09593,6.242,15.691,0.10416,21.98,74.02,246.9,6.293,9.902,2.267,0.1262,5.031,0.1638
2023-12-08,44170.99,2358.72,238.9,74.94,0.6721,0.5454,30.44,0.10164,6.837,16.925,0.10663,22.26,78.5,253.5,6.512,10.406,2.376,0.1322,5.219,0.1843
2023-12-09,43713.6,2340.49,237.7,72.3,0.6584,0.5791,31.91,0.09846,7.101,16.196,0.10664,22.04,76.32,252.7,6.842,10.468,2.421,0.1337,5.127,0.1995
2023-12-10,43789.51,2352.39,239.8,74.87,0.6617,0.5948,37.14,0.10186,7.348,16.367,0.10784,21.96,77.18,251.1,6.605,10.694,2.519,0.1333,5.151,0.2015
2023-12-11,41253.4,2225.12,246.4,70.25,0.6187,0.5507,38.04,0.09413,6.709,14.768,0.10383,20.16,72.67,230.5,6.1,9.86,2.24,0.1234,4.615,0.2026
2023-12-12,41492.39,2203.46,254.6,68.6,0.6192,0.5784,37.49,0.09381,7.131,14.523,0.10359,20.31,72.37,231.8,6.232,11.744,2.305,0.1231,4.649,0.1981
2023-12-13,42869.03,2260.16,252,70.62,0.6275,0.6675,38.99,0.09642,7.603,14.77,0.1043,20.75,73.12,235.3,6.296,11.657,2.328,0.1249,4.722,0.2009
2023-12-14,43022.26,2315.32,253.3,75.68,0.6316,0.6433,39.3,0.0983,7.507,15.37,0.106,20.88,72.93,237.3,6.361,11.534,2.322,0.1276,4.86,0.2163
2023-12-15,41940.3,2220.5,244.9,72.51,0.6156,0.6004,39.71,0.09303,6.951,14.281,0.10156,19.95,70.93,227.1,6.036,10.884,2.191,0.123,4.806,0.1961
2023-12-16,42278.03,2228.96,244.4,73.72,0.6203,0.6078,42.22,0.09713,7.092,14.32,0.10282,20.74,72.19,229.8,6.167,12.05,2.39,0.1247,5.696,0.1982
2023-12-17,41374.65,2196.52,238.8,70.87,0.6103,0.5804,40.62,0.09295,6.784,14.013,0.10203,19.96,71.18,225.9,6.063,11.104,2.266,0.1221,5.28,0.1904
2023-12-18,42657.8,2219.43,241.7,74.42,0.6125,0.6021,41.16,0.09213,6.885,14.674,0.1009,19.92,70.85,228.1,5.945,10.902,2.29,0.1213,5.305,0.1955
2023-12-19,42275.99,2177.91,252.9,73,0.6047,0.5761,39.74,0.09023,6.706,14.1,0.1006,19.65,70.73,225.2,5.834,10.421,2.431,0.1195,5.108,0.1923
2023-12-20,43668.93,2202.17,260.3,82.21,0.6171,0.5894,43.46,0.0915,6.951,14.253,0.10273,20.18,69.83,229.5,5.926,10.663,2.845,0.122,5.33,0.1983
2023-12-21,43861.8,2239.61,272.1,93.84,0.6241,0.6351,45.97,0.09499,8.42,15.305,0.10463,20.65,70.93,233,6.182,11.402,3.538,0.1247,5.499,0.2239
2023-12-22,43969.04,2324.54,271.1,97.9,0.6244,0.6226,45.35,0.09499,7.954,15.479,0.10508,21.9,73.58,238.2,6.392,11.399,3.36,0.1266,5.53,0.2396
2023-12-23,43702.16,2308.2,271,107.88,0.6195,0.613,48.05,0.09346,8.326,15.682,0.10676,21.47,72.45,232.7,6.339,11.33,3.902,0.1266,5.64,0.2354
2023-12-24,42991.5,2264.05,264.5,112.45,0.6121,0.5919,47.68,0.09171,8.611,15.262,0.1062,20.84,71.12,228.9,6.842,11.233,3.798,0.1258,5.637,0.2307
2023-12-25,43576.13,2271.35,266.9,120.91,0.6462,0.6242,48.18,0.09435,9.191,15.585,0.10586,21.44,72.22,234.8,6.969,11.894,4.25,0.131,5.79,0.2383
2023-12-26,42508.93,2230.88,297.7,112.49,0.6219,0.6087,44.41,0.09135,8.819,15.092,0.10305,20.84,73.24,229.3,7.346,11.637,4.301,0.126,5.757,0.235
2023-12-27,43428.85,2378.35,324.1,106.91,0.634,0.6334,42.39,0.09365,8.694,16.709,0.10534,22.72,75.98,264.1,7.237,11.96,4.083,0.1307,5.929,0.2288
2023-12-28,42563.76,2344.15,322.6,101.8,0.6346,0.6158,39.8,0.09174,8.426,16.005,0.10545,22.44,76.51,261.5,7.806,11.4,3.756,0.132,6.251,0.2339
2023-12-29,42066.95,2299.2,313.7,106.17,0.623,0.6083,40.18,0.09097,8.291,15.54,0.1056,22.49,73.25,254.1,7.568,10.986,3.62,0.1296,5.81,0.2267
2023-12-30,42140.28,2291.68,317.1,101.9,0.6207,0.6011,39.33,0.09,8.346,15.167,0.10595,22.26,73.22,270.5,7.358,10.75,3.676,0.1325,6.005,0.2211
2023-12-31,42283.58,2281.87,311.8,101.72,0.6156,0.594,38.55,0.08955,8.202,14.941,0.10764,21.92,72.83,259.7,7.222,10.6,3.65,0.129,6.92,0.2229
2024-01-01,44179.55,2352.04,313.5,109.91,0.6294,0.6232,41.94,0.09199,8.595,15.548,0.10772,22.5,74.72,267.8,7.6,11.201,3.794,0.132,7.569,0.2387
2024-01-02,44946.91,2355.34,312.2,106.73,0.6246,0.605,40.61,0.0911,8.411,15.166,0.10834,21.97,72.97,257.1,7.175,10.963,3.923,0.1291,7.174,0.2268
2024-01-03,42845.23,2209.72,315.8,98.52,0.5823,0.5569,36.8,0.08201,7.626,14.148,0.10675,20.03,65.24,234,6.433,9.922,3.771,0.1205,6.288,0.2047
2024-01-04,44151.1,2267.11,323.7,104.91,0.5868,0.5699,38.72,0.08401,7.879,14.526,0.10696,20.47,66.41,239.5,6.53,10.268,3.91,0.1216,6.495,0.2073
2024-01-05,44145.11,2268.78,317.5,99.94,0.5757,0.5414,36.46,0.08267,7.45,14.091,0.10438,20.13,66,239.3,6.434,10.328,3.552,0.1191,6.153,0.1965
2024-01-06,43968.32,2240.78,307.5,93.77,0.5679,0.5227,34.61,0.08058,7.133,13.436,0.10387,19.88,65.64,236.1,6.308,9.829,3.479,0.12,5.894,0.1897
2024-01-07,43929.02,2221.42,302.4,89.44,0.5515,0.4945,33.64,0.07824,6.899,13.151,0.1028,19.27,64.27,232.5,6.004,9.41,3.215,0.1152,5.623,0.1782
2024-01-08,46951.04,2330.44,303.7,97.88,0.5776,0.5412,36.08,0.0813,7.483,14.139,0.1042,20.32,67.73,253.9,6.24,9.95,3.416,0.1195,5.856,0.1949
2024-01-09,46110,2344.29,301.1,99.36,0.5669,0.5124,34.65,0.07923,7.129,13.716,0.10277,21.22,66.99,244.8,6.011,9.666,3.222,0.1165,5.491,0.1857
2024-01-10,46653.99,2584.38,305.8,102,0.6008,0.566,38.53,0.08307,7.991,15.072,0.10524,26.41,70.1,254.7,6.568,10.385,3.603,0.1208,5.942,0.1994
2024-01-11,46339.16,2618.01,308.2,99.9,0.6019,0.582,39.29,0.08456,8.148,15.022,0.10619,29.62,71.88,276.1,6.819,10.655,3.612,0.1234,6.459,0.2026
2024-01-12,42782.73,2522.54,296.6,92.12,0.5699,0.5476,35.93,0.08007,7.567,14.151,0.10684,29.01,72.97,259.3,6.579,9.965,3.458,0.119,5.973,0.1866
2024-01-13,42847.99,2578.19,302.2,95.85,0.5747,0.5491,36.49,0.08092,7.617,14.345,0.11424,28.59,71.98,254.1,6.632,10.208,3.404,0.1201,6.029,0.1892
2024-01-14,41732.35,2472.87,299.5,93.81,0.5763,0.5251,35.29,0.08003,7.319,14.755,0.11121,26.49,69.78,245.7,6.319,9.994,3.307,0.1181,5.814,0.1837
2024-01-15,42511.1,2511.78,317.5,94.36,0.5757,0.5276,35.61,0.08108,7.509,15.185,0.10865,26.74,69.13,250.2,6.671,10.183,3.306,0.1182,5.925,0.1884
2024-01-16,43137.95,2587.4,315.2,97.61,0.5757,0.5356,35.57,0.08134,7.493,15.271,0.10807,27.29,69.44,251.2,6.825,10.288,3.24,0.1185,5.857,0.1959
2024-01-17,42776.1,2530.19,309.4,102.1,0.5685,0.5282,36.06,0.08059,7.35,15.761,0.10838,26.18,69.46,244.2,6.77,10.153,3.308,0.1188,5.79,0.1911
2024-01-18,41327.5,2470.81,313,94.4,0.552,0.5026,33.59,0.07808,7.017,14.658,0.10813,24.46,68.11,237.7,6.32,9.7,3.083,0.1143,5.616,0.179
2024-01-19,41659.03,2492,314.7,93.62,0.5443,0.5044,32.73,0.07857,6.894,16.118,0.1105,25.33,71.29,236.8,6.357,9.71,3.01,0.1139,5.48,0.1732
2024-01-20,41696.04,2472.01,317.2,92.88,0.5534,0.516,32.89,0.08777,6.913,15.781,0.11006,24.72,71.36,239.1,6.497,9.845,2.967,0.1155,5.513,0.1721
2024-01-21,41580.33,2457.05,318.6,91.09,0.5464,0.5032,32.54,0.08546,6.817,15.396,0.10895,24.51,71.75,236.9,6.377,9.651,2.922,0.1156,5.362,0.1701
2024-01-22,39568.02,2314.2,305.9,83.84,0.5275,0.4786,29.53,0.08057,6.341,14.598,0.10931,22.95,67.36,235.7,6.048,9.18,2.649,0.1127,5.046,0.1613
2024-01-23,39897.6,2242.6,298.8,84.35,0.5183,0.4773,30.63,0.07821,6.361,14.3,0.10722,23.13,65.5,229.6,5.842,9.23,2.65,0.1116,4.893,0.1601
2024-01-24,40084.88,2235.02,293.1,88.77,0.5181,0.4765,31.2,0.07904,6.462,14.243,0.10882,23,66.13,236.3,5.866,9.344,2.68,0.1126,5.01,0.1634
2024-01-25,39961.09,2218.64,292.1,86.91,0.5138,0.4666,30.51,0.07795,6.438,13.744,0.11212,23.26,65.5,236.6,5.75,9.234,2.696,0.1118,4.967,0.1611
2024-01-26,41823.51,2267.68,302.2,92.28,0.5323,0.4849,32.26,0.07985,6.672,14.187,0.11448,23.9,67.05,241.8,5.949,9.63,2.917,0.1159,5.175,0.1665
2024-01-27,42120.63,2267.94,305.6,94.28,0.5303,0.4862,33.28,0.08014,6.669,14.345,0.11244,24.03,68.06,243.7,5.986,9.671,2.912,0.1163,5.331,0.1675
2024-01-28,42031.06,2256.9,305.3,95.98,0.5241,0.4903,34.82,0.07882,6.872,14.48,0.11224,23.5,68.35,236.9,5.942,9.429,2.88,0.1137,5.199,0.1642
2024-01-29,43302.7,2317.6,310.7,101.68,0.5352,0.526,36.06,0.08135,7.032,15.004,0.11304,24.72,68.43,241.3,6.145,9.664,3.008,0.1164,5.337,0.1689
2024-01-30,42941.1,2343.01,307.6,101.4,0.5107,0.5136,35.22,0.07972,6.836,15.475,0.11206,25.32,67.47,237.4,6.257,9.408,3.011,0.1127,5.158,0.1645
2024-01-31,42580,2283.14,300.5,96.96,0.5033,0.4976,33.17,0.07875,6.654,15.429,0.11226,24.33,66.76,234.3,6.001,9.108,2.823,0.11,4.959,0.1592
2024-02-01,43082.94,2304.28,300.2,97.81,0.5058,0.5078,33.85,0.07937,6.791,17.19,0.11564,24.42,67.54,236.6,6.049,9.136,2.855,0.1099,4.974,0.1588
2024-02-02,43200,2309.06,301.4,100.58,0.5105,0.5146,36.76,0.07928,6.947,17.828,0.11629,25.13,68.05,236.3,6.136,9.167,2.9,0.1104,5.046,0.1609
2024-02-03,43011.09,2296.49,299.7,97.96,0.5186,0.5124,35.95,0.07874,6.825,17.658,0.11724,24.86,68.81,241,6.108,9.048,2.815,0.111,5.065,0.1657
2024-02-04,42582.88,2289.79,304.7,95.49,0.5032,0.4934,34.87,0.07831,6.666,18.153,0.11843,24.99,66.94,235.2,5.981,8.966,2.754,0.1092,4.928,0.1588
2024-02-05,42708.7,2301.83,301.2,95.66,0.5069,0.4944,34.55,0.07835,6.737,19.164,0.11898,24.31,67.7,235.8,6.005,9.058,2.751,0.1085,4.998,0.16
2024-02-06,43098.95,2372.64,302.7,96.88,0.505,0.4983,34.16,0.07849,6.807,18.287,0.12101,24.73,68.29,235.2,6.278,9.13,2.736,0.1082,5.07,0.1622
2024-02-07,44349.6,2425.1,307.3,101.14,0.5138,0.5022,35.28,0.08013,6.941,18.817,0.1236,25.17,68.62,240.6,6.393,9.597,2.87,0.1091,5.186,0.1681
2024-02-08,45288.65,2419.55,319.2,102.76,0.5147,0.5304,35.42,0.07987,7.013,18.212,0.12189,25.62,70.53,244.6,6.316,9.641,2.922,0.1098,5.225,0.1689
2024-02-09,47132.77,2486.56,324,106.94,0.5262,0.5407,38,0.08155,7.196,18.47,0.1237,26.15,70.64,250.3,6.654,10.02,2.995,0.112,5.473,0.1743
2024-02-10,47751.09,2500.24,323,109.01,0.5239,0.5515,40.2,0.08142,7.2,19.084,0.12436,25.89,70.8,247.8,6.628,9.971,3.043,0.1117,5.354,0.1754
2024-02-11,48299.99,2507.21,320.7,107.46,0.5261,0.5414,39.72,0.08123,7.099,20.146,0.12422,25.88,71.55,277.6,6.683,9.74,3.125,0.1113,5.308,0.1801
2024-02-12,49917.27,2659.99,327.8,111.64,0.5315,0.5592,40.97,0.08223,7.34,20.465,0.125,26.92,72.82,280.5,6.836,9.911,3.381,0.1131,5.45,0.1829
2024-02-13,49699.59,2639.99,324.7,112.48,0.5247,0.5449,39.74,0.08105,7.353,19.87,0.12687,26.21,68.97,270.4,6.68,10.293,3.214,0.111,5.488,0.1777
2024-02-14,51795.17,2774.81,333.9,116.97,0.5378,0.5768,42.22,0.0855,7.649,20.24,0.12956,26.89,69.81,280.7,6.889,10.244,3.334,0.1144,5.59,0.1835
2024-02-15,51880,2822.59,354.2,113.5,0.5622,0.6087,41.55,0.08528,7.781,19.932,0.13104,26.78,69.76,270.4,7.506,10.329,3.399,0.1167,5.869,0.1873
2024-02-16,52124.11,2801.8,360.4,110.33,0.5643,0.5986,40.26,0.08591,7.647,19.551,0.13282,26.77,70.59,274.2,7.44,10.235,3.279,0.1155,5.788,0.1942
2024-02-17,51642.64,2785.93,352.9,108.92,0.5496,0.6096,39.76,0.08356,7.704,20.032,0.1359,26.04,69.97,267.3,7.766,10.275,3.331,0.1141,6.209,0.1904
2024-02-18,52137.67,2881.2,349.8,112.24,0.5571,0.6193,40.29,0.08517,7.86,20.119,0.13518,26.54,70.8,270.6,7.657,10.594,3.521,0.1159,6.28,0.1964
2024-02-19,51774.73,2944.8,351.6,111.53,0.5626,0.6308,39.51,0.08942,8.029,19.832,0.13636,27.4,71.3,273.1,7.698,10.729,3.529,0.1184,7.397,0.2036
2024-02-20,52258.82,3014.81,354.6,108.31,0.5622,0.6216,38.49,0.08615,7.731,19.281,0.13921,27.07,69.65,265.2,7.559,10.369,3.395,0.1176,7.708,0.1963
2024-02-21,51849.39,2967.9,379.2,105.03,0.5491,0.5988,37.61,0.08457,7.466,18.594,0.13971,26.07,68.9,263.1,7.391,9.983,3.241,0.1144,7.241,0.189
2024-02-22,51288.42,2971.4,382.6,101.76,0.541,0.5858,36.78,0.0841,7.48,18.121,0.13901,25.81,68.8,260.4,7.36,9.786,3.25,0.1154,8.068,0.1888
2024-02-23,50744.15,2922.24,375.5,99.9,0.5342,0.5824,35.92,0.08451,7.563,17.935,0.13817,25.42,68.8,264.7,11.4,9.957,3.364,0.1147,8.01,0.1854
2024-02-24,51568.22,2992.62,381.7,104.01,0.545,0.5969,36.76,0.08615,7.819,18.533,0.13742,26.09,70.41,267.7,11.259,10.418,3.864,0.1165,8.091,0.1972
2024-02-25,51728.85,3112.59,388.5,103.47,0.5425,0.5914,37.46,0.08612,7.923,18.722,0.13765,27.19,70.16,267.9,11.138,10.375,3.704,0.1166,8.117,0.2078
2024-02-26,54476.47,3175.94,401.6,109.9,0.5506,0.6191,39.29,0.08923,8.109,19.083,0.13983,27.77,71.93,274.7,10.612,11.138,4.097,0.118,8.142,0.2121
2024-02-27,57037.34,3242.36,394.6,108.36,0.5861,0.6239,39.26,0.09758,8.371,19.023,0.14288,28.13,73.97,292.8,10.832,11.21,3.941,0.1229,7.667,0.2083
2024-02-28,62432.1,3383.1,414.6,119.03,0.575,0.6287,40.33,0.11585,8.342,19.43,0.14214,29.57,74.48,296.4,10.927,11.397,3.897,0.121,7.715,0.2106
2024-02-29,61130.98,3340.09,399.4,125.68,0.5867,0.6547,40.97,0.11732,8.261,19.274,0.14049,28.87,79.92,297.6,11.124,11.282,3.877,0.122,8.145,0.2118
2024-03-01,62387.9,3433.43,407.4,129.43,0.6013,0.7195,42.67,0.13934,8.661,20.051,0.14148,30.33,84.87,316.3,11.565,11.641,3.957,0.1271,8.2,0.2281
2024-03-02,61987.28,3421.4,410.9,130.02,0.6442,0.7416,44.35,0.14196,9.463,21.398,0.1412,34.31,94.49,501.1,12.609,12.199,4.484,0.1383,9.303,0.248
2024-03-03,63113.97,3487.81,414.5,130.16,0.6271,0.7279,42.58,0.15347,9.781,20.507,0.14065,33.6,90.7,470.5,12.638,12.152,4.432,0.1357,10.508,0.2511
2024-03-04,68245.71,3627.76,418.4,133.27,0.6477,0.7701,43.08,0.18196,9.862,20.416,0.14026,35.96,88.95,473.5,12.358,12.48,4.34,0.1459,10.017,0.2506
2024-03-05,63724.01,3553.65,394.1,125.31,0.5912,0.6923,39.43,0.15304,9.32,18.973,0.13585,34.18,81.93,401,13.184,12,4.245,0.1322,8.88,0.2314
2024-03-06,66074.04,3818.59,429.4,130.79,0.6121,0.7349,41.56,0.15784,10.544,20.085,0.13775,37.3,85.87,415.8,15.406,14.222,5.895,0.1385,10.053,0.2592
2024-03-07,66823.17,3868.76,474.6,143.82,0.627,0.7427,43.2,0.15764,10.402,20.091,0.13709,37.9,88,432.1,14.875,13.893,5.521,0.142,9.922,0.2799
2024-03-08,68124.19,3883.36,485.8,144.79,0.62,0.7228,42.61,0.16457,10.637,19.699,0.13662,38.06,88.32,436.5,14.582,13.408,5.745,0.1416,11.452,0.2713
2024-03-09,68313.27,3905.21,488.3,144.29,0.6197,0.7416,42.92,0.17875,10.493,19.972,0.13579,37.24,90.67,432.2,14.184,13.347,6.193,0.1422,11.06,0.2692
2024-03-10,68955.88,3878.47,528.9,144.39,0.608,0.7166,42.05,0.16997,10.261,21.68,0.13377,36.14,87.43,423.4,14.233,13.171,5.947,0.1398,10.685,0.2628
2024-03-11,72078.1,4064.8,523,148.83,0.723,0.7754,49.09,0.182,11.043,21.277,0.13372,37.98,103.86,448.4,14.437,13.705,6.679,0.1576,11.18,0.2918
2024-03-12,71452.01,3979.96,537.5,151.05,0.688,0.7481,55.48,0.16816,10.736,20.704,0.13142,36.87,97.52,435,14.063,13.41,8.078,0.1493,10.906,0.3178
2024-03-13,73072.41,4004.79,630.5,163.9,0.6891,0.7638,54.79,0.16897,11.374,20.751,0.13194,36.52,97.24,442.5,14.227,14.114,7.761,0.1508,10.625,0.3187
2024-03-14,71388.94,3881.7,603.2,176.65,0.669,0.7509,53.95,0.17719,11.558,20.88,0.12913,35.08,94.08,440.5,13.947,13.68,8.861,0.1445,10.504,0.3118
2024-03-15,69499.85,3742.19,632.7,183.95,0.6342,0.7274,58.36,0.16357,10.81,19.63,0.12633,33.3,89.75,416.7,13.066,12.634,7.487,0.1369,9.775,0.2992
2024-03-16,65300.63,3523.09,576.4,182.05,0.6031,0.6591,53.44,0.14253,9.682,18.115,0.12527,30.69,84.12,388.6,12.029,11.931,6.727,0.1292,8.836,0.2673
2024-03-17,68393.48,3644.71,571.7,201.86,0.6191,0.6814,58.45,0.15428,10.083,18.666,0.12624,31.95,85.93,402.6,12.422,12.276,8.244,0.1322,9.175,0.2754
2024-03-18,67609.99,3520.46,555.4,195.92,0.6453,0.6603,60.65,0.14353,9.902,18.301,0.12408,31.43,86.77,401,11.877,11.723,7.026,0.1348,8.871,0.2516
2024-03-19,61937.4,3158.64,507.7,169.82,0.5845,0.5864,53.63,0.12881,8.766,16.805,0.11244,27.72,78.45,358.8,10.614,10.892,6.354,0.1207,7.998,0.2303
2024-03-20,67840.51,3516.53,556.8,191.77,0.6107,0.6396,57.06,0.15209,9.483,18.412,0.12071,30.59,84.65,410,11.913,11.755,6.912,0.1307,8.637,0.2506
2024-03-21,65501.27,3492.85,553.8,179.46,0.6404,0.6318,53.82,0.15537,9.179,18.458,0.12115,30.3,85.75,414.4,12.183,11.635,6.449,0.1333,9.022,0.2487
2024-03-22,63796.64,3336.35,553.8,175.21,0.6115,0.6147,53.44,0.15292,8.936,18.367,0.11737,29.34,83.4,431.4,11.759,11.416,6.491,0.1283,8.724,0.2412
2024-03-23,63990.01,3329.53,551.9,172.65,0.6167,0.6232,53.45,0.1619,8.968,18.063,0.11823,30.26,85.26,455.9,11.614,11.339,6.617,0.1327,8.629,0.2484
2024-03-24,67209.99,3454.98,567.7,183.88,0.6325,0.6468,55.68,0.17651,9.37,18.518,0.12014,31.56,89.65,485.1,12.039,11.611,7.001,0.135,8.913,0.2562
2024-03-25,69880.01,3590.42,587,188.99,0.6406,0.6567,57.76,0.17526,9.735,19.375,0.12043,32.45,90.58,487.4,12.429,12.182,7.45,0.1366,9.374,0.268
2024-03-26,69988,3587.33,580.4,190.46,0.6317,0.665,55.78,0.1823,9.689,20.007,0.12079,32.13,95.77,479.3,12.692,12.215,7.663,0.1381,9.441,0.2799
2024-03-27,69469.99,3501.19,574.3,186.33,0.6118,0.6478,54.1,0.19047,9.445,19.289,0.11933,31.77,93.55,539.1,12.246,12.629,7.255,0.1337,9.124,0.2708
2024-03-28,70780.6,3560.49,583.4,189.63,0.6244,0.6511,54.63,0.22001,9.522,19.148,0.12044,32.52,94.11,567.4,12.749,12.295,7.191,0.1379,9.301,0.2728
2024-03-29,69850.54,3509.74,612.5,192.01,0.6301,0.6643,53.33,0.213,9.601,18.967,0.11989,34.16,109.06,620.6,12.642,12.518,6.974,0.1428,9.644,0.2687
2024-03-30,69582.18,3505.64,600.7,194.2,0.6212,0.6436,52.93,0.19912,9.429,18.933,0.12256,32.89,102.84,597.6,12.607,12.257,6.938,0.1391,9.437,0.2602
2024-03-31,71280.01,3645.29,606.7,202.45,0.6292,0.6501,54.06,0.22,9.647,19.171,0.12296,34.28,105.01,678.7,12.947,12.293,7.294,0.1411,9.96,0.268
2024-04-01,69649.8,3503.8,575.8,192.24,0.611,0.6212,51.38,0.20503,9.143,18.358,0.12051,32.68,99.2,647.6,12.416,11.63,6.733,0.1355,9.378,0.2513
2024-04-02,65463.99,3278.96,551.4,181.53,0.5854,0.5807,46.86,0.18248,8.582,17.952,0.11662,29.98,106.75,639,11.302,10.967,6.216,0.1286,8.575,0.2343
2024-04-03,65963.28,3310.83,561.5,185.05,0.5742,0.5693,45.89,0.17522,8.416,17.687,0.11712,30.64,98.33,592.8,10.868,10.825,6.596,0.1263,8.422,0.2321
2024-04-04,68487.79,3327.4,585.5,184,0.5935,0.5831,46.5,0.17998,8.486,17.791,0.11915,32.84,98.38,665.4,10.976,11.012,6.727,0.1289,8.633,0.2371
2024-04-05,67820.62,3317.85,577.8,174.37,0.5871,0.5741,45.3,0.1772,8.379,17.325,0.1179,33.1,97.82,657.3,10.926,10.893,7.222,0.1275,8.393,0.2294
2024-04-06,68896,3351.59,585.4,178.68,0.593,0.5836,48.19,0.18577,8.494,17.559,0.11959,33.47,101.6,693.9,11.241,11.099,7.022,0.1291,8.578,0.2336
2024-04-07,69360.39,3454.2,583.9,179.52,0.5944,0.5892,49.32,0.19887,8.704,17.913,0.12056,33.88,101.21,684.8,11.401,11.081,6.916,0.1293,8.833,0.2352
2024-04-08,71620,3694.61,586.4,180.68,0.6147,0.6137,49.86,0.2026,9.043,18.101,0.12303,35.65,103.27,681.4,11.624,11.305,7.358,0.1334,9.31,0.2453
2024-04-09,69146,3506.39,580.5,172.42,0.6141,0.5912,46.47,0.18912,8.659,17.362,0.12109,32.77,97.53,671.8,11.212,10.837,7.227,0.1322,8.657,0.2319
2024-04-10,70631.08,3545.64,609.7,173.31,0.6172,0.5862,47.3,0.19971,8.408,17.417,0.1191,33.51,96.71,629.2,10.047,10.814,6.983,0.1297,8.492,0.2305
2024-04-11,70006.23,3502.52,604.6,172.37,0.6086,0.5858,46.01,0.1938,8.384,17.555,0.1203,33.74,98.78,614.2,9.139,10.758,6.795,0.1302,8.052,0.2277
2024-04-12,67116.52,3237.43,595.6,153.16,0.5468,0.5027,39.34,0.17403,7.24,15.156,0.1148,29.47,86.08,533.2,7.922,9.371,5.788,0.1151,6.608,0.1936
2024-04-13,63924.51,3007.01,553.1,138.47,0.4788,0.4449,33.89,0.15254,6.388,13.288,0.11006,25.48,77.33,479.6,6.91,8.07,5.215,0.1053,5.723,0.1679
2024-04-14,65661.84,3155.11,566.4,151.25,0.5033,0.4673,37.27,0.16212,6.855,14.098,0.11243,27,79.72,525.7,7.523,8.336,5.721,0.1106,6.153,0.1794
2024-04-15,63419.99,3101.99,552.7,138.51,0.4977,0.461,35.16,0.16123,6.708,13.58,0.11146,26.44,78.1,508.3,7.247,8.136,5.221,0.1077,6.003,0.1703
2024-04-16,63793.39,3084.22,537.6,136.22,0.4965,0.4583,34.76,0.156,6.702,13.46,0.1118,26.18,79.94,486.9,7.189,8.166,5.493,0.1096,6.076,0.1744
2024-04-17,61277.37,2985.41,534.1,131.84,0.4951,0.444,33.58,0.14756,6.583,13.133,0.10971,25.4,80.19,463.9,6.889,8.041,5.407,0.1075,5.845,0.1685
2024-04-18,63470.08,3064.4,552.1,142.07,0.5025,0.458,34.85,0.15221,6.784,13.887,0.10925,26.13,80.75,483,7.296,8.198,5.705,0.1104,5.995,0.1746
2024-04-19,63818.01,3056.46,554,142.5,0.503,0.4682,34.67,0.15633,6.682,13.946,0.10989,26.05,80.87,476.8,7.491,8.15,5.586,0.1117,6.145,0.1748
2024-04-20,64940.59,3155.79,570.9,151.22,0.5288,0.5072,38.31,0.1626,7.241,14.959,0.11105,27.89,85.04,515.4,7.873,8.678,6.218,0.116,6.649,0.1916
2024-04-21,64941.15,3147.67,579.6,148.8,0.5246,0.4993,37.15,0.15825,7.14,15.105,0.11132,27.46,84.16,502.2,7.731,8.756,6.446,0.1139,6.48,0.1874
2024-04-22,66819.32,3200.2,604.5,156.95,0.556,0.5167,39.19,0.1612,7.466,15.445,0.11223,28.33,85.39,522.7,8.2,8.916,7.028,0.1182,6.571,0.1951
2024-04-23,66414,3219.46,606.2,154.75,0.5445,0.5,38.3,0.15979,7.242,15.178,0.11322,28.12,85.02,505,7.948,8.7,6.893,0.1174,6.388,0.1936
2024-04-24,64289.59,3140.8,608.8,147.78,0.5275,0.4746,36.37,0.15139,6.931,14.536,0.11329,26.37,83.25,479.4,7.72,8.404,6.86,0.1144,6.05,0.2113
2024-04-25,64498.34,3155.8,613.2,144.84,0.5254,0.4705,35.59,0.15127,6.862,14.593,0.11722,26.45,83.78,478.1,7.93,8.321,7.131,0.1138,5.993,0.2
2024-04-26,63770.01,3131.3,598,139.23,0.5261,0.4631,34.42,0.148,6.764,14.49,0.12014,27.11,88.1,482.4,7.703,8.301,6.93,0.114,6.006,0.1978
2024-04-27,63461.98,3255.56,596.2,141.31,0.5179,0.4675,34.47,0.14776,6.807,14.267,0.11975,27.85,83.88,477.1,7.973,8.397,7.14,0.1144,5.923,0.1983
2024-04-28,63118.62,3263.45,600.2,137.99,0.5103,0.4603,33.95,0.1467,6.728,13.809,0.12124,27.99,83.99,470.5,7.825,8.2,7.047,0.1123,5.899,0.1928
2024-04-29,63866,3216.73,592.8,137.77,0.5151,0.4571,35.28,0.14342,6.587,14.074,0.11901,27.59,83.51,465.1,7.689,8.151,6.865,0.112,5.918,0.1906
2024-04-30,60672,3014.05,578.4,126.77,0.5006,0.4412,32.71,0.13339,6.425,13.129,0.11956,25.43,79.49,434.1,7.039,8.443,6.194,0.1077,5.626,0.1781
2024-05-01,58364.97,2972.46,561.8,134.64,0.5175,0.4501,33.33,0.13021,6.899,13.347,0.12045,25.55,80.17,424.8,7.047,8.745,6.14,0.1111,5.717,0.1807
2024-05-02,59060.61,2986.19,560.5,137.58,0.518,0.4578,33.58,0.13189,7.273,13.59,0.12226,25.66,80.02,429,7.107,8.647,6.087,0.1103,5.928,0.1812
2024-05-03,62882.01,3102.61,587,143.69,0.5317,0.4673,35.54,0.14604,7.245,14.093,0.1227,26.89,81.85,452.6,7.585,8.765,6.874,0.1118,6.047,0.192
2024-05-04,63892.04,3117.23,585.7,146.05,0.5302,0.4633,37.36,0.16012,7.122,14.316,0.12226,26.95,81.66,462.8,7.531,8.693,6.864,0.1109,6.057,0.1927
2024-05-05,64012,3136.41,592,145.73,0.5296,0.458,37.35,0.16098,7.302,14.371,0.12107,27.67,81.32,469,7.587,9.335,7.49,0.1109,6.153,0.1964
2024-05-06,63165.19,3062.6,588.2,152.82,0.5402,0.4541,37.11,0.15648,7.121,14.484,0.11864,26.98,80.79,473.1,7.474,9.209,7.311,0.1097,6.027,0.1938
2024-05-07,62312.08,3005.69,576.5,148.03,0.5245,0.4414,35.31,0.14999,6.993,13.997,0.12051,27.07,80.84,470.9,7.396,8.94,7.118,0.1081,5.772,0.1907
2024-05-08,61193.03,2974.21,588.6,142.18,0.5171,0.4518,34.02,0.14324,6.983,13.9,0.12293,27.18,81.7,448.2,7.329,9.086,6.809,0.1073,5.704,0.1871
2024-05-09,63074.01,3036.23,596.8,152.57,0.5209,0.4635,35.07,0.1522,7.05,14.237,0.1262,27.66,83.08,454.8,7.501,9.123,7.479,0.1085,5.92,0.1934
2024-05-10,60799.99,2909.99,585.6,146.01,0.5022,0.4479,33.71,0.14389,6.746,13.564,0.12741,26.38,80.22,426.6,7.107,8.641,7.253,0.1062,5.622,0.1833
2024-05-11,60825.99,2912.45,592.2,145.42,0.5059,0.439,33.49,0.14306,6.659,13.306,0.12638,26.47,81.39,429.5,7.036,8.503,7.021,0.1059,5.608,0.1789
2024-05-12,61483.99,2929.29,594.8,143.43,0.4993,0.4377,33.14,0.14123,6.617,13.559,0.12738,26.69,81.41,433,7.064,8.476,6.887,0.1048,5.605,0.1768
2024-05-13,62940.08,2950.99,591.7,147.54,0.5053,0.4368,32.46,0.14864,6.669,13.393,0.12561,26.3,80.62,437.5,7.003,8.4,7.292,0.1039,5.604,0.1777
2024-05-14,61577.49,2881.93,567.1,142.03,0.5002,0.4285,31.58,0.14552,6.485,12.98,0.12546,25.36,78.79,429.1,6.787,8.134,7.022,0.1018,5.351,0.1713
2024-05-15,66206.5,3032.55,581,158.52,0.5188,0.4524,34.66,0.15534,6.961,13.865,0.12633,27.09,82.45,463.7,7.364,8.434,8.052,0.1067,5.784,0.1799
2024-05-16,65235.21,2944.7,569.2,159.37,0.5157,0.4597,34.46,0.14972,7.025,15.516,0.125,27.24,82.43,444.8,7.293,8.533,8.021,0.1067,5.752,0.1741
2024-05-17,67024,3092.01,580.9,169.44,0.5234,0.4824,36.43,0.15555,7.199,16.231,0.12434,28.31,84.14,466.5,7.491,8.655,8.037,0.1088,5.884,0.1829
2024-05-18,66915.2,3122.94,580.3,172.4,0.5213,0.482,37.24,0.15302,7.157,16.329,0.12299,28.62,83.84,475.4,7.86,8.603,7.921,0.1081,5.85,0.1828
2024-05-19,66274.01,3071.19,574.5,169.93,0.5096,0.4672,35.6,0.14908,6.931,16.56,0.12117,27.58,82.4,484.9,7.642,8.206,7.777,0.1055,5.552,0.1749
2024-05-20,71446.62,3661.78,599.6,186.7,0.5377,0.502,40.13,0.16573,7.575,17.262,0.12442,32.36,88.64,517.9,9.328,8.92,8.291,0.1125,6.17,0.1886
2024-05-21,70148.34,3789.6,618.5,178.15,0.537,0.4946,41.2,0.17024,7.61,16.739,0.12361,31.72,88.26,515,9.659,8.785,7.819,0.1122,6.235,0.1884
2024-05-22,69166.62,3737.73,614.8,176.95,0.5268,0.4835,40,0.16628,7.467,16.354,0.12007,30.38,85.78,499,9.304,8.561,7.986,0.1107,6.118,0.1857
2024-05-23,67969.65,3783.61,599.3,176.16,0.5289,0.4656,38.52,0.15973,7.2,16.596,0.11532,32.42,85.45,491.2,9.088,8.361,7.695,0.1093,5.795,0.1817
2024-05-24,68549.99,3728.28,600.3,167.7,0.536,0.4601,38.01,0.16386,7.244,17.25,0.11547,31.59,85,494.9,10.213,8.46,7.909,0.1101,5.82,0.1886
2024-05-25,69290.57,3749.26,602.4,168.35,0.5416,0.4623,38.28,0.17402,7.425,17.443,0.11378,31.67,84.98,493.6,11.329,8.491,8.23,0.1109,6.006,0.1935
2024-05-26,68507.67,3826.47,600.2,163.41,0.5283,0.4581,36.76,0.16621,7.557,17.042,0.11311,31.71,83.9,484,11.167,8.404,7.814,0.1086,5.855,0.1895
2024-05-27,69436.43,3894.22,603.9,170.15,0.534,0.4683,38.26,0.16908,7.64,18.786,0.1125,31.91,85.24,489.6,11.056,8.695,7.827,0.1105,6.116,0.1967
2024-05-28,68398.39,3844.69,601.7,168.68,0.5287,0.4576,37.02,0.16497,7.37,18.528,0.11118,31.42,83.44,470.4,11.107,8.722,7.707,0.1079,5.94,0.1941
2024-05-29,67652.42,3767.43,595.7,168.32,0.5238,0.4512,36.2,0.16386,7.178,18.453,0.1121,30.43,83.59,465.8,10.443,8.637,7.586,0.1067,5.787,0.1894
2024-05-30,68352.17,3747.91,595.1,166.88,0.5186,0.4465,35.98,0.15946,6.998,17.944,0.11198,29.8,84.42,465.1,10.758,8.54,7.285,0.1067,5.808,0.1897
2024-05-31,67540.01,3762.29,593.7,165.65,0.5176,0.447,36.02,0.15898,6.984,18.414,0.11213,29.59,83.21,454.8,9.957,8.3,7.246,0.1063,5.734,0.1881
2024-06-01,67766.85,3815.82,601.9,166.14,0.5187,0.4499,35.76,0.16031,7.062,18.443,0.11262,29.56,83.48,463.5,9.886,8.326,7.375,0.1064,5.795,0.1881
2024-06-02,67765.63,3780.91,602.9,163.15,0.5135,0.4465,34.91,0.1571,6.988,18.143,0.11477,28.93,83.11,458.3,9.422,8.292,7.192,0.1051,5.807,0.1823
2024-06-03,68809.9,3767.06,626.4,164.89,0.5199,0.4573,35.03,0.15835,7.009,17.629,0.11338,28.63,82.82,464.9,9.493,8.339,7.121,0.1054,5.786,0.1837
2024-06-04,70537.84,3810.23,685.7,171.78,0.5257,0.4615,36.06,0.16136,7.177,17.716,0.11446,29.73,83.65,477,11.466,8.538,7.42,0.1064,5.959,0.186
2024-06-05,71108,3865.99,698.8,173.54,0.5258,0.4613,36.57,0.16326,7.251,17.741,0.11459,29.8,85.44,495.2,11.162,8.692,7.658,0.1069,6.075,0.1887
2024-06-06,70799.06,3813.46,711.2,170.15,0.5215,0.4582,35.89,0.16016,7.144,17.248,0.11479,29.05,84.19,496.1,10.619,8.617,7.33,0.1053,5.957,0.1857
2024-06-07,69355.6,3678.32,684,162.5,0.4991,0.4492,33.51,0.1482,6.659,16.318,0.11268,27.05,80.13,477.6,9.818,8.102,6.875,0.1002,6.116,0.1749
2024-06-08,69310.46,3681.57,682.7,157.83,0.4926,0.4368,32.27,0.14588,6.384,15.928,0.11479,26.84,79.97,469.5,10.052,7.757,6.569,0.0983,6.055,0.166
2024-06-09,69648.14,3706.4,673,162.12,0.4986,0.4442,32.98,0.14679,6.527,16.372,0.11688,26.97,80.49,474.6,9.823,7.88,6.588,0.0999,6.128,0.1704
2024-06-10,69540,3667.85,625.1,159.05,0.4969,0.4406,32.28,0.14478,6.506,15.905,0.11763,26.62,79.66,469.1,10.351,7.855,6.397,0.1,5.793,0.1666
2024-06-11,67314.24,3497.33,602.5,149.31,0.4802,0.422,31.55,0.13806,6.378,14.988,0.11658,25.67,77.32,446.2,8.978,7.517,6.064,0.0968,5.384,0.1589
2024-06-12,68263.99,3560.12,619.4,155.22,0.4916,0.4378,33.27,0.14621,6.738,16.006,0.11649,26.11,78.5,454.2,10.079,7.775,6.402,0.1002,5.654,0.166
2024-06-13,66773.01,3469.4,599.8,147.29,0.4769,0.421,30.99,0.1411,6.359,15.141,0.11696,25.31,79.15,431.7,10.164,7.441,5.921,0.0975,5.384,0.1559
2024-06-14,66043.99,3481.8,603.3,143.05,0.4746,0.412,30.29,0.13499,6.163,14.744,0.1165,25.13,77.61,422.9,10.431,7.115,5.588,0.0969,5.093,0.1512
2024-06-15,66228.25,3568.74,608.2,145.52,0.4908,0.414,30.01,0.13677,6.223,14.857,0.1153,25.63,79.23,430.1,11.52,7.142,5.606,0.0983,5.228,0.1524
2024-06-16,66676.87,3624.41,610.8,151.3,0.4891,0.4168,30.08,0.13713,6.396,15.144,0.1173,25.46,78.98,428.4,11.984,7.222,5.64,0.0992,5.24,0.1557
2024-06-17,66504.33,3511.46,604.3,143.27,0.5047,0.4013,28.47,0.12879,6.069,14.523,0.11678,24.09,76.59,419.7,10.61,6.997,5.167,0.0969,4.928,0.1451
2024-06-18,65175.32,3483.42,588.6,137.41,0.491,0.3837,26.6,0.12225,5.771,13.986,0.11544,23.05,72.66,389.2,9.766,6.688,4.727,0.0914,4.353,0.1338
2024-06-19,64974.37,3560.51,599.3,135.62,0.4933,0.3844,26.94,0.12247,5.799,14.345,0.11582,23.98,73.77,388.9,9.954,6.894,4.962,0.0934,4.441,0.1387
2024-06-20,64869.99,3513.08,587.7,133.55,0.4888,0.3844,27.58,0.12455,5.642,14.255,0.11679,24.06,74.69,389.8,10.029,6.837,5.162,0.0939,4.409,0.1382
2024-06-21,64143.56,3518.5,586.1,134.6,0.4889,0.376,27.48,0.12418,5.611,13.848,0.11835,23.56,74.17,383,9.81,6.787,5.406,0.092,4.399,0.1393
2024-06-22,64262.01,3495.75,591.1,133.69,0.4866,0.3846,25.61,0.12375,5.751,13.482,0.11966,23.36,74.61,392.1,9.843,6.744,5.184,0.0909,4.378,0.1339
2024-06-23,63210.01,3420.91,577.5,128.69,0.4797,0.38,25.09,0.12222,5.652,13.194,0.11924,22.66,73.37,381.1,9.772,6.695,5.195,0.0896,4.289,0.1324
2024-06-24,60293.3,3352.73,568.1,132.33,0.474,0.3777,24.8,0.11902,5.729,13.617,0.11909,23,69.68,363.8,9.325,6.838,5.371,0.0894,4.397,0.1352
2024-06-25,61806.01,3394.91,578.2,136.58,0.4757,0.3918,25.4,0.12615,5.842,14.198,0.12189,23.48,71.35,388.6,9.503,6.94,5.425,0.0918,4.443,0.1411
2024-06-26,60864.99,3371.44,573,136.81,0.4698,0.385,25.82,0.12276,5.799,13.915,0.12268,23.68,71.02,374,9.394,6.791,5.177,0.0902,4.395,0.1408
2024-06-27,61706.47,3450.44,581.7,149.71,0.4753,0.3913,27.91,0.12711,6.287,14.433,0.12201,24.07,73.28,389,9.506,6.965,5.223,0.0915,4.506,0.1428
2024-06-28,60427.84,3380.15,567.4,140.03,0.4716,0.3858,27.96,0.12306,6.19,13.778,0.12321,23.41,72.9,386,9.002,6.729,4.962,0.091,4.383,0.1397
2024-06-29,60986.68,3378.8,570,140.28,0.4727,0.3841,27.76,0.1219,6.08,13.543,0.12553,23.14,74.95,380.9,8.854,6.607,4.964,0.0902,4.348,0.1393
2024-06-30,62772.01,3438.16,582.2,146.61,0.4761,0.3924,29.36,0.12448,6.215,14.281,0.1247,23.69,75.31,394,9.295,6.733,5.304,0.0913,4.48,0.1445
2024-07-01,62899.99,3442.2,576.9,146.67,0.477,0.4032,28.83,0.12352,6.329,14.338,0.12781,23.24,74.38,384.6,9.146,6.813,5.267,0.0916,4.33,0.1471
2024-07-02,62135.47,3421.35,580.1,154.03,0.4853,0.4184,28.71,0.1253,6.531,14.415,0.12923,23.29,76.04,382.1,9,6.813,5.522,0.0936,4.418,0.1502
2024-07-03,60208.58,3295.48,556.7,140.84,0.4672,0.4069,26.51,0.11849,6.081,13.589,0.1287,22.54,72.08,373.2,8.522,6.382,5.034,0.0903,4.104,0.1426
2024-07-04,57050.01,3059.7,513.6,127.86,0.4329,0.3623,24.44,0.10502,5.556,12.538,0.1272,20.77,65.42,331.4,7.628,5.99,4.623,0.087,3.781,0.1313
2024-07-05,56628.79,2981.78,497.7,134.32,0.4251,0.3501,25.13,0.10547,5.687,12.311,0.12684,20.22,61.85,325.5,7.776,5.704,4.425,0.0854,3.541,0.1307
2024-07-06,58230.13,3066.83,526,143.05,0.4488,0.3707,27.41,0.11343,6.24,13.18,0.12991,21.18,65.39,342.9,8.19,6.073,4.811,0.0906,3.977,0.1386
2024-07-07,55857.81,2931,490.7,131.64,0.4195,0.3466,25.75,0.10415,5.911,12.352,0.12466,19.76,62.05,312.7,7.647,5.795,4.401,0.0839,3.636,0.1266
2024-07-08,56714.62,3019.01,510.6,139.81,0.4316,0.3691,25.21,0.10758,5.944,13.121,0.12612,20.4,64.92,333.5,8.037,5.826,4.467,0.0854,3.818,0.1333
2024-07-09,58050,3066.65,516.9,141.42,0.4356,0.3754,26.43,0.10756,6.117,12.841,0.12996,20.64,65.3,331.1,8.174,5.936,4.533,0.088,3.91,0.1397
2024-07-10,57725.85,3101.05,524.7,141.98,0.4388,0.3885,25.75,0.108,6.097,12.79,0.13147,20.99,66.96,340.3,8.026,6.038,4.625,0.0875,3.972,0.1394
2024-07-11,57339.89,3099.57,524.8,135.73,0.4491,0.3959,25.21,0.10664,5.903,12.347,0.13435,20.66,67.36,347.1,7.829,5.937,4.93,0.0887,4.082,0.1372
2024-07-12,57889.1,3133.88,533.8,139.46,0.4745,0.4165,25.96,0.10769,6.103,12.74,0.13727,21.48,69.25,368.9,8.115,6.153,5.186,0.0913,4.125,0.1381
2024-07-13,59204.02,3175.93,532.4,141.9,0.5257,0.4416,25.86,0.11231,6.232,13.021,0.13946,22.39,69.82,375.6,8.155,6.207,5.202,0.1023,4.284,0.1433
2024-07-14,60797.91,3245.08,544.8,147.66,0.5205,0.4317,26.35,0.11535,6.32,13.448,0.13761,22.58,69.92,376.6,8.426,6.231,5.401,0.1046,4.274,0.152
2024-07-15,64724.14,3483.39,585.3,159.38,0.5372,0.4449,27.82,0.1249,6.484,14.394,0.1373,23.88,72.29,400.2,8.596,6.501,5.915,0.1047,4.443,0.1577
2024-07-16,65043.99,3444.13,576.2,160.62,0.5793,0.4381,28.01,0.12478,6.337,14.206,0.13402,23.59,73.21,387.1,8.174,6.612,6.246,0.1068,4.535,0.1585
2024-07-17,64087.99,3387.05,568.9,155.5,0.626,0.4359,27.24,0.12178,6.255,13.737,0.13358,22.96,71.38,375.1,7.922,6.483,6.068,0.1098,4.556,0.1545
2024-07-18,63987.92,3426.5,571.9,159.22,0.5697,0.4234,27.14,0.11956,6.093,13.593,0.13449,23.01,71.63,382.8,7.834,6.31,6.04,0.1031,4.387,0.1518
2024-07-19,66660,3503.53,593.4,169.13,0.5733,0.439,28.16,0.12543,6.338,14.076,0.13466,23.61,73.4,391.4,7.995,6.501,6.435,0.1053,4.653,0.1577
2024-07-20,67139.96,3517.5,593.1,173.6,0.5937,0.4373,29.11,0.13424,6.333,14.247,0.13468,23.92,73.03,395.5,8.012,6.52,6.287,0.1052,4.711,0.1581
2024-07-21,68165.34,3535.92,602.5,184.49,0.5984,0.4469,32.64,0.14026,6.43,14.816,0.13431,24.16,73.98,401.3,8.124,6.533,6.34,0.1054,4.777,0.1592
2024-07-22,67532.01,3439.6,587.2,178.9,0.608,0.4262,31.87,0.13776,6.096,13.93,0.1324,23.43,71.26,385.9,7.812,6.267,6.034,0.1036,4.509,0.151
2024-07-23,65936.01,3482.51,581.9,173.03,0.5975,0.41,29.82,0.13031,5.917,13.91,0.134,24.05,72.92,366.5,7.709,6.173,5.763,0.101,4.455,0.1435
2024-07-24,65376,3335.81,574.9,178.06,0.6179,0.4063,28.38,0.12795,5.748,13.4,0.1343,22.86,71.29,362.4,7.424,6.026,5.62,0.103,4.269,0.1397
2024-07-25,65799.95,3175.48,570.6,171.85,0.5996,0.3948,27.24,0.12526,5.755,12.94,0.1356,22.09,68.79,361.4,7.29,5.925,5.415,0.1023,4.199,0.1371
2024-07-26,67907.99,3274.61,580.9,183.06,0.6034,0.4172,28.72,0.13419,5.867,13.53,0.1375,22.91,71.31,377.3,7.677,6.168,5.717,0.1031,4.642,0.1425
2024-07-27,67896.5,3249.01,581.6,183.92,0.5956,0.4176,28.04,0.13144,5.825,13.54,0.1372,22.82,71.32,392.4,7.671,6.344,5.679,0.1015,4.575,0.1428
2024-07-28,68249.88,3270.16,583.9,184.9,0.6012,0.4073,27.4,0.13004,5.718,13.3,0.1386,22.64,71.07,416.8,7.532,6.218,5.445,0.1003,4.446,0.1393
2024-07-29,66784.69,3317.66,574.3,182.57,0.6019,0.4031,27.01,0.12843,5.649,13.53,0.1375,22.83,73.69,439,7.683,6.108,5.272,0.0991,4.44,0.1389
2024-07-30,66188,3279.21,588.2,179.16,0.6277,0.4015,26.33,0.12551,5.519,13.14,0.133,22.24,71.69,432.4,7.392,6.003,5.151,0.1024,4.333,0.1375
2024-07-31,64628,3232.74,576.5,171.71,0.623,0.3882,25.7,0.12192,5.389,12.83,0.1287,21.78,70.14,413.9,7.169,5.807,4.99,0.1004,4.208,0.1357
2024-08-01,65354.02,3203.4,575.1,167.37,0.5964,0.3925,25.71,0.11899,5.34,12.88,0.1283,21.54,69.59,413.3,7.185,5.781,4.981,0.0993,4.164,0.1349
2024-08-02,61498.33,2989.61,542.9,152.77,0.5607,0.3636,23.6,0.11154,5.122,11.93,0.1236,20.23,65.06,381.6,6.617,5.36,4.604,0.0955,3.872,0.1241
2024-08-03,60697.99,2903.64,529.6,142.52,0.5558,0.3646,22.67,0.10811,5.045,11.68,0.1255,19.65,64.65,364.4,6.627,5.125,4.365,0.0933,3.688,0.1204
2024-08-04,58161,2688.92,496.9,138.33,0.5228,0.3442,21.25,0.10375,4.688,10.88,0.1264,18.92,62.46,332.5,6.147,5.049,4.133,0.0882,3.531,0.1147
2024-08-05,54018.81,2419.59,464.2,129.78,0.4889,0.3119,19.54,0.09436,4.2,9.49,0.1215,17.66,56.08,309.9,5.367,4.641,3.525,0.0879,3.237,0.1101
2024-08-06,56022.01,2461.33,484.8,144.4,0.5062,0.331,20.89,0.09645,4.509,10.07,0.1234,18.14,58.25,315,5.789,4.905,3.678,0.0925,3.497,0.1126
2024-08-07,55134.16,2342.8,475,144.77,0.6002,0.3241,19.85,0.09558,4.579,9.48,0.1247,18.16,55.99,312.4,5.659,4.839,3.57,0.1015,3.353,0.1098
2024-08-08,61685.99,2682.5,517.1,163.13,0.6166,0.3516,22.73,0.10748,4.879,10.75,0.127,19.86,61.16,353.1,6.281,5.15,4.064,0.1031,3.832,0.1222
2024-08-09,60837.99,2598.78,508.7,156.28,0.5805,0.3483,21.74,0.10386,4.783,10.53,0.1283,19.42,60.72,347.6,6.143,5.085,4.056,0.0999,3.766,0.1201
2024-08-10,60923.51,2609.92,523.1,154.01,0.5841,0.3457,21.59,0.10518,4.754,10.55,0.1291,19.39,61.16,354.9,6.188,5.204,4.161,0.1013,3.778,0.1209
2024-08-11,58712.59,2555.38,503.4,141.57,0.5528,0.3276,20.4,0.10059,4.495,10,0.1277,18.41,59.73,330.2,5.902,4.899,3.868,0.0978,3.49,0.1152
2024-08-12,59346.64,2722.3,518.2,146.29,0.5684,0.339,21.26,0.10791,4.588,10.56,0.1267,19.18,61.5,354.9,6.239,5.075,4.111,0.0989,3.736,0.1196
2024-08-13,60587.15,2702.44,524.2,146.65,0.577,0.34,21.37,0.10636,4.547,10.58,0.1287,19.16,63.44,351.7,6.345,5.007,4.304,0.0993,3.706,0.1213
2024-08-14,58683.39,2661.45,523.4,143.71,0.5687,0.3352,20.95,0.1024,4.383,10.39,0.1304,18.83,64.06,337.7,6.438,4.769,4.17,0.0966,3.582,0.1195
2024-08-15,57541.06,2569.89,519.2,142.58,0.5607,0.3248,20.14,0.10021,4.277,10.17,0.1302,18.54,65.33,334.3,6.203,4.51,4.027,0.0956,3.503,0.1155
2024-08-16,58874.6,2592.73,519.7,139.04,0.5638,0.3301,20.36,0.10035,4.292,10.12,0.1341,18.74,66.49,338.2,6.497,4.554,3.968,0.0948,3.5,0.1156
2024-08-17,59491.99,2614.51,541.6,141.93,0.5665,0.3373,20.7,0.10275,4.369,10.16,0.1349,18.79,67.59,341.3,6.417,4.614,3.992,0.0956,3.569,0.1186
2024-08-18,58427.35,2612.15,531.2,142.42,0.5631,0.3342,20.82,0.10004,4.39,10.09,0.1351,18.57,66.33,333.1,6.171,4.567,3.9,0.0935,3.548,0.1188
2024-08-19,59438.5,2636.36,558.4,144.29,0.5985,0.3367,21.21,0.10133,4.481,10.19,0.1432,18.94,66.32,338,6.196,4.636,4.002,0.0963,3.624,0.1237
2024-08-20,59013.8,2572.82,569.4,142.27,0.5937,0.3434,22.26,0.10289,4.524,10.23,0.1613,18.88,64.41,335.2,6.26,4.787,4.001,0.0975,3.652,0.1279
2024-08-21,61156.03,2630.71,570.1,142.79,0.5999,0.3689,23.53,0.10615,4.663,11.22,0.1539,19.49,64.27,349.4,7.101,4.749,4.247,0.0986,3.796,0.1346
2024-08-22,60375.84,2622.88,582.9,143.22,0.5976,0.3763,25.22,0.10525,4.689,11.48,0.1554,19.49,63.77,346.8,6.919,4.691,4.304,0.0989,3.948,0.1358
2024-08-23,64037.24,2762.48,591.7,153.26,0.6109,0.3912,26.49,0.11293,4.891,12.05,0.1583,20.57,66.1,365.1,6.999,5.097,4.838,0.1019,4.225,0.1441
2024-08-24,64157.01,2768,580.5,160.67,0.6127,0.3935,27.11,0.11258,4.981,12.35,0.1589,20.62,66.57,363.6,6.916,5.348,5.041,0.1026,4.243,0.1465
2024-08-25,64220,2746.13,573.9,158.92,0.6,0.3849,26.92,0.10959,4.819,12.1,0.1664,20.12,64.82,356.3,6.626,5.063,4.919,0.1009,4.159,0.1415
2024-08-26,62834,2680.49,548.2,157.12,0.5874,0.3661,25.94,0.1052,4.558,11.83,0.1616,19.44,63.01,342.3,6.292,4.888,4.782,0.0971,3.928,0.1346
2024-08-27,59415,2457.33,533.3,146.79,0.5666,0.3503,24.09,0.09891,4.378,11.16,0.1579,18.3,60.38,324.2,5.716,4.592,4.528,0.0937,3.72,0.1283
2024-08-28,59034.9,2528.33,537,143.95,0.5693,0.3502,23.45,0.09964,4.254,11.17,0.1583,18.58,61.82,322.1,5.771,4.599,4.345,0.0927,3.645,0.127
2024-08-29,59359.01,2527.61,536.4,140,0.5619,0.3578,22.89,0.10037,4.252,10.94,0.1599,18.47,62.47,322.5,5.837,4.61,4.211,0.093,3.644,0.1267
2024-08-30,59123.99,2526,535.2,137.99,0.5667,0.3469,23.29,0.10177,4.277,11.11,0.16,18.57,64.94,324.9,5.892,4.645,4.113,0.0933,3.64,0.1284
2024-08-31,58973.99,2513.01,532.9,135.35,0.5662,0.345,22.81,0.10128,4.258,11.02,0.1577,18.41,64.97,322.4,5.943,4.56,4.032,0.0926,3.57,0.1233
2024-09-01,57301.86,2425.72,512.4,128.5,0.5472,0.3311,21.42,0.09509,4.068,10.37,0.1556,17.62,63.59,312.7,5.614,4.3,3.849,0.0899,3.36,0.1184
2024-09-02,59132.13,2538.01,526.3,134.94,0.5677,0.3362,22.37,0.09912,4.208,10.77,0.1542,18.27,65.33,323.7,6.103,4.437,3.99,0.0923,3.491,0.1257
2024-09-03,57487.73,2425.29,518.7,127.54,0.5572,0.3185,21.38,0.09677,4.062,10.31,0.1503,17.66,64.36,308.9,6.044,4.109,3.725,0.0914,3.354,0.1194
2024-09-04,57970.9,2450.71,507.6,133.64,0.5579,0.3231,21.9,0.098,4.111,10.34,0.15,18.07,65.42,315.2,6.432,4.071,3.888,0.0916,3.393,0.1224
2024-09-05,56180,2368.81,502.4,129.41,0.5444,0.3251,21.38,0.09842,4.021,10.03,0.1498,17.61,66.08,307.6,6.309,3.908,3.712,0.0902,3.359,0.1176
2024-09-06,53962.97,2225.23,487.2,125.05,0.5211,0.3148,21.17,0.09254,3.959,9.57,0.1478,17.3,63.05,295,6.177,3.716,3.55,0.088,3.274,0.1164
2024-09-07,54160.86,2273.58,493.5,127.71,0.5248,0.3253,21.8,0.09539,4.079,10.03,0.1515,17.63,62.07,299.4,6.434,3.671,3.667,0.0885,3.35,0.1208
2024-09-08,54869.95,2297.3,503.1,130.15,0.5295,0.339,23.25,0.09616,4.161,10.35,0.1532,17.94,60.95,305.4,6.348,3.808,3.756,0.0899,3.408,0.125
2024-09-09,57042,2359.5,518.7,135.08,0.5395,0.3435,23.84,0.10376,4.286,10.53,0.1546,18.34,61.42,322.2,6.733,4.091,4.014,0.0931,3.601,0.1279
2024-09-10,57635.99,2388.52,517,135.63,0.5408,0.3431,24.36,0.1028,4.251,10.58,0.1531,18.56,61.51,329.5,6.703,4.132,4.033,0.094,3.658,0.1296
2024-09-11,57338,2340.55,530.1,132.42,0.5348,0.3532,23.28,0.10131,4.191,10.4,0.1534,18.46,62.19,337.6,6.751,4.16,3.968,0.0927,3.601,0.1269
2024-09-12,58132.32,2361.76,544.5,136.05,0.5626,0.3564,24.02,0.10269,4.294,10.78,0.152,18.56,62.84,333,6.791,4.145,4.248,0.095,3.657,0.1301
2024-09-13,60498,2439.19,556.4,139.02,0.5728,0.3606,24.91,0.10696,4.42,11.45,0.149,18.85,64.91,335.5,6.939,4.208,4.287,0.0963,3.725,0.1332
2024-09-14,59993.03,2417.79,553.3,137.14,0.5956,0.3539,25.32,0.1054,4.437,11.29,0.1475,18.61,65.91,327,6.666,4.241,4.193,0.0972,3.66,0.1311
2024-09-15,59132,2316.1,553.4,131.37,0.5706,0.3385,23.8,0.10281,4.393,10.81,0.149,17.79,63.24,316.4,6.533,4.06,4.016,0.0951,3.447,0.1261
2024-09-16,58213.99,2295.68,533.7,131.47,0.5866,0.3303,23.52,0.09964,4.196,10.54,0.1489,17.75,62.62,311.8,6.411,3.97,3.879,0.095,3.414,0.1236
2024-09-17,60313.99,2341.8,546.2,131.54,0.5839,0.3338,23.77,0.10112,4.157,10.63,0.15,17.98,63.77,314.3,6.788,4.191,4.134,0.0946,3.464,0.1241
2024-09-18,61759.99,2374.75,559.5,134.34,0.5852,0.3441,24.68,0.10385,4.176,10.89,0.1496,18.32,64.84,327,6.776,4.376,4.253,0.0961,3.615,0.1278
2024-09-19,62947.99,2465.21,567,142.89,0.5868,0.351,26.66,0.10499,4.255,11.21,0.1515,18.79,65.4,340,6.797,4.507,4.363,0.096,3.685,0.1315
2024-09-20,63201.05,2561.4,569,146.66,0.5851,0.3522,27.67,0.10555,4.34,11.44,0.152,19,65.33,335.8,6.828,4.527,4.386,0.0961,3.778,0.1329
2024-09-21,63348.96,2612.4,588.6,149.41,0.5976,0.3584,27.79,0.10993,4.462,11.5,0.152,19.37,66.84,345.5,6.904,4.722,4.666,0.098,3.865,0.1364
2024-09-22,63578.76,2581,588.7,144.63,0.5871,0.3517,27.29,0.10633,4.311,11.13,0.1517,18.9,68.68,342.6,6.636,4.593,4.524,0.0961,3.722,0.1322
2024-09-23,63339.99,2646.97,604.5,144.79,0.5847,0.3637,27.39,0.10807,4.458,11.39,0.1523,19.1,66.96,342,6.822,4.581,5.177,0.0964,3.76,0.1343
2024-09-24,64262.7,2653.2,605.9,152.73,0.5911,0.3878,28.46,0.10979,4.635,12.15,0.1513,19.42,66.7,348,6.925,4.817,5.346,0.0968,3.856,0.1384
2024-09-25,63152.01,2579.95,587.4,147.98,0.5831,0.3809,27.28,0.10849,4.637,12.11,0.15,19.3,66.55,343.5,6.777,4.78,5.144,0.0959,3.942,0.1373
2024-09-26,65173.99,2632.26,596.3,155.55,0.5905,0.4014,29.16,0.11818,4.814,12.56,0.1532,20.31,68.54,351.8,7.357,5.007,5.547,0.0979,4.103,0.1437
2024-09-27,65769.95,2694.43,606.8,157.64,0.5888,0.4017,30.43,0.12351,4.882,12.67,0.1552,20.83,71.13,358.8,7.617,5.14,5.457,0.0994,4.196,0.1441
2024-09-28,65858,2675.21,601.1,156.75,0.6138,0.4006,29.28,0.12806,4.794,12.95,0.1551,20.55,69.95,352.3,7.603,5.016,5.561,0.0993,4.126,0.1413
2024-09-29,65602.01,2657.62,595.6,158.46,0.6412,0.3975,29.04,0.12438,4.767,12.46,0.1565,20.43,69.27,352.6,7.454,5.026,5.504,0.1017,4.083,0.1411
2024-09-30,63327.59,2602.23,567.4,152.49,0.6114,0.3733,27.71,0.11421,4.432,11.85,0.156,19.46,66.82,337.2,7.392,4.726,5.288,0.0985,3.811,0.1341
2024-10-01,60805.78,2447.79,547.3,145.13,0.5967,0.352,25.82,0.10685,4.154,11.01,0.1536,18.41,63.41,317.8,6.869,4.441,4.839,0.0939,3.556,0.1248
2024-10-02,60649.28,2364.1,542.5,140.18,0.5383,0.3432,25.33,0.10462,4.102,10.66,0.1544,17.94,62.95,316.1,6.671,4.433,4.626,0.0905,3.538,0.121
2024-10-03,60752.71,2349.8,544.8,136.82,0.5217,0.3453,24.66,0.10507,4.129,10.66,0.1577,18.51,63.44,320.3,6.566,4.382,4.641,0.0904,3.573,0.1222
2024-10-04,62086,2414.41,555.3,143.24,0.534,0.3517,26.27,0.10924,4.194,11.08,0.1565,18.77,64.95,324.8,6.718,4.619,4.831,0.0918,3.647,0.126
2024-10-05,62058,2414.66,563,142.59,0.5294,0.351,25.67,0.1094,4.139,11.27,0.1535,18.55,66.29,321.8,6.829,4.628,4.777,0.092,3.615,0.1258
2024-10-06,62819.91,2440.03,570.3,146.48,0.5336,0.3575,26.94,0.11159,4.191,11.27,0.1543,18.76,67.02,324.6,7.079,4.649,4.95,0.0923,3.699,0.1269
2024-10-07,62224,2422.71,564.3,143.96,0.5286,0.3512,26.56,0.10841,4.131,11.16,0.1559,18.57,64.77,323.7,7.229,4.421,5.046,0.0911,3.71,0.1244
2024-10-08,62160.49,2440.89,580.8,143.49,0.531,0.3448,26.34,0.10709,4.104,10.82,0.16,18.34,65.69,329.1,7.175,4.349,4.894,0.09,3.629,0.1214
2024-10-09,60636.02,2370.47,570.7,139.33,0.5245,0.3396,25.76,0.10794,4.024,10.53,0.1605,18.12,64.59,320.6,7.293,4.23,4.609,0.0898,3.5,0.1188
2024-10-10,60326.39,2386.49,563.9,139.03,0.5305,0.3396,25.86,0.10603,4.073,10.56,0.1588,18.2,64.32,323,8.133,4.135,4.594,0.0902,3.539,0.1185
2024-10-11,62540,2439.5,573.6,145.53,0.5388,0.3517,27.45,0.11077,4.171,10.91,0.1598,18.59,65.58,327,7.891,4.278,4.737,0.0918,3.586,0.1214
2024-10-12,63206.22,2476.4,576.6,146.4,0.5393,0.3532,28.64,0.11138,4.205,11.01,0.1625,18.77,66.19,329.2,8.124,4.347,4.846,0.092,3.612,0.1218
2024-10-13,62870.02,2468.91,572.2,147.74,0.5321,0.3486,29.06,0.1114,4.162,10.75,0.1626,18.55,64.8,321.3,7.682,4.34,4.704,0.0905,3.568,0.1208
2024-10-14,66083.99,2629.79,589.1,157.59,0.5483,0.3643,29.07,0.11669,4.378,11.28,0.1606,19.5,66.83,369.6,8.135,4.516,5.026,0.0934,3.857,0.1268
2024-10-15,67074.14,2607.41,594.5,154.76,0.5417,0.3591,28.21,0.11748,4.406,11.45,0.1588,19.36,70.87,354.7,7.844,4.486,5.065,0.093,3.805,0.1259
2024-10-16,67620.01,2611.1,600.9,154.28,0.5482,0.3521,28.02,0.12573,4.314,11.24,0.1601,19.38,70.08,365.6,7.571,4.437,4.945,0.0956,3.75,0.123
2024-10-17,67421.78,2605.8,592.9,150.5,0.5441,0.3432,27.31,0.12967,4.193,11.03,0.1594,19.04,72.8,369.7,7.347,4.305,4.769,0.095,3.642,0.1199
2024-10-18,68428,2642.17,599.2,154.94,0.5465,0.3507,28.1,0.13716,4.31,11.48,0.1585,19.36,73.11,367.3,7.466,4.352,4.894,0.0967,3.775,0.1232
2024-10-19,68378,2648.2,597.7,159.79,0.544,0.3513,28.1,0.14407,4.432,11.42,0.1567,19.9,74.9,363.3,7.318,4.466,4.818,0.0969,3.766,0.1234
2024-10-20,69031.99,2746.91,605.9,167.4,0.5482,0.3649,28.96,0.14214,4.579,11.98,0.1567,20.2,74.3,369.9,7.76,4.694,4.979,0.0972,3.986,0.1304
2024-10-21,67377.5,2666.7,598.8,166.17,0.5449,0.3609,27.75,0.14367,4.377,11.71,0.1584,19.42,70.77,363.6,7.792,4.898,4.782,0.0953,3.849,0.1255
2024-10-22,67426,2622.81,593.8,167.59,0.5339,0.3645,27.64,0.1397,4.322,11.97,0.1603,19.07,70.04,357.3,7.998,4.786,4.682,0.0953,3.805,0.1244
2024-10-23,66668.65,2524.61,584.9,170.85,0.5258,0.3497,26.75,0.13997,4.21,11.32,0.1603,18.64,70.04,348.1,7.857,4.62,4.652,0.0944,3.693,0.1213
2024-10-24,68198.28,2535.82,594.5,177.19,0.532,0.3465,26.83,0.14188,4.206,11.62,0.1646,18.87,71.18,367.9,8.042,4.85,4.719,0.0967,3.739,0.1222
2024-10-25,66698.33,2440.62,575.3,164.9,0.5022,0.3261,24.93,0.13161,3.996,11.13,0.1626,18.25,68.84,349.1,7.432,4.415,4.172,0.0934,3.442,0.1144
2024-10-26,67092.76,2482.51,583.4,170.88,0.5134,0.3337,25.41,0.13747,4.035,11.01,0.1652,18.23,68.47,348,7.443,4.372,4.237,0.0942,3.471,0.1145
2024-10-27,68021.7,2507.8,589.2,176.63,0.5168,0.3399,25.77,0.14426,4.128,10.99,0.164,18.41,71.06,352.2,7.534,4.454,4.308,0.0943,3.565,0.1159
2024-10-28,69962.21,2567.48,601.1,178.29,0.5195,0.3437,26.25,0.16146,4.132,11.18,0.1642,19,70.8,365.3,7.783,4.457,4.297,0.0944,3.626,0.1183
2024-10-29,72736.42,2638.8,606.3,179.42,0.5284,0.3561,26.88,0.17586,4.193,11.8,0.1663,19.43,73.98,386.1,7.936,4.537,4.438,0.0967,3.709,0.1239
2024-10-30,72344.74,2659.19,595.6,174.87,0.5229,0.355,26.18,0.16828,4.191,12.39,0.1692,19.45,71.76,368.9,8.114,4.455,4.31,0.0947,3.721,0.1206
2024-10-31,70292.01,2518.61,576.6,168.69,0.5095,0.3418,25.03,0.16164,3.959,11.41,0.1684,18.6,69.33,358.9,7.612,4.237,4.054,0.0924,3.534,0.1144
2024-11-01,69496.01,2511.49,573.1,166.1,0.5131,0.3575,24.78,0.15916,3.908,11.25,0.1674,18.46,70.27,349.6,7.551,4.175,3.93,0.0932,3.47,0.1146
2024-11-02,69374.74,2494.23,568.6,166.17,0.5103,0.3482,24.12,0.15955,3.908,11.19,0.1661,18.12,69.2,353.7,7.392,4.101,3.809,0.0926,3.431,0.1138
2024-11-03,68775.99,2457.73,557.7,162.53,0.503,0.3341,23.54,0.15139,3.784,10.76,0.1651,17.8,66.86,340.1,7.047,3.977,3.688,0.0906,3.341,0.1095
2024-11-04,67850.01,2398.21,552.5,157.95,0.5035,0.3263,22.72,0.15822,3.752,10.26,0.1629,17.6,65.56,329.2,6.784,3.917,3.619,0.0911,3.273,0.1094
2024-11-05,69372.01,2422.55,563.21,166.62,0.514,0.3336,23.99,0.16999,3.855,10.83,0.1602,18.22,65.39,342.9,7.196,4.202,3.81,0.0934,3.39,0.1142
2024-11-06,75571.99,2721.87,592.22,186.59,0.5418,0.363,27.01,0.19646,4.111,12.17,0.1625,19.69,71.01,378.4,9.288,4.51,4.233,0.097,3.709,0.1217
2024-11-07,75857.89,2895.47,598.26,196.35,0.5556,0.4065,27.38,0.19324,4.163,12.59,0.1601,20.27,71.45,377.5,8.901,4.529,4.231,0.1021,3.767,0.1226
2024-11-08,76509.78,2961.75,597.82,199.85,0.5537,0.4447,28.78,0.20197,4.325,13.69,0.1609,20.45,72.78,377,8.854,4.718,4.332,0.1012,3.914,0.1311
2024-11-09,76677.46,3126.21,624.66,199.89,0.5593,0.4967,30.36,0.2189,4.63,13.78,0.1621,21.76,73.98,405,9.244,4.794,4.639,0.1022,4.052,0.1338
2024-11-10,80370.01,3183.21,627.33,210.07,0.5884,0.5901,31.89,0.27778,5.241,14.25,0.1639,23.02,76.58,441.3,9.212,5.268,4.723,0.1084,4.267,0.1454
2024-11-11,88647.99,3371.59,659.63,222.13,0.6207,0.6132,35.71,0.35136,5.71,14.91,0.1677,24.37,80.03,472.6,9.332,5.663,5.562,0.1147,4.41,0.1594
2024-11-12,87952.01,3243.8,625.33,211.64,0.704,0.5709,33.96,0.37985,5.308,13.95,0.1873,22.75,76.69,432.3,8.942,5.306,5.338,0.1344,4.222,0.1541
2024-11-13,90375.2,3187.16,620.68,215.13,0.6898,0.5783,33.12,0.39903,5.073,13.48,0.177,22.09,75.39,439.4,8.628,5.121,5.169,0.1242,4.075,0.1455
2024-11-14,87325.59,3058.82,622.3,209.57,0.7736,0.5792,31.21,0.36254,4.775,13,0.1765,21.8,82.38,415,8.178,4.953,5.415,0.1312,3.857,0.1457
2024-11-15,91032.07,3090.01,619.37,218.45,0.8922,0.7071,33.13,0.3815,5.161,13.84,0.1912,22.99,83.7,431.6,8.568,5.261,5.558,0.1457,4.2,0.1856
2024-11-16,90586.92,3132.87,622.69,215.71,1.1209,0.7416,35.14,0.36421,5.787,14.52,0.2002,26.73,95.42,461.7,9.079,6.122,5.945,0.2207,4.745,0.1965
2024-11-17,89855.99,3076,618.9,237.47,1.0543,0.7026,34.71,0.36704,5.424,13.78,0.1993,25.84,87.2,433.1,8.751,5.691,5.705,0.1964,4.345,0.1838
2024-11-18,90464.08,3207.8,618.93,239.79,1.1137,0.7325,35.48,0.37113,6.008,15.26,0.2022,27.04,89.22,452.5,9.242,6.469,6.021,0.2318,4.535,0.2159
2024-11-19,92310.79,3107.44,615.5,237.63,1.1003,0.7387,34.2,0.39067,5.805,14.62,0.1995,26.16,86.68,446.8,9.399,6.26,5.783,0.2315,4.433,0.2234
2024-11-20,94286.56,3069.97,605.39,235.48,1.1041,0.8003,33.59,0.37778,5.724,14.24,0.1947,25.37,83.38,439.9,8.814,6.197,5.477,0.2474,4.245,0.211
2024-11-21,98317.12,3355.81,621.86,256.37,1.247,0.8218,35.84,0.38664,5.93,14.89,0.1985,27.34,89.51,484.4,9.246,6.421,5.79,0.2624,4.529,0.2142
2024-11-22,98892,3327.78,633,256.9,1.4726,1.0175,43.17,0.41277,6.63,16.57,0.2048,28.52,92.2,490.5,9.934,7.55,6.136,0.3399,4.935,0.2586
2024-11-23,97672.4,3393.91,650.42,254.89,1.4685,1.0658,41.44,0.43015,8.515,17.38,0.212,29.64,99.5,510.1,10.733,8.223,6.191,0.5218,5.366,0.2937
2024-11-24,97900.04,3361.2,659.65,252.73,1.4331,1.0226,42.06,0.43023,8.825,17.91,0.2085,28.84,96.92,515.2,10.899,8.757,6.873,0.5362,5.724,0.2841
2024-11-25,93010.01,3414.49,636.2,234.18,1.4142,0.9435,41.31,0.39264,8.232,17.34,0.1959,29.77,92.26,491.9,11.128,7.922,6.46,0.4817,5.454,0.2596
2024-11-26,91965.16,3324.73,613.51,230.69,1.3984,0.9603,42.72,0.38705,8.065,17.34,0.1944,28.33,92.82,492.2,10.874,8.011,6.518,0.4385,5.433,0.2977
2024-11-27,95863.11,3653.28,644.14,241.96,1.4696,1.0116,43.78,0.40093,8.456,18.66,0.2011,32.9,97.23,517.4,13.53,8.323,6.817,0.4833,5.808,0.293
2024-11-28,95643.98,3578.79,653.83,237.59,1.5421,1.0321,42.77,0.4016,8.615,17.93,0.2032,31.91,95.54,511.1,12.76,8.219,7.015,0.5002,5.81,0.3226
2024-11-29,97460,3592.21,654.67,243.33,1.8006,1.0755,44.86,0.42636,9.026,18.24,0.2044,31.94,104.77,518.3,12.573,8.774,6.963,0.5478,6.141,0.4417
2024-11-30,96407.99,3703.6,653.43,237.6,1.9513,1.079,44.81,0.4216,8.945,19,0.2049,32.7,102.74,525.9,12.782,8.573,7.007,0.5249,7.074,0.4437
2024-12-01,97185.18,3707.61,655.99,236.8,2.2937,1.1496,45.09,0.44045,9.289,18.92,0.2072,33.32,119.55,532,13.06,8.907,6.915,0.5607,6.861,0.4858
2024-12-02,95840.62,3643.42,647.82,225.72,2.7245,1.2022,52.27,0.42457,10.011,25.23,0.221,33.87,132.93,538.3,14.007,9.568,7.48,0.5393,7.28,0.504
2024-12-03,95849.69,3614.51,734.64,233.92,2.5102,1.1914,50.9,0.40632,9.78,24.09,0.4334,34.72,130.89,585.6,15.119,9.576,7.387,0.5066,7.305,0.5061
2024-12-04,98587.32,3837.8,739.53,229.15,2.3574,1.1871,52.76,0.43274,10.512,24.07,0.3306,37.7,133.69,583.7,15.674,9.931,7.47,0.4892,8.083,0.4783
2024-12-05,96945.63,3785.2,717.1,235.84,2.2446,1.1597,50.3,0.42682,10.369,23.15,0.3223,35.61,135.78,588.6,15.025,9.571,7.617,0.4709,7.693,0.4494
2024-12-06,99740.84,3998.87,730.22,236.87,2.4257,1.2278,52.47,0.43467,10.673,25.87,0.3255,38.27,135.93,618.6,17.56,10.393,8.02,0.4957,8.075,0.4987
2024-12-07,99831.99,3996.22,749.72,238.14,2.6099,1.2103,51.6,0.45281,10.592,24.79,0.3188,37.2,133.79,607.6,18.061,10.175,7.723,0.5038,7.822,0.5091
2024-12-08,101109.59,4004.15,742,237.02,2.6013,1.1936,53.98,0.46635,10.392,26.09,0.3183,37.08,134.91,622.3,18.601,10.127,7.824,0.4931,7.871,0.4969
2024-12-09,97276.47,3712,689.19,216.63,2.2124,1.0034,45.02,0.41403,8.468,22.25,0.2629,31.35,110.44,551.5,16.025,8.395,6.503,0.4103,6.268,0.416
2024-12-10,96593,3628.25,676.8,213.6,2.3709,1.0215,44.6,0.39392,8.395,22.12,0.2694,30.19,109.8,516.2,15.254,7.941,6.423,0.4365,6.204,0.4236
2024-12-11,101125,3831.81,711.21,227.29,2.3941,1.0868,48.47,0.41402,8.993,24.07,0.2822,33.49,117.3,546.6,17.159,8.823,6.85,0.4351,6.682,0.4523
2024-12-12,100004.29,3881.61,705.77,226.96,2.3384,1.1231,53.14,0.40611,9.061,29.13,0.2969,33.82,119.24,540.1,17.715,8.948,6.913,0.425,6.734,0.4281
2024-12-13,101424.25,3906.8,725.72,224.79,2.4217,1.1213,52.78,0.40901,9.089,28.99,0.2906,34.01,124.52,542.5,17.49,9.199,6.936,0.4379,6.753,0.4376
2024-12-14,101420,3870.29,715.79,219.93,2.4005,1.061,49.85,0.39828,8.551,29.12,0.2823,32.56,118.21,534,16.75,8.971,6.684,0.4243,6.433,0.421
2024-12-15,104463.99,3959.09,718.87,224.27,2.4469,1.0996,50.76,0.40659,9.028,29.26,0.2856,33.79,121.11,546.2,17.073,9.11,6.859,0.4304,6.737,0.4322
2024-12-16,106058.66,3986.24,720.58,216.19,2.4841,1.0775,48.98,0.40195,8.756,28.73,0.2967,33.21,117.99,538.1,16.233,8.887,6.616,0.4187,6.531,0.413
2024-12-17,106133.74,3893.01,717.69,223.15,2.5673,1.0522,47.92,0.39415,8.487,27.86,0.2796,32.5,125.63,529.9,16.242,8.546,6.384,0.4292,6.289,0.413
2024-12-18,100204.01,3626.8,686.38,206.53,2.3103,0.9681,42.78,0.35824,7.679,24.86,0.2581,29.4,108.35,480.4,14.807,7.655,5.687,0.3959,5.654,0.3674
2024-12-19,97461.86,3417.01,665.62,193.81,2.239,0.8806,38.83,0.31431,6.941,22.81,0.2513,26.72,99.36,438.7,12.726,6.816,5.201,0.3697,5.084,0.3324
2024-12-20,97805.44,3472.21,678.6,194.48,2.2793,0.9501,39.86,0.31793,7.29,23.39,0.2486,27.44,101.38,449.2,13.677,6.916,5.354,0.3751,5.208,0.3479
2024-12-21,97291.99,3338.92,663.49,181.45,2.238,0.9052,37.42,0.32042,6.973,22.13,0.2449,26.03,101.56,456.1,13.384,6.524,5.024,0.3561,4.92,0.3284
2024-12-22,95186.27,3281.83,649.77,180.52,2.2031,0.8834,36.57,0.31262,6.842,22.08,0.2442,25.98,99.78,445.8,13.9,6.404,5.038,0.3564,4.832,0.3476
2024-12-23,94881.47,3422.53,694.16,190.11,2.2617,0.9264,39.11,0.32497,7.385,24.55,0.2526,27.55,106.77,460.9,14.291,6.955,5.439,0.371,5.196,0.3763
2024-12-24,98663.58,3493.18,696.9,197.09,2.3238,0.9358,41.25,0.3371,7.552,25.42,0.2564,27.94,108.35,470.3,14.592,7.048,5.552,0.4025,5.462,0.3963
2024-12-25,99429.6,3497,702.72,197.44,2.2973,0.9176,40.25,0.33433,7.502,24.44,0.258,27.32,109.82,465.4,13.911,6.944,5.447,0.3829,5.297,0.381
2024-12-26,95791.6,3335.05,689.4,188.46,2.1559,0.8611,37.33,0.31274,6.932,22.68,0.2537,25.87,102.23,437.3,13.266,6.486,5.086,0.3547,4.977,0.3465
2024-12-27,94299.03,3333.51,691.85,184.22,2.1466,0.8771,36.56,0.31186,6.91,21.57,0.2594,25.99,100.58,441.3,13.353,6.47,5.116,0.3498,4.95,0.3331
2024-12-28,95300,3404,722.13,195.5,2.1843,0.8895,37.74,0.32439,7.113,21.99,0.2584,26.57,100.74,451.6,13.575,6.615,5.343,0.3563,5.211,0.3451
2024-12-29,93738.2,3356.48,694.71,189.94,2.0942,0.859,35.84,0.31435,6.865,20.96,0.2578,25.54,98.51,439.1,13.006,6.294,5.129,0.3382,4.957,0.3253
2024-12-30,92792.05,3361.84,705.36,191.38,2.0587,0.8615,35.97,0.31396,6.704,20.58,0.2534,25.44,99.4,444,13.325,6.351,5.047,0.3319,4.928,0.3284
2024-12-31,93576,3337.78,702.3,189.31,2.0836,0.8451,35.71,0.316,6.643,20.01,0.2548,25.06,103.28,434.5,13.243,6.19,4.913,0.3327,4.953,0.3345
2025-01-01,94591.79,3360.38,707.84,194.28,2.3328,0.9222,37.78,0.32513,7.051,21.73,0.2559,25.81,105.24,450.5,13.629,6.547,5.286,0.4258,5.121,0.377
2025-01-02,96984.79,3455.67,706.25,208.31,2.4024,0.9612,39.28,0.33893,7.177,22.07,0.2651,26.9,105.14,461.7,14.381,6.701,5.447,0.4321,5.306,0.3923
2025-01-03,98174.18,3609.01,714.88,217.99,2.4547,1.0894,41.94,0.37989,7.754,23.48,0.2702,28.44,112.71,473.9,15.213,7.423,5.818,0.4481,5.664,0.4192
2025-01-04,98220.5,3656.88,713.41,216.67,2.4201,1.0707,42.63,0.39483,7.677,23.6,0.2697,28.36,111.21,478.9,15.277,7.295,5.788,0.4504,5.639,0.4101
2025-01-05,98363.61,3635.99,709.29,213.41,2.3994,1.0911,43.11,0.3823,7.671,23.58,0.2627,28.13,115.72,470.9,15.159,7.342,5.908,0.4407,5.912,0.4052
2025-01-06,102235.6,3687.45,729.42,218.22,2.42,1.0934,44.05,0.38782,7.768,23.83,0.2684,28.67,114.01,483,15.077,7.453,6.016,0.4466,5.986,0.4149
2025-01-07,96954.61,3381.31,698.01,202.17,2.2712,0.9892,39.21,0.348,7.014,21.38,0.2526,25.9,102.72,436.9,13.531,6.772,5.365,0.4178,5.352,0.3726
2025-01-08,95060.61,3327.29,696.03,197.48,2.3731,0.9468,37.43,0.3423,6.76,20.44,0.2505,25.26,101.43,434.4,13.118,6.461,5.153,0.4255,5.112,0.3591
2025-01-09,92552.49,3219.2,685.48,184.95,2.2722,0.9045,36.2,0.321,6.559,19.65,0.2402,24.88,102.23,421.9,12.867,6.397,4.978,0.3913,5.051,0.3418
2025-01-10,94726.11,3267.04,693.21,187.68,2.3414,0.9303,36.67,0.33388,6.732,20.24,0.2445,25.66,103.96,450.1,13.941,6.651,5.085,0.4143,5.209,0.3725
2025-01-11,94599.99,3282.83,696.7,188.09,2.5764,0.9955,37.13,0.3412,6.742,20.21,0.241,25.55,104.39,441,13.645,6.616,5.087,0.4459,5.203,0.3781
2025-01-12,94545.06,3267.3,693.34,188.51,2.5046,0.9677,36.56,0.33591,6.632,19.84,0.2336,25.26,102.34,447.9,13.631,6.459,4.973,0.4224,5.087,0.3602
2025-01-13,94536.1,3137.51,688.64,182.87,2.5232,0.9444,35.29,0.33807,6.396,19.35,0.2228,24.59,98.37,428,12.893,6.285,4.751,0.4196,4.921,0.3493
2025-01-14,96560.86,3225.63,698.89,187.57,2.6673,0.9972,36.57,0.35591,6.665,20.32,0.2209,25.4,102.45,437.9,13.314,6.272,5.054,0.4303,5.212,0.3726
2025-01-15,100497.35,3451.52,714.59,205.86,3.1429,1.0755,39.82,0.38537,7.165,22.1,0.2381,27.13,116.96,460.3,14.542,6.665,5.317,0.4881,5.653,0.4446
2025-01-16,99987.3,3308.05,708.1,211.14,3.2451,1.0892,40.06,0.37649,7.15,23.03,0.2371,26.7,124.41,461.7,14.097,6.594,5.16,0.4819,5.617,0.4643
2025-01-17,104077.48,3473.63,721.76,219.51,3.2922,1.133,41.38,0.41525,7.503,25.09,0.2487,28.26,137.04,489.4,14.98,7.055,5.754,0.4877,5.831,0.4686
2025-01-18,104556.23,3307.71,709.52,261.97,3.2697,1.1045,39.25,0.39641,7.043,24.12,0.2423,26.93,125.4,466.4,14.171,6.595,5.445,0.4907,5.446,0.4452
2025-01-19,101331.57,3215.12,683.19,252.42,2.9587,0.993,35.68,0.3584,6.247,24.34,0.2287,25.43,115.57,427.7,13.287,5.892,4.981,0.4332,4.98,0.3979
2025-01-20,102260.01,3284,682.51,242.19,3.1053,1.0094,36.03,0.35456,6.381,25.09,0.2383,25.8,118.58,430.9,13.524,6.072,5.1,0.4472,5.106,0.4302
2025-01-21,106143.82,3327.54,692.21,250.33,3.1738,1.0058,36.95,0.37177,6.622,26.67,0.2448,27.12,119.11,446.5,13.507,6.24,5.251,0.4423,5.255,0.4241
2025-01-22,103706.66,3242.6,695.52,257.36,3.1803,0.9827,36.8,0.36291,6.447,25.3,0.2536,26.83,115.38,435.4,12.89,6.201,5.096,0.4285,5.001,0.4056
2025-01-23,103910.34,3338.21,689.74,253.11,3.1194,0.9867,35.56,0.35206,6.351,25.65,0.2527,29.02,116.42,437.3,12.81,6.122,4.98,0.4309,5.062,0.4101
2025-01-24,104870.5,3310.09,680.45,253.37,3.1009,0.9712,35.34,0.35085,6.32,25.18,0.2543,27.39,118.71,432,12.464,6.215,5.003,0.4309,5.014,0.4001
2025-01-25,104746.85,3318.77,686.4,256.41,3.108,0.9766,36.61,0.35352,6.323,24.93,0.2534,27.04,123.92,445.4,12.093,6.194,4.928,0.4172,4.983,0.4033
2025-01-26,102620,3232.61,667.37,240.5,3.0223,0.953,35.75,0.33605,6.177,24.88,0.2462,26.19,117.11,425.2,11.432,6.098,4.759,0.4063,4.862,0.3815
2025-01-27,102082.83,3182.44,679.74,234.89,3.0552,0.9345,34.2,0.33397,5.953,24.21,0.2465,26,115.06,427.6,11.006,5.994,4.639,0.4075,4.661,0.3867
2025-01-28,101335.52,3077.72,661.29,227.06,3.0572,0.9169,32.08,0.31871,5.649,22.61,0.2399,24.98,109.92,410.5,11.142,5.668,4.284,0.3927,4.385,0.3628
2025-01-29,103733.24,3113.9,667.97,228.16,3.0683,0.9399,32.8,0.32404,5.768,23.66,0.2402,25.54,115.9,415,11.733,5.823,4.418,0.3927,4.514,0.3693
2025-01-30,104722.94,3247.39,677.53,238.31,3.1276,0.9595,34.29,0.33153,6.125,24.46,0.2519,26.28,130.15,434.7,11.967,6.213,4.603,0.4286,4.808,0.3875
2025-01-31,102429.56,3300.99,677.47,231.77,3.0361,0.9429,34.42,0.3289,6.321,25.17,0.2537,26.83,128.09,424.2,11.774,6.242,4.619,0.4142,4.812,0.3792
2025-02-01,100635.65,3117.54,652.94,213.03,2.8778,0.8948,32.11,0.30792,5.905,22.98,0.2443,24.96,118.04,404,10.861,5.818,4.258,0.3922,4.372,0.3477
2025-02-02,97700.59,2869.68,617.8,203.51,2.58,0.8052,27.63,0.26808,5.153,20.46,0.2255,22.5,109.12,360.4,9.184,4.882,3.75,0.354,3.601,0.2997
2025-02-03,101328.52,2879.9,617.21,216.28,2.7001,0.812,28.39,0.28485,5.176,21.64,0.2287,22.05,106.91,353.2,9.956,4.927,3.775,0.3705,3.507,0.3129
2025-02-04,97763.13,2731.19,572.69,206.64,2.5274,0.7439,26.46,0.26345,4.742,19.97,0.2245,20.66,101.07,329.7,9.069,4.69,3.394,0.3408,3.334,0.2909
2025-02-05,96612.43,2788.25,569.55,196.12,2.381,0.7325,25.84,0.25619,4.689,19.19,0.2225,20.69,103.38,328,9.274,4.676,3.279,0.3271,3.242,0.2814
2025-02-06,96554.35,2686.64,571.72,189.54,2.325,0.7052,24.5,0.24789,4.49,18.58,0.2316,19.69,101.66,316.2,8.984,4.408,3.143,0.3182,3.121,0.2668
2025-02-07,96506.8,2622.1,577.71,191.99,2.3968,0.7072,24.46,0.24651,4.593,18.39,0.23,19.81,103.11,318.6,9.01,4.373,3.206,0.3268,3.188,0.2696
2025-02-08,96444.74,2632.46,612.39,199.32,2.419,0.7005,24.58,0.25288,4.745,18.45,0.2313,20.12,104.69,323.1,9.139,4.569,3.286,0.3315,3.306,0.2759
2025-02-09,96462.75,2627.18,615.81,200.47,2.3928,0.6814,24.87,0.2489,4.762,18.26,0.2322,20.15,107.2,324.5,9.13,4.57,3.178,0.314,3.311,0.275
2025-02-10,97430.82,2661.19,618.65,200.47,2.4237,0.7121,25.67,0.25542,4.845,18.81,0.2462,20.68,120.21,329.3,9.458,4.819,3.208,0.3132,3.429,0.2902
2025-02-11,95778.2,2602.59,642.11,197.96,2.4131,0.7781,25.39,0.25305,4.809,18.66,0.241,20.22,119.27,331.4,9.381,4.704,3.202,0.3181,3.339,0.286
2025-02-12,97869.99,2738.27,696.93,196.78,2.4734,0.7997,26.49,0.26418,5.227,19.2,0.2433,21.38,122.04,343.1,9.951,5.067,3.43,0.3331,3.478,0.3025
2025-02-13,96608.14,2675.87,664.72,194.25,2.5599,0.8107,25.39,0.26245,5.131,18.56,0.2342,21.14,126.61,335,9.889,4.99,3.376,0.3371,3.403,0.2934
2025-02-14,97500.48,2725.95,659.71,199.39,2.7384,0.7998,26.39,0.2718,5.17,19.38,0.2315,21.39,124.91,341.5,10.056,4.91,3.551,0.3506,3.527,0.2964
2025-02-15,97569.66,2693.04,662.21,194.48,2.7619,0.7811,25.48,0.27174,5.022,18.99,0.2375,20.8,133.86,332.9,9.811,4.83,3.405,0.3489,3.417,0.2843
2025-02-16,96118.12,2661.41,673.1,188.27,2.7283,0.7714,24.85,0.26555,4.88,18.69,0.2424,20.45,125.71,326.3,9.585,4.765,3.416,0.3426,3.398,0.2751
2025-02-17,95780,2744.05,667.51,177.53,2.6599,0.8089,25.03,0.25819,4.89,19.12,0.2388,20.9,122.31,323.8,9.947,4.815,3.259,0.3341,3.436,0.2701
2025-02-18,95671.74,2671.99,648.18,169.32,2.5628,0.7541,23.52,0.25137,4.769,17.88,0.2392,20.18,129.75,316.3,9.632,4.573,3.14,0.3235,3.23,0.2575
2025-02-19,96644.37,2715.5,653.38,168.93,2.7378,0.7738,23.74,0.2548,4.886,17.98,0.2424,21.17,134.88,322.8,9.434,4.689,3.158,0.3419,3.326,0.2614
2025-02-20,98305,2738.04,656.36,176,2.6877,0.8036,25.15,0.25474,5.047,18.28,0.2464,20.93,130.82,325.9,9.341,4.924,3.467,0.3447,3.495,0.2711
2025-02-21,96181.98,2663,647.47,168.94,2.5721,0.7621,24.54,0.23966,5.061,17.43,0.2379,20.22,128.1,313.8,8.743,4.771,3.31,0.3261,3.321,0.2638
2025-02-22,96551.01,2763.22,668.57,172.07,2.574,0.7734,25.83,0.24656,5.043,17.76,0.2393,20.47,125.9,320.9,9.039,4.965,3.468,0.3344,3.434,0.2662
2025-02-23,96258,2819.69,658.42,167.94,2.5763,0.7697,24.85,0.24285,4.953,17.62,0.246,20.75,129.85,327.8,9.019,4.878,3.433,0.3331,3.413,0.2595
2025-02-24,91552.88,2513.52,614.2,141.81,2.2783,0.6816,21.88,0.21043,4.416,15.26,0.2401,18.64,114.77,291.5,7.975,4.358,3.065,0.2979,3.015,0.2272
2025-02-25,88680.4,2495.7,623.49,144.33,2.3222,0.6832,21.94,0.21158,4.64,15.31,0.2309,18.89,114.55,291.8,8.312,4.457,3.009,0.2955,3.142,0.2319
2025-02-26,84250.09,2336.37,611.57,135.32,2.1982,0.6474,21.87,0.20355,4.754,15.26,0.2272,18.76,124.68,294,7.908,4.609,3.023,0.2866,3.149,0.2362
2025-02-27,84708.58,2307.72,605.41,137.68,2.1985,0.6451,22.52,0.20687,4.934,15.1,0.2286,18.71,126.86,296.8,7.868,4.572,3.058,0.2833,3.262,0.2374
2025-02-28,84349.94,2237.59,588.07,148.18,2.1453,0.6328,22.37,0.20184,4.712,14.81,0.2333,19.57,128.04,315.8,7.497,4.635,3.066,0.2863,3.249,0.2379
2025-03-01,86064.53,2217.39,607.93,143.66,2.1916,0.6593,21.86,0.20673,4.664,14.75,0.2341,19.05,124.31,311.4,7.5,4.494,3.272,0.3115,3.243,0.2533
2025-03-02,94270,2518.11,623.94,178.71,2.9396,1.135,24.95,0.23931,5.205,17.42,0.2441,21,127.89,334.2,8.268,4.907,3.554,0.3511,3.566,0.291
2025-03-03,86220.61,2149.01,576.1,142.16,2.3873,0.8578,20.95,0.19913,4.473,14.46,0.2312,18.7,109.89,321.3,7.126,4.226,2.972,0.2925,3.071,0.2381
2025-03-04,87281.98,2171.51,584.01,144.79,2.4543,0.9409,20,0.19905,4.33,14.86,0.2426,18.96,103.66,320.5,7.07,4.161,2.811,0.295,3.016,0.2385
2025-03-05,90606.01,2241.59,598.24,146.28,2.4998,0.9741,21.73,0.20471,4.526,16.43,0.2437,20.5,104.73,392.2,7.52,4.325,2.989,0.2995,3.135,0.2502
2025-03-06,89931.89,2202.2,596.5,143.31,2.6001,0.9065,20.99,0.20153,4.431,17.06,0.2401,19.96,103.39,395,7.103,4.256,3.056,0.2962,3.087,0.2401
2025-03-07,86801.75,2141.6,594.77,139.39,2.3855,0.8181,20.14,0.19844,4.413,15.94,0.2436,20.41,103.71,389,7.07,4.263,2.942,0.2834,3.117,0.2332
2025-03-08,86222.45,2203.58,593.1,137.01,2.3261,0.8052,20.49,0.19234,4.289,15.26,0.2438,20.23,102.34,385.9,7.165,4.109,2.885,0.2758,3.102,0.2247
2025-03-09,80734.37,2020.41,554.65,126.51,2.1387,0.7215,17.97,0.16809,4.019,13.81,0.2321,17.93,94.62,357.5,6.397,3.806,2.553,0.263,2.787,0.2012
2025-03-10,78595.86,1865.1,531.49,118.32,2.0216,0.6712,16.26,0.15408,3.868,12.65,0.2292,16.88,87.48,331.7,5.906,3.58,2.285,0.2418,2.643,0.1839
2025-03-11,82932.99,1923.43,551.61,125.35,2.1711,0.7241,17.51,0.16454,4.042,13.13,0.2244,17.86,90.46,340.2,6.096,3.884,2.449,0.2553,2.742,0.1913
2025-03-12,83680.12,1908.2,569.87,126.62,2.2396,0.736,18.91,0.17244,3.968,13.49,0.2229,17.98,91.51,354,5.912,3.887,2.556,0.2594,2.789,0.1958
2025-03-13,81115.78,1864.59,579.8,123.37,2.2527,0.703,18.5,0.16523,3.981,13.04,0.2253,17.9,88.08,325.9,5.89,3.91,2.572,0.274,2.748,0.1959
2025-03-14,83983.2,1911.65,587.76,133.54,2.3564,0.7373,18.58,0.17194,4.187,13.66,0.2224,18.02,91.31,331.4,6.026,4.29,2.608,0.2762,2.885,0.1984
2025-03-15,84338.44,1937.17,619.83,135.86,2.3911,0.7468,19.4,0.17594,4.349,14.01,0.2215,17.95,92.47,342.3,6.271,4.649,2.642,0.2746,2.948,0.1998
2025-03-16,82574.53,1887,602.2,126.13,2.2938,0.7049,18.25,0.16817,4.298,13.37,0.2119,17.48,90.22,332.9,6.139,4.614,2.516,0.2625,2.834,0.1863
2025-03-17,84010.03,1926.31,631.69,128.01,2.3382,0.7175,18.82,0.17332,4.37,14.03,0.2206,17.83,92.3,337.5,6.297,4.636,2.637,0.273,3.022,0.1911
2025-03-18,82715.03,1931.54,627.81,125.33,2.2851,0.7017,18.97,0.16802,4.45,13.91,0.2371,17.69,90.03,335.3,6.374,4.722,2.586,0.2733,2.924,0.1865
2025-03-19,86845.94,2056.06,618.7,135.33,2.5469,0.7436,19.74,0.17799,4.538,15.03,0.2309,18.55,94.09,345.3,6.984,4.752,2.791,0.2907,3.087,0.1997
2025-03-20,84223.39,1983.79,630.47,127.6,2.4361,0.718,18.74,0.16949,4.399,14.22,0.2339,17.89,93.29,333.8,6.912,4.684,2.741,0.2814,3.049,0.1953
2025-03-21,84088.79,1965.75,635.17,128.48,2.3809,0.705,19.18,0.16727,4.499,13.97,0.2335,17.7,90.84,323.2,6.781,4.594,2.715,0.277,2.918,0.1873
2025-03-22,83840.59,1980.69,627.01,128.51,2.3711,0.7014,19.43,0.16737,4.446,14.25,0.237,17.67,91.37,322.4,6.737,4.886,2.732,0.274,2.99,0.1881
2025-03-23,86082.5,2005.99,623.79,132.84,2.4393,0.7107,19.82,0.1726,4.502,14.47,0.23,17.81,91.48,325.4,6.688,4.807,2.778,0.2831,3.028,0.1917
2025-03-24,87498.16,2081.2,637.08,141.01,2.4501,0.732,21.48,0.183,4.62,15.13,0.2282,18.31,93.77,332.5,7.088,4.956,2.921,0.2907,3.129,0.2036
2025-03-25,87392.87,2066.15,629.82,143.64,2.4492,0.7448,22.9,0.19062,4.637,15.44,0.2272,18.42,94.36,336,6.967,4.836,3.026,0.2938,3.131,0.2118
2025-03-26,86909.17,2009.52,617.99,137.34,2.3494,0.7287,22.04,0.1949,4.694,15.24,0.2314,18,92.42,335.1,6.721,4.877,2.984,0.2854,3.026,0.2067
2025-03-27,87232.01,2003.66,637.36,138.43,2.341,0.7381,22.02,0.19046,4.625,15.52,0.235,17.8,92.79,324.7,6.725,4.806,3.013,0.2864,3.021,0.2119
2025-03-28,84424.38,1896.9,619.81,129.49,2.2073,0.7062,20.36,0.18024,4.282,14.25,0.2325,17.14,87.35,307.7,6.174,4.549,2.734,0.2747,2.828,0.1997
2025-03-29,82648.54,1828.08,602.99,124.58,2.1351,0.6732,19.6,0.16957,4.05,13.55,0.2318,16.6,85.46,303.3,5.96,4.243,2.566,0.2673,2.745,0.1841
2025-03-30,82389.99,1807.74,602.2,124.82,2.1369,0.6612,18.86,0.16652,4.042,13.41,0.2319,16.5,86.1,299.2,5.871,4.314,2.593,0.2669,2.755,0.1795
2025-03-31,82550.01,1822.43,604.81,124.54,2.0899,0.6618,18.77,0.16666,4.02,13.51,0.2388,16.78,82.97,303.5,5.971,4.375,2.509,0.2639,2.778,0.18
2025-04-01,85158.34,1904.98,611.13,126.67,2.1387,0.677,19.82,0.17398,4.171,14.04,0.2378,16.91,84.48,308.1,6.265,4.372,2.649,0.2721,2.837,0.189
2025-04-02,82516.29,1795.22,590.68,117.42,2.0237,0.64,17.99,0.16383,3.965,12.9,0.2341,16.09,81.54,293,5.836,4.213,2.449,0.2581,2.702,0.1769
2025-04-03,83213.09,1817.23,592.67,117.17,2.0648,0.6508,18.15,0.16231,4.059,12.9,0.2382,16.23,83.45,301.3,5.869,4.65,2.509,0.261,2.73,0.1809
2025-04-04,83889.87,1816.87,597.71,122.79,2.1302,0.6603,18.19,0.17128,4.035,12.94,0.239,16.25,84.41,301.4,5.909,4.989,2.508,0.2596,2.765,0.1863
2025-04-05,83537.99,1806.01,593.13,120.32,2.1442,0.6547,17.87,0.16898,3.956,12.85,0.2375,15.88,82.67,304.1,5.866,4.804,2.443,0.2525,2.697,0.1833
2025-04-06,78430,1580.76,555.54,105.91,1.9218,0.5737,16.04,0.14927,3.683,11.28,0.2301,14.16,70.62,272.2,5.101,4.441,2.162,0.2263,2.376,0.1623
2025-04-07,79163.24,1553.04,554.6,106.99,1.8987,0.5864,16.68,0.14958,3.593,11.45,0.2287,14.49,70.99,275.4,5.121,4.33,2.118,0.2322,2.369,0.1667
2025-04-08,76322.42,1473.41,553.72,105.4,1.7963,0.5583,16.15,0.14225,3.378,10.93,0.2306,14.07,69.15,269.2,4.776,4.171,1.908,0.2212,2.266,0.1551
2025-04-09,82615.22,1669.51,582.32,119.05,2.0529,0.6315,18.44,0.16031,3.643,12.65,0.2385,15.3,76.03,301.4,5.414,4.537,2.102,0.2422,2.474,0.1802
2025-04-10,79607.3,1522.25,578.03,112.81,1.9658,0.6094,18.31,0.15357,3.463,12.08,0.2363,14.79,73.81,289.8,5.023,4.336,2.004,0.2303,2.348,0.1766
2025-04-11,83423.84,1566.85,585.93,121.41,2.0225,0.6239,19.12,0.16004,3.557,12.64,0.243,15.17,76.19,312.9,5.235,4.246,2.089,0.2339,2.455,0.1797
2025-04-12,85276.9,1644.18,597.29,132.24,2.1598,0.6595,20.49,0.16763,3.713,13.15,0.246,15.54,78.62,344.7,5.502,4.352,2.212,0.2463,2.561,0.1911
2025-04-13,83760,1597.76,584.28,128.38,2.1196,0.6383,19.59,0.1626,3.668,12.62,0.2547,15.22,77.85,342.8,5.332,4.147,2.094,0.238,2.494,0.1829
2025-04-14,84591.58,1623.77,584.54,129.42,2.1275,0.6353,20.11,0.15854,3.677,12.63,0.2521,15.23,77.18,323.6,5.347,4.133,2.115,0.2399,2.531,0.189
2025-04-15,83643.99,1588.78,579.52,126.11,2.0842,0.6091,19.01,0.15356,3.519,12.24,0.2505,14.87,75.27,319.6,5.185,3.98,2.039,0.2355,2.416,0.1796
2025-04-16,84030.38,1577.14,582.8,131.33,2.0834,0.6105,18.76,0.15471,3.557,12.35,0.2476,14.85,74.33,321.6,5.151,4.022,1.967,0.2357,2.387,0.1812
2025-04-17,84947.91,1583.62,590.49,134.83,2.0673,0.6167,19.05,0.15588,3.634,12.54,0.2478,15.08,74.95,334,5.181,4.112,2.052,0.2394,2.383,0.187
2025-04-18,84474.69,1588.6,591.71,134.04,2.0619,0.6275,19.07,0.15759,3.675,12.56,0.2398,15.45,76,335,5.174,4.122,2.056,0.24,2.454,0.1894
2025-04-19,85077.01,1613.27,591.73,139.87,2.0877,0.6282,19.89,0.15735,3.88,12.94,0.244,15.95,76.1,335.4,5.317,4.211,2.182,0.2462,2.638,0.1929
2025-04-20,85179.24,1587.36,592.77,137.86,2.0787,0.6202,19.51,0.15526,3.878,13.28,0.2438,16.06,77.79,336.1,5.252,4.149,2.243,0.2436,2.648,0.1929
2025-04-21,87516.23,1579.57,597.34,136.56,2.0855,0.6242,19.92,0.15939,3.78,13.11,0.2463,15.62,78.15,345,5.274,4.062,2.217,0.2501,2.611,0.193
2025-04-22,93442.99,1756.26,618.51,148.79,2.2139,0.6794,22.11,0.17863,4.007,14.13,0.2483,16.66,83.49,362.3,5.81,4.31,2.404,0.265,2.714,0.2096
2025-04-23,93691.08,1795.07,605.71,151.1,2.2184,0.6977,22.33,0.17864,4.093,15.02,0.2462,16.78,83.28,358.3,6.033,4.409,2.47,0.2663,2.789,0.2137
2025-04-24,93980.47,1769.65,601.55,152.55,2.2049,0.7219,22.37,0.18254,4.269,15.06,0.2454,16.76,84.29,356.7,5.811,4.551,2.544,0.281,2.858,0.2257
2025-04-25,94638.68,1784.6,599.91,150.82,2.1812,0.7135,22.17,0.18159,4.254,14.92,0.2419,17.24,86.28,373.1,5.828,4.543,2.619,0.2835,2.859,0.2276
2025-04-26,94628,1820.88,607.23,149.21,2.1912,0.707,22.42,0.18192,4.263,14.86,0.2519,17.03,87.06,355.4,5.813,4.587,2.623,0.2906,2.861,0.2286
2025-04-27,93749.3,1791.29,603.46,147.98,2.252,0.7032,21.71,0.17933,4.09,14.56,0.2454,16.56,85.39,345.5,5.5,4.378,2.488,0.2841,2.706,0.2214
2025-04-28,95011.18,1799.88,606.16,147.84,2.2949,0.7056,21.84,0.17907,4.242,15.03,0.2483,17,85.67,364.1,5.436,4.461,2.584,0.2825,2.765,0.2306
2025-04-29,94256.82,1797.81,601,146.31,2.238,0.6958,21.57,0.17466,4.147,14.6,0.2438,16.73,85.57,363.8,5.271,4.377,2.529,0.2777,2.741,0.2266
2025-04-30,94172,1793.61,599.88,147.54,2.1908,0.6816,20.92,0.17224,4.065,14.3,0.2464,16.51,83.51,366.1,5.269,4.301,2.463,0.271,2.768,0.2199
2025-05-01,96489.91,1838.11,599.63,150.85,2.2123,0.705,21.64,0.18065,4.177,14.74,0.2447,16.89,88.85,360.8,5.317,4.433,2.542,0.2735,2.84,0.2173
2025-05-02,96887.14,1842.2,600.69,148.05,2.2093,0.6981,21.25,0.18151,4.161,14.65,0.2478,17.23,87.97,382.8,5.248,4.368,2.51,0.2746,2.803,0.2156
2025-05-03,95856.42,1833.52,599.36,146.71,2.1872,0.6995,20.52,0.17564,4.028,14.24,0.2456,16.6,86.55,362.7,5.089,4.217,2.422,0.2692,2.65,0.2072
2025-05-04,94277.62,1808.86,586.03,143.95,2.156,0.6762,19.91,0.17049,3.92,13.86,0.2471,16.01,85.05,356.2,4.985,4.095,2.322,0.2654,2.631,0.1996
2025-05-05,94733.68,1820.19,597.61,146.72,2.1306,0.6622,19.69,0.17062,3.918,13.65,0.2483,16,83.25,353.3,4.975,4.074,2.315,0.2583,2.613,0.1992
2025-05-06,96834.02,1817,602.57,146.88,2.155,0.6789,20.01,0.17219,3.971,13.82,0.2459,16.23,91.6,374.6,4.966,4.108,2.329,0.2628,2.587,0.1993
2025-05-07,97030.5,1811.11,602.7,147.32,2.1265,0.6715,19.55,0.17202,3.969,13.82,0.2487,16.19,89.53,383.5,4.875,4.17,2.284,0.2603,2.586,0.1993
2025-05-08,103261.6,2207.39,629.17,164.46,2.3272,0.7693,22.16,0.19817,4.456,15.88,0.2571,18.63,94.99,421.8,6.151,4.541,2.736,0.2912,2.931,0.2256
2025-05-09,102971.99,2345.04,666.29,172.78,2.3439,0.7774,23.27,0.2053,4.799,16.01,0.2602,19.21,100.52,413.7,6.353,4.946,2.901,0.2953,3.022,0.233
2025-05-10,104809.53,2583.23,663.9,177.89,2.4711,0.8406,25.82,0.25063,5.309,17.34,0.2662,20.7,105.27,431.2,7.555,5.384,3.35,0.3217,3.245,0.2533
2025-05-11,104118,2514.57,651.15,173.19,2.367,0.8053,24.78,0.23181,5.097,17.1,0.2651,19.96,100.12,408.4,6.929,5.31,3.14,0.3064,3.141,0.2396
2025-05-12,102791.32,2495.47,660.07,174.22,2.5439,0.817,24.83,0.23101,5.068,16.74,0.2717,19.79,103.84,410.8,6.888,5.235,3.187,0.3127,3.139,0.2421
2025-05-13,104103.72,2679.71,664.13,183.75,2.5829,0.8299,25.72,0.24078,5.195,17.39,0.2709,20.67,103.41,411.2,7.092,5.262,3.21,0.314,3.219,0.2472
2025-05-14,103507.82,2609.74,652.47,176.64,2.5503,0.7986,24.96,0.23278,4.98,17.01,0.2746,19.87,100.95,402.7,6.607,5.091,3.051,0.3037,3.051,0.2367
2025-05-15,103763.71,2548.69,651.88,169.16,2.3856,0.7624,23.5,0.21939,4.779,16.04,0.2733,18.95,99.26,396.1,6.229,4.866,2.882,0.2931,2.936,0.2258
2025-05-16,103463.9,2537.12,646.76,167.4,2.3798,0.7588,23.06,0.22111,4.755,15.76,0.2717,18.7,99.48,395.9,6.076,4.812,2.795,0.2932,2.878,0.2231
2025-05-17,103126.65,2475.08,639.51,165.94,2.3531,0.7427,22.17,0.21457,4.612,15.32,0.2696,18.12,96.06,392.3,5.739,4.718,2.693,0.2864,2.785,0.2158
2025-05-18,106454.26,2497.78,651.53,173.3,2.428,0.7596,23.06,0.23304,4.793,15.88,0.2679,18.72,100.94,406.5,6.128,4.963,2.866,0.2925,2.911,0.2273
2025-05-19,105573.74,2528.14,649.62,166.86,2.3803,0.7425,22.25,0.22445,4.596,15.78,0.2667,18.52,98.25,392.7,5.929,4.779,2.769,0.2867,2.859,0.2221
2025-05-20,106849.99,2524.19,650,168.59,2.3565,0.746,22.6,0.22625,4.677,15.71,0.2691,18.42,94.46,394.1,6.024,4.848,2.813,0.2875,2.864,0.2244
2025-05-21,109643.99,2550.99,673.31,173.53,2.3952,0.7693,23.17,0.23404,4.74,16.1,0.2683,18.99,97.09,407.2,6.212,4.974,2.863,0.2932,2.944,0.2306
2025-05-22,111696.21,2664.82,686.57,179.68,2.4311,0.8093,25.26,0.24558,4.948,16.74,0.2759,19.69,100.26,444.4,6.431,5.219,3.076,0.3042,3.085,0.2414
2025-05-23,107318.3,2526.5,656.98,174.01,2.2966,0.7471,23.07,0.22521,4.561,15.53,0.2688,18.49,95.26,426.4,5.982,4.792,2.797,0.2852,2.845,0.2239
2025-05-24,107761.91,2530.4,668.01,175.87,2.3303,0.7467,22.96,0.22512,4.545,15.34,0.2703,18.4,95.63,421.4,6.117,4.715,2.774,0.286,2.823,0.2208
2025-05-25,109004.19,2551.22,669.44,175.74,2.3417,0.7598,23.45,0.22491,4.523,15.54,0.2723,18.34,95.6,422.7,6.161,4.79,2.796,0.2878,2.815,0.2216
2025-05-26,109434.79,2563.7,674.29,174.91,2.3103,0.7604,23.07,0.22596,4.468,15.54,0.2739,18.24,95.02,415.4,6.503,4.776,2.769,0.2858,2.791,0.2189
2025-05-27,108938.17,2660.81,686.91,176.71,2.3168,0.7583,23.38,0.22598,4.535,15.91,0.2779,18.62,95.9,414.6,6.326,4.754,2.817,0.2871,2.883,0.222
2025-05-28,107781.78,2681.6,686.89,172.21,2.2742,0.7476,23.6,0.22096,4.587,15.69,0.2738,18.46,95.37,424.8,6.846,4.845,2.87,0.2853,2.862,0.2175
2025-05-29,105589.75,2631.39,675.02,166.71,2.2442,0.7221,22.25,0.21487,4.332,15.05,0.2747,18.12,93.21,409.6,6.559,4.614,2.754,0.2788,2.765,0.2096
2025-05-30,103985.48,2531.34,655.36,156.2,2.1398,0.6889,20.56,0.19357,4.049,13.9,0.267,16.94,85.64,398.4,6.206,4.291,2.444,0.2651,2.512,0.1924
2025-05-31,104591.88,2528.06,658.01,156.45,2.1738,0.6858,20.8,0.19251,4.076,13.97,0.2657,16.94,87.03,415,6.053,4.348,2.421,0.2641,2.596,0.1937
2025-06-01,105642.93,2539.21,660.77,157.68,2.1792,0.6855,20.88,0.19363,4.066,14.06,0.2708,17.1,88.39,403.4,6.312,4.366,2.462,0.2674,2.57,0.1955
2025-06-02,105857.99,2607.41,665.93,156.83,2.1965,0.6896,21.15,0.19507,4.148,14.07,0.2688,17.56,89.52,403.6,6.445,4.468,2.503,0.2719,2.643,0.1987
2025-06-03,105376.89,2593.36,661.59,155.19,2.2446,0.6837,21.14,0.19311,4.137,14.11,0.2702,17.56,89.5,400.7,6.634,4.415,2.506,0.2728,2.627,0.1974
2025-06-04,104696.86,2607.68,663.23,153.26,2.2009,0.6654,20.09,0.18812,4.006,13.83,0.2744,17.25,87.99,400.2,6.309,4.267,2.435,0.2666,2.562,0.1914
2025-06-05,101508.68,2414.01,633.32,144.29,2.0936,0.6256,18.75,0.17105,3.814,12.89,0.282,16.29,83.58,385,5.898,4.081,2.247,0.257,2.367,0.1809
2025-06-06,104288.44,2476.1,642.7,147.83,2.1598,0.6554,19.64,0.17878,3.884,13.56,0.2779,16.7,87.25,395.6,5.989,4.174,2.314,0.2628,2.409,0.1871
2025-06-07,105552.15,2524.63,650.82,150.06,2.1769,0.6645,20.65,0.18511,4.031,13.83,0.2869,17.22,88.31,409.4,6.347,4.309,2.423,0.2646,2.507,0.1909
2025-06-08,105734,2509.83,652,152.45,2.267,0.6703,21.04,0.18418,4.025,13.73,0.2817,16.95,87.18,410.8,6.326,4.267,2.421,0.2677,2.487,0.1906
2025-06-09,110263.02,2680.13,665.58,161.16,2.3211,0.7049,21.95,0.1949,4.151,14.36,0.287,17.86,90.73,424.9,6.845,4.433,2.543,0.2749,2.602,0.1995
2025-06-10,110274.39,2816.4,673.51,165.12,2.3074,0.7167,22.57,0.1985,4.294,15.45,0.2927,18.56,93.33,438.2,8.665,4.601,2.662,0.2805,2.732,0.2082
2025-06-11,108645.12,2771.61,667.43,160.97,2.2704,0.698,21.57,0.19294,4.189,14.89,0.2795,18.09,91.56,428.9,8.157,4.509,2.573,0.2768,2.692,0.1972
2025-06-12,105671.73,2642.65,654.75,152.32,2.1899,0.6613,20.28,0.1811,3.919,13.97,0.2718,17.11,86.13,424,7.489,4.214,2.369,0.2673,2.505,0.1805
2025-06-13,106066.59,2579.19,655.35,148.6,2.1472,0.642,19.41,0.1804,3.838,13.44,0.2697,16.9,86.55,448.7,7.759,4.131,2.24,0.2608,2.46,0.1808
2025-06-14,105414.64,2530.76,645.61,144.64,2.1394,0.6247,18.93,0.17824,3.781,13.15,0.2711,16.63,85.18,430.9,7.302,4.087,2.232,0.2564,2.419,0.1771
2025-06-15,105594.01,2547.61,648.19,152.97,2.1655,0.6334,19.1,0.17553,3.821,13.3,0.2739,16.68,86.3,460.4,7.18,4.093,2.228,0.2587,2.421,0.1766
2025-06-16,106794.53,2544.17,650.74,150.72,2.238,0.6303,19.06,0.17272,3.847,13.56,0.2741,16.94,86.67,463.7,7.446,4.141,2.272,0.2616,2.463,0.1759
2025-06-17,104551.17,2509.95,648.08,147.57,2.159,0.609,18.58,0.16936,3.719,12.99,0.2715,16.47,84.22,462.6,7.438,4.021,2.14,0.2519,2.393,0.1695
2025-06-18,104886.78,2525,644.77,146.34,2.1705,0.6039,18.16,0.17068,3.622,13.11,0.273,16.54,85.08,459.7,7.586,4.014,2.187,0.2524,2.392,0.1707
2025-06-19,104658.59,2521.12,644.65,147.04,2.1648,0.602,18.06,0.17092,3.548,13.07,0.2748,16.71,85.11,497.1,7.679,4.038,2.181,0.2496,2.346,0.1691
2025-06-20,103297.99,2406.49,641.61,140.11,2.1194,0.5774,17.37,0.16234,3.437,12.51,0.2722,16.12,82.91,473.7,7.068,3.928,2.075,0.242,2.261,0.1672
2025-06-21,102120.01,2295.73,628.97,135.43,2.0632,0.5561,16.82,0.15448,3.324,12.03,0.271,15.58,80.23,467.3,6.465,3.794,1.973,0.2372,2.19,0.1626
2025-06-22,100963.87,2227.7,615.81,131.71,2.0172,0.5419,16.53,0.15129,3.153,11.65,0.2635,15.19,80.21,454.9,6.259,3.719,1.898,0.2289,2.069,0.1602
2025-06-23,105333.93,2411.66,640.49,144.51,2.1584,0.5823,18.06,0.16376,3.416,12.82,0.2727,16.38,84.91,462.7,6.797,4.073,2.123,0.2457,2.255,0.1791
2025-06-24,106083,2448.45,643.53,145.92,2.1898,0.5875,18.23,0.16571,3.439,13.42,0.2738,16.43,84.84,453.8,7.06,4.074,2.19,0.2488,2.297,0.1827
2025-06-25,107340.58,2418.49,646.07,143.57,2.1859,0.5671,17.57,0.16459,3.352,13.13,0.2731,16.22,84.67,482.8,6.974,4,2.139,0.2413,2.253,0.1756
2025-06-26,106947.06,2415.96,642.3,139.06,2.1054,0.5543,17.23,0.16001,3.299,12.94,0.271,16.11,84.27,489.2,6.807,3.892,2.05,0.2342,2.197,0.172
2025-06-27,107047.59,2423.17,645.71,142.09,2.1419,0.5587,17.58,0.16104,3.359,13.05,0.2732,16.19,84.83,504.8,6.91,3.926,2.113,0.2368,2.212,0.1747
2025-06-28,107296.79,2435.62,648.6,150.72,2.1854,0.5654,17.97,0.16363,3.407,13.39,0.2747,16.27,86.31,491,7.126,3.994,2.166,0.2389,2.269,0.1764
2025-06-29,108356.93,2500.09,654.9,153.32,2.2061,0.5773,18.73,0.16944,3.541,13.7,0.2769,16.96,87.96,504.5,7.394,4.204,2.259,0.2403,2.387,0.1858
2025-06-30,107146.5,2485.47,656.9,154.81,2.2362,0.5722,17.96,0.16518,3.397,13.38,0.2798,16.59,86,505.7,7.129,4.093,2.148,0.238,2.302,0.1854
2025-07-01,105681.14,2405.01,646.33,146.88,2.172,0.542,17.1,0.15778,3.281,12.9,0.2788,15.95,83.22,500.2,6.59,3.929,2.04,0.2254,2.202,0.1709
2025-07-02,108849.6,2570.41,659.71,152.27,2.2336,0.584,18.51,0.16869,3.545,13.56,0.2844,16.96,87.32,510.9,7.348,4.175,2.22,0.238,2.37,0.1811
2025-07-03,109584.78,2591.25,663.59,152.36,2.2569,0.5992,18.54,0.17201,3.539,13.67,0.287,16.99,89.08,496.4,7.473,4.184,2.275,0.2426,2.397,0.1821
2025-07-04,107984.24,2508.04,653.6,147.7,2.2205,0.5724,17.8,0.16288,3.358,13.16,0.2827,16.28,86.84,483.9,6.931,3.999,2.134,0.2377,2.262,0.1735
2025-07-05,108198.12,2516.41,656.16,147.55,2.2178,0.5755,17.92,0.16421,3.356,13.23,0.2832,16.37,87.55,489.3,7.332,4.011,2.149,0.2383,2.253,0.1745
2025-07-06,109203.84,2570.35,663.13,151.86,2.2709,0.5858,18.29,0.17196,3.395,13.48,0.287,16.64,87.35,491.5,7.422,4.079,2.18,0.2505,2.291,0.177
2025-07-07,108262.94,2542.29,661.06,148.88,2.2708,0.5805,17.99,0.16792,3.369,13.44,0.2867,16.68,86.05,496.6,7.39,4.047,2.159,0.2481,2.28,0.176
2025-07-08,108922.98,2615.25,660.63,151.67,2.3108,0.5884,18.36,0.17094,3.448,13.96,0.2874,16.94,87.75,501.1,7.659,4.125,2.244,0.2596,2.312,0.1792
2025-07-09,111233.99,2768.74,668.68,157.05,2.4038,0.6227,19.5,0.18053,3.62,14.25,0.2899,17.66,90.61,514.5,8.301,4.313,2.339,0.2883,2.439,0.1922
2025-07-10,116010,2951.29,685.8,164.34,2.5471,0.6775,20.7,0.19507,3.881,15.23,0.2939,18.49,94.85,518.4,8.466,4.618,2.515,0.303,2.589,0.2121
2025-07-11,117527.66,2958.22,689.99,162.93,2.7322,0.7094,20.68,0.20103,3.907,15.28,0.3009,18.26,94.26,531.5,8.692,4.64,2.505,0.3603,2.562,0.2182
2025-07-12,117420,2943.28,685.86,160.69,2.7395,0.7089,20.69,0.19742,3.891,15.11,0.3022,18.14,92.77,506.3,8.392,4.58,2.482,0.3929,2.535,0.2191
2025-07-13,119086.64,2972.03,692,161.15,2.8361,0.7367,21.2,0.19855,3.984,15.66,0.3028,18.45,94.62,508,8.511,4.679,2.531,0.4706,2.559,0.2638
2025-07-14,119841.18,3013.62,689.12,162.21,2.9582,0.7352,21.26,0.19749,3.95,15.75,0.3025,18.55,95.64,504.9,9.131,4.555,2.579,0.4636,2.575,0.2797
2025-07-15,117758.09,3137.89,689.92,163.98,2.919,0.7466,22.51,0.19919,4.083,16.11,0.3005,19.06,96.35,497.9,9.345,4.668,2.67,0.4515,2.646,0.2838
2025-07-16,118630.43,3371.35,708.61,173.63,3.038,0.7644,22.66,0.2127,4.156,16.67,0.3096,19.88,97.47,498.7,8.901,4.744,2.73,0.4533,2.651,0.2845
2025-07-17,119177.56,3476.87,720.65,175.87,3.4814,0.8216,23.91,0.21826,4.26,18,0.3156,20.26,101.6,500,8.932,4.855,2.817,0.4973,2.708,0.3185
2025-07-18,117924.84,3546.92,729.92,177.28,3.4135,0.8158,23.51,0.2358,4.227,17.83,0.3261,23.18,101.73,514.5,10.132,4.855,2.805,0.4588,2.753,0.2936
2025-07-19,117840,3592.01,733.2,176.96,3.4244,0.8298,24.5,0.24143,4.409,18.39,0.3179,24.37,113.16,513.1,10.172,5.016,2.918,0.461,2.802,0.2913
2025-07-20,117265.12,3756.69,756.82,181.43,3.454,0.858,25.04,0.27375,4.48,19.27,0.314,24.69,116.59,548,10.657,5.174,2.976,0.4625,2.887,0.2911
2025-07-21,117380.36,3762.33,766.22,195.72,3.5495,0.8891,25.43,0.27142,4.499,19.5,0.3143,24.01,115.43,522.6,10.829,5.186,3.022,0.473,2.918,0.2981
2025-07-22,119954.42,3746.21,786.68,205.7,3.5504,0.9034,25.88,0.27093,4.549,19.66,0.3158,24.24,119.65,526.1,10.774,5.11,3.03,0.4723,2.932,0.2966
2025-07-23,118755.99,3628.29,776.74,189.4,3.1838,0.816,23.95,0.24083,4.113,18.18,0.3095,22.53,112.05,512.2,10.178,4.702,2.754,0.4278,2.641,0.2675
2025-07-24,118340.99,3706.94,770.74,182.87,3.1453,0.806,23.67,0.23218,4,17.91,0.3139,22.27,112.26,513,10.124,4.625,2.717,0.4246,2.583,0.2615
2025-07-25,117614.31,3724.96,785.45,186.76,3.1423,0.8158,24.01,0.23673,4.088,18.28,0.317,22.69,113.78,557.3,10.426,4.709,2.855,0.4313,2.65,0.2668
2025-07-26,117919.99,3741.1,793.29,184.88,3.1662,0.8198,24.94,0.23543,4.124,18.41,0.3201,22.81,113.91,559.1,10.557,4.765,2.882,0.4352,2.664,0.2745
2025-07-27,119415.55,3872.1,844,188.64,3.2389,0.832,26.06,0.24071,4.24,19.24,0.3199,23.3,114.78,590,10.985,4.874,2.963,0.4442,2.758,0.2859
2025-07-28,118062.32,3799,824.07,183.11,3.1235,0.7932,25.21,0.22615,3.965,18.12,0.3224,21.91,109.02,572.6,10.46,4.643,2.752,0.4192,2.607,0.2651
2025-07-29,117950.76,3793.79,805.1,181.48,3.128,0.7828,24.37,0.22392,3.905,17.83,0.3385,21.76,108.52,564.2,10.307,4.616,2.723,0.4211,2.57,0.2606
2025-07-30,117840.3,3810,793.51,177.77,3.0966,0.7634,23.31,0.21999,3.805,17.71,0.3274,21.4,110.5,590.1,10.008,4.417,2.657,0.4077,2.492,0.2538
2025-07-31,115764.08,3698.39,783.14,172.22,3.0224,0.7392,22.47,0.20974,3.682,16.92,0.325,20.56,106.09,561.5,9.344,4.21,2.535,0.4009,2.392,0.244
2025-08-01,113297.93,3488.2,757.08,162.71,2.9613,0.7141,21.51,0.20097,3.547,16.07,0.3234,19.78,106.59,536.2,9.037,4.14,2.414,0.3822,2.296,0.2361
2025-08-02,112546.35,3393.94,736.42,158.48,2.7695,0.6975,20.86,0.19098,3.509,15.65,0.3221,19.19,106.09,520.2,8.757,4.092,2.348,0.3671,2.272,0.2276
2025-08-03,114208.8,3496.74,751.21,161.97,2.948,0.727,21.37,0.19876,3.602,16.3,0.3275,19.86,110.39,544.2,9.148,4.273,2.444,0.3994,2.344,0.244
2025-08-04,115055.03,3720.99,768.63,169.55,3.0716,0.7549,23.11,0.21039,3.72,17.11,0.3328,20.99,121.22,574.5,9.961,4.311,2.552,0.4137,2.425,0.2483
2025-08-05,114129.75,3612,755.13,164.09,2.9623,0.7258,21.92,0.19981,3.621,16.38,0.3338,20.18,120.27,551.8,9.581,4.23,2.468,0.3959,2.333,0.2375
2025-08-06,114992.27,3683.31,769.55,168.09,2.9908,0.7413,22.23,0.20524,3.673,16.67,0.3373,20.3,119.22,571.1,9.697,4.321,2.489,0.4001,2.378,0.2428
2025-08-07,117472.01,3910.31,788.67,175.36,3.3197,0.7874,23.36,0.22228,3.867,18.48,0.3384,21.55,122.89,582.2,10.425,4.471,2.651,0.4395,2.489,0.2644
2025-08-08,116674.74,4009.5,793.5,176.78,3.2859,0.7911,23.79,0.23039,3.979,19.89,0.3378,22.38,123.78,586,10.861,4.604,2.712,0.45,2.545,0.2662
2025-08-09,116462.25,4260.62,798.83,179.95,3.2259,0.8029,24.23,0.23995,4.138,21.94,0.3352,23.6,120.18,566.1,10.979,4.73,2.831,0.4469,2.631,0.27
2025-08-10,119294.01,4250.57,807.22,182.66,3.187,0.8014,23.83,0.23385,4.046,22.06,0.3383,23.17,123.75,570.5,10.948,4.662,2.754,0.4446,2.622,0.2663
2025-08-11,118686,4223.22,805.09,174.84,3.1295,0.7728,22.79,0.22207,3.854,21.07,0.345,22.21,120.05,578.5,11.042,4.487,2.601,0.4305,2.47,0.2532
2025-08-12,120134.08,4590.52,832.47,191.78,3.2676,0.8411,24.67,0.23582,4.157,23.6,0.3524,23.68,130.46,618.8,11.601,4.706,2.787,0.4493,2.631,0.2714
2025-08-13,123306.43,4749.3,848.01,201.51,3.2744,0.9042,25.47,0.24482,4.276,23.98,0.3621,24.26,130.91,616.2,12.13,4.853,2.997,0.4519,2.733,0.2805
2025-08-14,118295.09,4546.84,840.42,192.47,3.0792,0.9258,23.67,0.22382,3.986,22.46,0.3575,22.18,121.29,593.2,10.875,4.521,2.759,0.4235,2.505,0.2538
2025-08-15,117342.05,4439.47,827.81,185.72,3.0779,0.9453,23.77,0.22886,3.896,21.76,0.3526,22.23,119.14,592.5,10.722,4.461,2.708,0.4303,2.466,0.2541
2025-08-16,117380.66,4421.99,838.71,189.6,3.1055,0.9211,24.3,0.23115,3.966,22.64,0.3478,22.38,121.05,587.3,11.011,4.571,2.742,0.4265,2.532,0.2608
2025-08-17,117405.01,4472.33,855.38,190.99,3.0877,0.9609,25.06,0.23456,4.051,25.64,0.3534,22.24,120.71,582,11.017,4.622,2.702,0.4245,2.559,0.265
2025-08-18,116227.05,4312.99,846.99,182.94,3.0616,0.9236,23.7,0.22262,3.914,25.78,0.3503,21.52,117.77,568.8,10.484,4.463,2.575,0.4145,2.468,0.2551
2025-08-19,112872.94,4075.59,824.11,176.22,2.8608,0.8464,22.37,0.20943,3.719,23.56,0.3477,20.53,112.67,548.5,9.95,4.291,2.422,0.3908,2.359,0.2379
2025-08-20,114271.24,4336.16,869.05,187.94,2.9512,0.8808,23.46,0.22169,3.884,26.45,0.3545,21.56,116.06,560.9,10.61,4.472,2.547,0.4046,2.435,0.2567
2025-08-21,112500,4225.3,839.49,180.29,2.8519,0.8519,22.77,0.21473,3.797,24.82,0.3537,21.01,114.76,554.7,10.227,4.429,2.445,0.3913,2.392,0.2483
2025-08-22,116935.99,4832.07,900.21,200.69,3.0744,0.9314,25.25,0.24054,4.18,26.79,0.3667,24.5,122.96,599.8,11.438,4.819,2.688,0.4249,2.577,0.2665
2025-08-23,115438.05,4778.4,880.42,204.14,3.0485,0.9143,26.26,0.23631,4.228,26.28,0.3624,24.21,121.45,591.3,11.347,4.89,2.7,0.4167,2.525,0.2641
2025-08-24,113493.59,4780.15,876.51,205.98,3.0258,0.909,25.83,0.23182,4.11,25.82,0.3614,23.23,118.19,583.2,10.925,4.791,2.657,0.4079,2.425,0.2716
2025-08-25,110111.98,4376.18,839.32,187.2,2.8584,0.8371,23.35,0.20965,3.734,23.38,0.3417,21.07,109.13,543.6,9.703,4.414,2.398,0.3842,2.185,0.246
2025-08-26,111763.22,4600.63,863.7,195.86,3.0123,0.8663,24.17,0.21839,3.887,24.38,0.3518,21.67,113.48,550.9,9.951,4.526,2.526,0.3946,2.324,0.2547
2025-08-27,111262.01,4506.71,855.18,202.95,2.9688,0.8509,24.42,0.21892,3.837,23.78,0.3451,21.51,112.18,550.2,9.854,4.491,2.519,0.379,2.308,0.2475
2025-08-28,112566.9,4511.21,873.47,214.43,2.9665,0.8576,24.93,0.22437,3.981,25.18,0.3451,21.69,113.64,557.9,10.018,4.782,2.545,0.3822,2.383,0.2528
2025-08-29,108377.4,4360.18,862.3,205.08,2.8195,0.8266,23.55,0.21391,3.774,23.43,0.3385,20.92,109.91,530.7,9.633,4.483,2.43,0.3614,2.27,0.2365
2025-08-30,108816.33,4373.7,862,202.7,2.8181,0.8224,23.78,0.21595,3.811,23.51,0.339,20.94,110.84,552.8,9.726,4.505,2.435,0.36,2.291,0.2337
2025-08-31,108246.35,4391.83,857.65,200.62,2.7757,0.8113,23.4,0.21371,3.742,23.2,0.341,20.68,108.89,544.2,9.619,4.467,2.367,0.3528,2.27,0.2316
2025-09-01,109237.42,4314.5,845.68,197.32,2.7589,0.8014,23.21,0.21073,3.693,22.51,0.3373,20.51,108.73,545.1,9.351,4.395,2.34,0.3574,2.287,0.2278
2025-09-02,111240.01,4326.5,851.8,209.65,2.862,0.8349,24.46,0.21489,3.82,23.49,0.3381,20.81,111.76,584.7,9.581,4.43,2.439,0.3681,2.27,0.2333
2025-09-03,111705.71,4450.46,854.76,210.77,2.8443,0.8366,25.2,0.2203,3.865,23.69,0.3406,20.83,112.98,603.7,9.676,4.521,2.469,0.3622,2.329,0.2329
2025-09-04,110730.87,4297.55,843.63,202.32,2.7946,0.8093,24.21,0.21241,3.764,22.32,0.3346,20.18,111.05,586.6,9.288,4.386,2.376,0.352,2.264,0.2273
2025-09-05,110659.99,4307.45,850.14,203.36,2.8147,0.8307,24.47,0.21788,3.828,22.28,0.3313,20.36,112.05,606.8,9.393,4.441,2.399,0.3596,2.345,0.2294
2025-09-06,110187.97,4273.14,860.85,200.16,2.8098,0.8184,24.38,0.21595,3.823,22.19,0.3145,20.2,112.13,595.3,9.333,4.409,2.402,0.3558,2.327,0.2272
2025-09-07,111137.34,4306.19,880.05,206.35,2.877,0.8351,24.68,0.22877,3.995,22.47,0.3312,20.49,114.9,603.2,9.396,4.484,2.465,0.3616,2.394,0.2308
2025-09-08,112065.23,4306.37,878.08,214.11,2.9697,0.8651,25.29,0.24164,4.045,23.04,0.3313,20.75,112.75,588.4,9.555,4.539,2.576,0.3776,2.439,0.2363
2025-09-09,111546.39,4310.09,880.01,217.21,2.9474,0.8652,25.93,0.24063,4.14,23.05,0.3351,20.47,111.92,580.5,9.539,4.591,2.634,0.3723,2.451,0.2331
2025-09-10,113960,4349.32,893.77,224.07,2.9834,0.8854,29.48,0.24536,4.216,23.57,0.3383,20.95,117.66,581.1,9.736,4.68,2.727,0.3833,2.492,0.2395
2025-09-11,115482.69,4458.82,902.77,228.73,3.0398,0.8939,29.15,0.25603,4.242,24.47,0.3463,21.42,115.83,596.4,9.986,4.692,2.745,0.3961,2.536,0.2442
2025-09-12,116029.42,4712.16,924.8,242.18,3.1054,0.9169,28.99,0.2755,4.319,25.13,0.3525,21.98,118.03,598.3,10.179,4.748,2.792,0.4046,2.561,0.2485
2025-09-13,115918.29,4666.53,933.68,242.38,3.1193,0.9294,30.08,0.28938,4.492,24.88,0.3497,22.06,119.22,598.5,10.122,4.823,2.81,0.405,2.62,0.2529
2025-09-14,115268.01,4604.49,926.51,239.76,3.0279,0.8879,29.44,0.27796,4.316,24.09,0.3485,21.13,115.1,601.6,9.414,4.635,2.706,0.3896,2.515,0.2394
2025-09-15,115349.71,4523.74,919.68,234.31,2.9969,0.8632,29.81,0.26831,4.151,23.56,0.3448,20.36,113.72,593.7,9.161,4.51,2.626,0.3805,2.412,0.2327
2025-09-16,116788.96,4501.29,955.65,236.96,3.0376,0.8803,30.08,0.26995,4.253,23.48,0.3423,20.52,115.03,598.8,9.321,4.547,2.708,0.3839,2.556,0.2374
2025-09-17,116447.59,4590.53,989.98,244.84,3.0841,0.9138,31.82,0.28256,4.403,23.99,0.3433,20.89,117,616.7,9.551,4.613,2.824,0.3954,2.569,0.2442
2025-09-18,117073.53,4587.66,981.04,247.5,3.0735,0.9244,35.19,0.27857,4.533,24.62,0.3505,20.99,118.19,624.4,9.604,4.672,3.175,0.3963,2.577,0.2461
2025-09-19,115632.38,4468.59,984.1,238.53,2.9901,0.8904,33.75,0.26527,4.359,23.47,0.3437,20.2,114.04,600.6,9.162,4.477,3.12,0.388,2.447,0.2339
2025-09-20,115685.63,4480.42,1043.77,239.48,2.975,0.8931,33.17,0.26759,4.356,23.34,0.3467,20.19,113.92,594.5,9.185,4.453,3.156,0.3861,2.444,0.2356
2025-09-21,115232.29,4444.97,1047.8,236.16,2.9701,0.884,33.04,0.26074,4.262,22.96,0.3426,19.88,114,593.6,9.043,4.4,3.129,0.3797,2.396,0.231
2025-09-22,112650.99,4199.08,992.9,220.38,2.8526,0.8256,33.86,0.24122,4.037,21.65,0.3399,18.71,105.65,567.1,8.231,4.161,2.962,0.3683,2.26,0.2139
2025-09-23,111998.8,4164.26,1015.98,213.3,2.8247,0.806,33.61,0.23709,3.966,21.52,0.336,18.8,106.07,556.7,8.057,4.127,2.919,0.3645,2.238,0.2108
2025-09-24,113307,4152.81,1018.49,211.6,2.9257,0.8127,32.31,0.24107,3.992,21.6,0.3382,18.6,105.52,556.4,7.899,4.153,3.023,0.3746,2.227,0.2128
2025-09-25,108994.49,3874.36,945.9,192.74,2.7435,0.7637,28.64,0.22292,3.804,20.14,0.3319,17.89,102.28,536.5,7.455,4.012,2.728,0.3505,2.12,0.2029
2025-09-26,109643.46,4032.24,960.8,205.17,2.7835,0.7919,29.09,0.23244,3.924,21.07,0.3383,18.4,104.55,548.1,7.619,4.114,2.778,0.3619,2.196,0.2085
2025-09-27,109635.85,4018.38,968.45,203.46,2.8047,0.7809,28.74,0.23077,3.889,20.91,0.3366,18.25,104.46,543.7,7.617,4.111,2.728,0.3608,2.19,0.2056
2025-09-28,112163.95,4142.16,993.01,210.83,2.8674,0.8086,30.01,0.23735,3.997,21.68,0.3357,18.54,106.88,556.4,7.751,4.183,2.8,0.3676,2.215,0.208
2025-09-29,114311.96,4215.07,1029.79,212.75,2.8801,0.8061,30.41,0.23478,3.98,21.74,0.3368,18.63,106.76,561,7.744,4.113,2.775,0.3718,2.21,0.2076
2025-09-30,114048.93,4145.15,1008.51,208.68,2.8468,0.8072,30.01,0.23293,3.909,21.3,0.3336,18.44,106.88,560.6,7.641,4.1,2.629,0.364,2.188,0.2079
2025-10-01,118594.99,4348.03,1026.5,222.04,2.9485,0.8508,30.73,0.24906,4.126,22.58,0.3415,19.57,115.1,592.8,8.072,4.136,2.833,0.3982,2.296,0.2209
2025-10-02,120529.35,4484.35,1090.22,234.74,3.0389,0.8706,30.98,0.262,4.306,22.77,0.3426,20.07,119.54,594.5,8.353,4.315,2.968,0.4087,2.385,0.225
2025-10-03,122232,4512.87,1189.4,232.84,3.0401,0.8655,31.31,0.25819,4.32,22.5,0.3419,19.94,120.56,608.5,8.176,4.278,3.032,0.4062,2.391,0.2247
2025-10-04,122391,4487.15,1150.75,227.86,2.9685,0.8395,30.12,0.25084,4.187,22.01,0.3404,19.45,120.51,589.9,8.025,4.136,2.961,0.3938,2.315,0.2198
2025-10-05,123482.31,4514.32,1167.38,228.56,2.9697,0.8371,30.07,0.25284,4.134,22,0.3413,19.41,118.85,594.2,8.059,4.148,2.957,0.3962,2.331,0.2186
2025-10-06,124658.54,4684.01,1223.19,232.35,2.9883,0.8715,30.61,0.26603,4.398,23.37,0.3461,19.98,118.32,598.8,8.342,4.272,3.049,0.4085,2.407,0.2293
2025-10-07,121332.95,4447.7,1304.43,219.97,2.852,0.8198,27.93,0.24682,4.139,21.79,0.3379,19.03,116.91,576.2,7.765,4.056,2.949,0.3836,2.28,0.2189
2025-10-08,123306,4525.72,1307.4,229.02,2.8797,0.8387,28.82,0.25564,4.194,22.63,0.342,19.63,118.6,583.1,8.072,4.173,2.964,0.3884,2.365,0.2241
2025-10-09,121662.4,4368.09,1255.35,220.93,2.8021,0.8152,28.38,0.24849,4.075,21.99,0.3369,19.17,125.9,580,7.855,4.057,2.88,0.3794,2.298,0.2203
2025-10-10,112774.5,3829.72,1102.47,188.43,2.3704,0.6353,20.68,0.19349,2.946,17.31,0.3205,14.38,96.88,513.5,5.792,2.946,2.382,0.3191,1.685,0.1754
2025-10-11,110644.4,3746.79,1135.07,177.62,2.3819,0.6316,21.46,0.18527,2.997,17.2,0.3144,15.04,93.34,500.1,5.855,3.143,2.3,0.323,1.563,0.1818
2025-10-12,114958.8,4152.29,1302.65,197,2.5282,0.7,22.51,0.20717,3.241,19,0.3227,16.7,98.98,540.7,6.619,3.483,2.456,0.3415,1.659,0.2025
2025-10-13,115166,4240.85,1294.55,208.69,2.6052,0.7284,23.8,0.2138,3.374,19.84,0.3227,17.47,99.45,546.5,7.051,3.645,2.619,0.3511,1.73,0.2131
2025-10-14,113028.14,4125.02,1208.52,202.44,2.5033,0.6989,22.74,0.20437,3.248,19.1,0.3168,16.88,97.33,538,6.822,3.471,2.46,0.3373,1.675,0.2053
2025-10-15,110763.28,3985.61,1162.57,193.84,2.4109,0.6684,21.9,0.19621,3.137,18.06,0.3192,16.29,95.5,522.2,6.569,3.334,2.325,0.3247,1.604,0.1965
2025-10-16,108194.28,3894.51,1144.83,184.85,2.328,0.6453,20.98,0.1885,3.016,17.43,0.316,15.82,91.79,504.8,6.279,3.256,2.198,0.3122,1.493,0.1851
2025-10-17,106431.68,3831.57,1071.15,181.96,2.2936,0.6245,19.96,0.1847,2.892,16.61,0.3089,15.36,90.12,469.8,6.132,3.152,2.149,0.3086,1.465,0.1773
2025-10-18,107185.01,3889.21,1092.43,187.56,2.3596,0.6343,20.21,0.18962,2.932,16.82,0.313,15.48,91.69,468.5,6.024,3.185,2.167,0.3146,1.495,0.1799
2025-10-19,108642.78,3982.58,1109.88,187.86,2.3908,0.6528,20.59,0.19535,3.009,17.29,0.3205,15.75,93.33,472.7,6.259,3.228,2.258,0.3179,1.532,0.1835
2025-10-20,110532.09,3979.22,1100.19,189.71,2.4948,0.6625,20.34,0.2,3.086,18.66,0.3224,16,94.01,478.7,6.336,3.273,2.26,0.3244,1.58,0.1868
2025-10-21,108297.67,3873.05,1057.16,185.63,2.4222,0.6428,19.54,0.19427,3.006,17.61,0.3217,15.69,92.46,480.8,6.253,3.188,2.217,0.3141,1.561,0.1811
2025-10-22,107567.44,3805.53,1071.82,180.12,2.3647,0.6238,19.02,0.18993,2.918,17.2,0.3226,15.43,91.88,473.2,6.037,3.114,2.164,0.3081,1.519,0.1784
2025-10-23,110078.18,3856.8,1126.72,191.35,2.3947,0.6428,19.14,0.19493,3.002,17.44,0.3139,15.67,94.04,480.3,6.313,3.182,2.202,0.3115,1.556,0.1814
2025-10-24,111004.89,3934.88,1109.01,193.59,2.5103,0.656,19.49,0.19775,3.078,17.89,0.3037,16,96.45,503.2,6.243,3.186,2.273,0.3195,1.569,0.1857
2025-10-25,111646.27,3953.82,1116.53,193.84,2.5959,0.6542,19.71,0.19652,3.09,18.02,0.2971,15.98,96.97,508.2,6.245,3.15,2.279,0.3249,1.56,0.1853
2025-10-26,114559.4,4158.46,1138.19,200.03,2.6461,0.6812,20.82,0.20577,3.195,18.55,0.3003,16.64,100.02,559.4,6.665,3.254,2.369,0.3304,1.653,0.1907
2025-10-27,114107.65,4120.15,1138.88,198.7,2.634,0.667,20.33,0.20038,3.139,18.22,0.2983,16.52,99.39,555.6,6.514,3.178,2.332,0.3228,1.64,0.1857
2025-10-28,112898.45,3979.2,1103.45,194.15,2.6034,0.6459,19.47,0.19362,3.051,17.83,0.2954,15.9,96.65,557.6,6.339,3.098,2.234,0.3184,1.558,0.1844
2025-10-29,110021.29,3902.99,1107.7,193.88,2.5502,0.6401,19.66,0.19237,3.079,18.13,0.2961,15.97,98.53,555.6,6.295,3.095,2.276,0.3158,1.584,0.1838
2025-10-30,108322.88,3805.09,1079.05,184.69,2.4393,0.6016,18.11,0.18268,2.871,16.8,0.2925,15.42,93.39,541.2,5.846,2.951,2.1,0.2984,1.463,0.1741
2025-10-31,109608.01,3847.99,1088.9,187.21,2.5097,0.6091,18.19,0.18644,2.882,17.24,0.2962,15.86,95.38,535.1,5.744,2.962,2.099,0.305,1.515,0.1774
2025-11-01,110098.1,3873.77,1094.53,186.35,2.5053,0.6128,18.73,0.18736,2.971,17.14,0.2975,16.34,101.38,554,5.863,3.03,2.174,0.3051,1.672,0.1793
2025-11-02,110540.68,3906.58,1083.25,187.71,2.5267,0.6106,18.8,0.18638,2.985,17.58,0.2981,16.37,99.42,536.9,5.859,3.054,2.19,0.3047,1.666,0.1783
2025-11-03,106583.04,3603.83,993.54,166.06,2.3096,0.5528,16.65,0.16741,2.585,15.25,0.2813,15.01,87.43,505.9,5.198,2.506,1.912,0.2782,1.443,0.1602
2025-11-04,101497.22,3287.05,936.77,155.03,2.2053,0.5208,15.98,0.16223,2.508,14.68,0.2855,14.27,85.21,480,5.073,2.507,1.831,0.2695,1.367,0.154
2025-11-05,103885.16,3424.29,959.33,162.37,2.3432,0.5453,16.61,0.16719,2.672,15.09,0.2889,14.63,89.39,489.1,5.346,2.667,1.951,0.2802,1.397,0.1617
2025-11-06,101346.04,3315.14,950.4,155.28,2.213,0.5318,16.13,0.16164,2.669,14.74,0.2839,14.56,87,472.9,5.255,2.648,2.097,0.2697,1.893,0.1573
2025-11-07,103339.08,3436.05,991.15,161.79,2.3154,0.5763,17.74,0.17877,3.254,15.79,0.2923,17.91,101.87,512.3,5.875,3.051,2.768,0.2916,3.392,0.181
2025-11-08,102312.94,3401.51,991.03,158.02,2.2863,0.5688,17.5,0.17605,3.252,15.51,0.2916,16.38,106.95,495.8,6.011,2.953,2.937,0.2833,2.958,0.1778
2025-11-09,104722.96,3583.46,996.63,164.53,2.3662,0.579,17.77,0.1793,3.232,15.93,0.2906,16.16,110.31,503.5,6.574,2.972,3.075,0.2858,2.782,0.1778
2025-11-10,106011.13,3567.85,991.98,167.31,2.526,0.5928,18.18,0.18179,3.266,16.36,0.2965,16.49,104.25,517.6,9.347,3.108,2.787,0.3005,2.555,0.1888
2025-11-11,103058.99,3417.76,958.08,154.63,2.3915,0.5564,17,0.17206,3.054,15.28,0.2967,15.62,99.68,505.7,8.249,2.942,2.548,0.2818,2.228,0.1778
2025-11-12,101654.37,3414.92,952.86,153.42,2.3879,0.5458,16.82,0.17018,2.927,15.15,0.2946,15.29,97.59,507.4,7.568,2.891,2.535,0.2777,2.197,0.1722
2025-11-13,99692.02,3231.54,927.15,144.73,2.3225,0.5298,16.1,0.16384,2.853,14.54,0.2931,15.07,96.55,509.3,7.753,2.867,2.448,0.2684,2.068,0.1675
2025-11-14,94594,3112.4,915.25,138.92,2.2443,0.4984,15.13,0.15765,2.815,13.81,0.2925,14.73,97.7,479.6,6.992,2.8,2.355,0.2595,1.997,0.161
2025-11-15,95596.24,3167.88,932.28,139.61,2.2372,0.5036,15.53,0.16316,2.832,14.14,0.2948,15.3,101.71,502.5,7.357,2.854,2.407,0.2596,2.035,0.1636
2025-11-16,94261.44,3095.29,926.56,137.17,2.2149,0.4845,15.15,0.15857,2.784,13.73,0.2924,14.79,95.79,483.4,7.178,2.766,2.29,0.254,1.96,0.1589
2025-11-17,92215.14,3031.44,907.36,130.99,2.1637,0.4663,14.53,0.15214,2.666,13.33,0.2918,14.28,91.24,490.8,7.421,2.708,2.27,0.2471,2.02,0.1525
2025-11-18,92960.83,3123.66,932.79,140.69,2.2172,0.4752,14.58,0.16173,2.755,13.79,0.2903,14.65,95.66,523.2,7.5,2.76,2.276,0.256,1.986,0.1568
2025-11-19,91554.96,3025.48,897.77,137.06,2.1098,0.464,14.28,0.1546,2.692,13.53,0.2869,14.21,92.9,486.4,7.225,2.733,2.377,0.2466,1.88,0.1522
2025-11-20,86637.23,2834.22,866.51,133.67,1.9999,0.4324,13.81,0.14892,2.543,12.93,0.2805,13.49,87.24,480.8,6.57,2.739,2.074,0.2369,1.82,0.1441
2025-11-21,85129.43,2765.85,830.46,128.68,1.9509,0.4091,13.28,0.14029,2.348,12.11,0.2766,13.54,82.64,533.5,6.426,2.515,1.864,0.2318,1.66,0.137
2025-11-22,84739.74,2770.12,833.78,127.59,1.9509,0.4046,13.23,0.14027,2.311,12.17,0.2743,13.51,82.12,556.7,6.161,2.514,1.841,0.2301,1.615,0.1358
2025-11-23,86830,2802.16,843.6,130.58,2.0491,0.4085,13.27,0.145,2.258,12.53,0.275,13.56,83.09,539.3,6.136,2.497,1.822,0.2473,1.611,0.1438
2025-11-24,88300.01,2953.38,864.92,138.44,2.2276,0.4276,13.89,0.15181,2.34,12.97,0.2748,14.18,85.46,549.3,6.295,2.501,1.905,0.2547,1.642,0.1438
2025-11-25,87369.96,2959.36,862.57,138.96,2.2024,0.4218,14.18,0.15301,2.296,13.09,0.2745,14.17,85.3,527.3,6.233,2.467,1.913,0.2523,1.672,0.1465
2025-11-26,90484.02,3026.56,891.78,143.02,2.2233,0.4356,14.95,0.15474,2.344,13.46,0.2765,14.13,86.87,543.7,6.303,2.524,1.937,0.2586,1.676,0.1462
2025-11-27,91333.95,3015.23,895.74,140.85,2.1999,0.4331,15.02,0.15264,2.337,13.34,0.2803,13.88,86.59,532.7,6.141,2.52,1.906,0.2557,1.618,0.1443
2025-11-28,90890.7,3031.15,887.19,137.33,2.1795,0.4199,14.84,0.15017,2.284,13.13,0.281,13.81,84.22,548.6,6.129,2.439,1.879,0.2533,1.618,0.1434
2025-11-29,90802.44,2989.16,872.9,135.91,2.2009,0.4147,14.25,0.14837,2.259,12.99,0.2809,13.72,83.95,521.5,6.057,2.427,1.851,0.254,1.605,0.1393
2025-11-30,90360,2991.26,875.31,133.48,2.155,0.4143,13.71,0.14599,2.21,12.95,0.2815,13.73,82.38,540.8,6.042,2.376,1.805,0.248,1.571,0.1366
2025-12-01,86286.01,2799.07,826.61,126.66,2.0297,0.3856,12.76,0.13547,2.042,12.07,0.2769,12.97,77.55,523.2,5.599,2.268,1.627,0.2339,1.481,0.1304
2025-12-02,91277.88,2996.07,876.61,138.68,2.1532,0.4335,13.62,0.14577,2.249,13.47,0.281,13.59,82.79,545.3,5.92,2.365,1.804,0.2547,1.531,0.1387
2025-12-03,93429.95,3188.36,920.76,144.67,2.1976,0.4499,14.78,0.15166,2.366,14.64,0.2804,14.19,85.83,590.6,6.107,2.393,1.845,0.2579,1.596,0.1436
2025-12-04,92078.06,3133.26,899.92,139.01,2.096,0.4394,14.41,0.14739,2.272,14.25,0.2862,13.74,83.54,574.9,5.961,2.311,1.797,0.2519,1.545,0.1386
2025-12-05,89330.04,3021.78,883.57,133.29,2.0344,0.4157,13.21,0.13956,2.125,13.59,0.2856,13.14,80.38,559.6,5.474,2.197,1.681,0.2399,1.487,0.1327
2025-12-06,89236.79,3038.06,890.38,132.19,2.0309,0.4138,13.4,0.13975,2.128,13.92,0.2871,13.32,81.68,583.5,5.563,2.239,1.709,0.2394,1.492,0.1336
2025-12-07,90395.31,3059.85,894.37,132.24,2.0442,0.4173,13.49,0.13867,2.094,13.65,0.2868,13.12,81.43,598.5,5.461,2.18,1.702,0.2373,1.455,0.133
2025-12-08,90634.34,3124.16,897.12,133.25,2.0724,0.4328,13.64,0.14259,2.129,13.76,0.2814,13.44,83.87,579.1,5.616,2.249,1.745,0.2408,1.504,0.1335
2025-12-09,92678.8,3318.04,897.3,137.88,2.1062,0.4697,14.6,0.14797,2.293,14.41,0.2822,13.87,85.82,585,5.747,2.325,1.811,0.2531,1.545,0.1381
2025-12-10,92015.37,3324.14,893.43,136.26,2.0418,0.4536,14.11,0.14332,2.19,14.1,0.2801,13.68,84.3,572.6,5.602,2.267,1.76,0.25,1.468,0.135
2025-12-11,92513.38,3237.39,885.91,136.41,2.034,0.4255,13.42,0.14033,2.066,14.07,0.2805,13.25,82.93,574.3,5.548,2.185,1.673,0.2458,1.379,0.1298
2025-12-12,90268.42,3084.86,881.58,132.27,2.0074,0.4091,13.1,0.13692,2.012,13.63,0.2737,12.93,81.95,581.9,5.422,2.14,1.637,0.2386,1.345,0.1228
2025-12-13,90240.01,3114.64,896.82,133.14,2.0227,0.4105,13.37,0.13905,2.038,13.74,0.271,13.19,81.47,579.9,5.5,2.183,1.664,0.2377,1.35,0.1219
2025-12-14,88172.17,3063.5,877.27,129.4,1.9784,0.3963,12.88,0.13408,1.952,13.28,0.2773,12.79,78.96,558.3,5.31,2.103,1.591,0.2291,1.315,0.1189
2025-12-15,86432.08,2964.85,858.6,127.81,1.8981,0.3882,12.34,0.12975,1.902,12.85,0.2783,12.34,77.51,536.1,5.079,2.05,1.545,0.2205,1.264,0.1154
2025-12-16,87863.42,2962.3,875.63,129.15,1.9297,0.3859,12.35,0.13179,1.898,12.93,0.2802,12.68,79.08,546.3,5.198,1.999,1.57,0.2196,1.289,0.117
2025-12-17,86243.22,2833.49,843.07,123.27,1.8627,0.3673,11.87,0.12633,1.816,12.27,0.2796,12.07,76.01,546.7,4.966,1.944,1.481,0.2107,1.225,0.1114
2025-12-18,85516.41,2828.57,830.07,119.6,1.8076,0.3514,11.44,0.12207,1.759,11.93,0.2793,11.63,74.29,565.9,4.96,1.852,1.427,0.2071,1.188,0.1073
2025-12-19,88136.94,2979.5,856.17,126.27,1.9092,0.3767,12.26,0.13222,1.849,12.54,0.28,12.35,77.49,624.9,5.319,1.965,1.539,0.2194,1.308,0.1149
2025-12-20,88360.9,2977.93,854.17,125.81,1.9335,0.373,12.21,0.13194,1.832,12.56,0.2819,12.37,77.84,592.1,6.262,1.983,1.523,0.2183,1.374,0.1148
2025-12-21,88658.86,3002.02,858.64,126.03,1.9223,0.3662,12.14,0.13112,1.802,12.44,0.2883,12.21,76.79,591.1,6.117,1.942,1.509,0.2165,1.278,0.1115
2025-12-22,88620.79,3009.49,858.66,125.93,1.9043,0.3711,12.42,0.13258,1.784,12.58,0.2844,12.27,77.05,590.4,6.018,1.95,1.505,0.2206,1.299,0.1118
2025-12-23,87486,2965.02,844.3,124.01,1.8734,0.3628,12.18,0.12928,1.765,12.39,0.2836,12.07,77.01,572.5,5.81,1.971,1.486,0.2173,1.31,0.1138
2025-12-24,87669.45,2947.47,846.58,122.53,1.8628,0.3566,12.1,0.12856,1.738,12.28,0.2803,12.01,75.79,568.7,5.778,1.982,1.455,0.2121,1.271,0.1131
2025-12-25,87225.27,2903.95,829.64,120.06,1.8326,0.3434,12.09,0.12365,1.685,12.07,0.2787,11.65,75.71,589.8,5.815,1.957,1.439,0.21,1.215,0.1148
2025-12-26,87369.56,2927.99,834.72,122.26,1.8437,0.3496,12.34,0.12211,1.723,12.19,0.2795,11.72,76.87,594.9,5.829,2.048,1.519,0.2136,1.227,0.1183
2025-12-27,87877.01,2949.05,845.04,124.73,1.8735,0.37,12.69,0.12435,1.91,12.52,0.2849,12.23,80.33,623.4,5.967,2.08,1.595,0.2209,1.316,0.1203
2025-12-28,87952.71,2950.91,859.32,125.27,1.8654,0.3688,12.64,0.12393,1.851,12.5,0.285,12.2,78.73,622.4,6.23,2.074,1.582,0.2203,1.335,0.1199
2025-12-29,87237.13,2937.9,852.46,123.28,1.8508,0.3532,12.38,0.12288,1.824,12.3,0.285,11.93,78.32,599.2,5.995,1.965,1.524,0.2161,1.318,0.1173
2025-12-30,88485.49,2973.69,861.65,125.01,1.8776,0.3514,12.58,0.12336,1.811,12.42,0.2863,11.88,78.89,595.8,5.926,1.967,1.516,0.2107,1.322,0.1149
2025-12-31,87648.22,2971.64,864.3,124.65,1.8423,0.3335,12.32,0.11747,1.789,12.21,0.2845,11.48,76.85,599.5,5.64,1.93,1.514,0.201,1.298,0.1105
2026-01-01,88839.04,3004.19,864.39,126.9,1.8799,0.3565,13.59,0.12683,1.999,12.6,0.2871,12.06,79.97,593.2,5.809,2.069,1.627,0.2087,1.483,0.1202
2026-01-02,89995.13,3125.45,881.25,132.29,2.0069,0.3949,13.82,0.14188,2.166,13.27,0.289,12.52,81.93,609.8,6.038,2.168,1.692,0.2191,1.504,0.1275
2026-01-03,90628.01,3127.11,878.63,133.37,2.0182,0.3893,13.99,0.14315,2.125,13.23,0.2956,12.56,82.08,654.5,5.917,2.239,1.711,0.2222,1.494,0.1279
2026-01-04,91529.73,3144.7,895.43,134.12,2.0909,0.4007,14.25,0.14953,2.142,13.43,0.2939,12.82,82.26,639.1,5.85,2.34,1.728,0.233,1.494,0.1362
2026-01-05,93859.71,3224.99,910.31,137.9,2.3478,0.4211,14.45,0.15171,2.208,13.9,0.2922,13.31,83.46,645.2,6.162,2.369,1.774,0.2526,1.569,0.1396
2026-01-06,93747.97,3296.84,917.64,141.08,2.3042,0.4194,14.59,0.15055,2.235,14.04,0.2942,13.37,83.96,638.2,6.07,2.532,1.808,0.2438,1.593,0.1423
2026-01-07,91364.16,3168.72,900.3,136.39,2.1657,0.4022,14.11,0.14642,2.145,13.44,0.2981,12.88,81.71,629.2,5.726,2.433,1.722,0.2342,1.519,0.1364
2026-01-08,91099.99,3106.65,892.26,138.37,2.1232,0.3956,13.89,0.14194,2.111,13.21,0.295,12.61,81.31,632,5.488,2.461,1.686,0.2302,1.497,0.1344
2026-01-09,90641.28,3088.4,896.86,135.97,2.0958,0.3914,13.79,0.14071,2.083,13.14,0.2984,12.61,81.49,634.7,5.467,2.592,1.703,0.2284,1.488,0.1332
2026-01-10,90504.7,3086.72,907.93,135.84,2.0907,0.3886,13.74,0.13965,2.093,13.13,0.3024,12.54,81.19,643.9,5.476,2.57,1.689,0.2264,1.482,0.1337
2026-01-11,91013.65,3123.45,904.32,139.7,2.0745,0.391,13.7,0.13801,2.07,13.21,0.2995,12.37,78.79,649.1,5.456,2.574,1.702,0.2244,1.457,0.1323
2026-01-12,91296.2,3095.75,905.78,139.22,2.054,0.3862,13.53,0.13662,2.055,13.08,0.2998,12.26,76.12,621.7,5.367,2.487,1.675,0.2193,1.461,0.129
2026-01-13,95414,3325.82,943.73,145.51,2.1655,0.4218,14.75,0.14828,2.282,14.06,0.3071,13.29,78.18,617,5.73,2.636,1.859,0.2386,1.576,0.1385
2026-01-14,96951.78,3354.92,948.47,146.69,2.1394,0.4143,14.6,0.14718,2.226,14.11,0.3047,13.2,76.67,597.4,5.681,2.582,1.799,0.2361,1.592,0.1365
2026-01-15,95604.8,3318.69,931.2,142.4,2.0789,0.3936,13.82,0.14004,2.117,13.8,0.3126,12.65,72.21,590.8,5.35,2.477,1.722,0.2285,1.504,0.128
2026-01-16,95550.94,3296.28,938.16,144.89,2.0678,0.3955,13.59,0.13813,2.119,13.73,0.3096,12.76,75.22,599.5,5.315,2.494,1.731,0.226,1.52,0.1303
2026-01-17,95147.77,3310.56,947.12,143.72,2.0631,0.3973,13.75,0.13788,2.179,13.75,0.3188,12.85,74.92,594.1,5.352,2.567,1.751,0.2309,1.551,0.1315
2026-01-18,93673.14,3284.03,932.51,137.87,1.9914,0.3758,12.98,0.13164,2.065,13.32,0.3178,12.24,72.29,591.4,5.095,2.426,1.629,0.2182,1.45,0.1228
2026-01-19,92631,3189.55,923.6,133.44,1.986,0.3703,12.74,0.12916,2.028,12.88,0.3119,12.03,70.8,584,5.026,2.456,1.597,0.2157,1.384,0.1209
2026-01-20,88427.66,2939.88,884.2,125.8,1.89,0.3507,12.09,0.12336,1.897,12.12,0.297,11.54,67.12,573.2,4.803,2.295,1.506,0.207,1.312,0.1143
2026-01-21,89454.73,2982.27,883.36,129.54,1.9476,0.3659,12.42,0.12654,1.955,12.4,0.2993,11.66,68.48,584.8,4.94,2.382,1.529,0.2124,1.348,0.1177
2026-01-22,89559.67,2952.69,888.06,128.47,1.9236,0.3594,12.2,0.12437,1.927,12.27,0.3054,11.58,68.19,599.2,4.836,2.335,1.513,0.2115,1.319,0.1188
2026-01-23,89600.26,2956.41,891.63,127.43,1.9196,0.3602,12.13,0.12477,1.926,12.22,0.2979,11.67,68.07,595.7,4.873,2.368,1.509,0.2122,1.313,0.1203
2026-01-24,89225.34,2953.22,887.17,127.21,1.9143,0.3583,12.05,0.12423,1.93,12.2,0.2954,11.59,68.19,593.6,4.855,2.334,1.506,0.2115,1.315,0.1186
2026-01-25,86670.36,2816.89,866.02,118.85,1.8356,0.3391,11.49,0.11945,1.823,11.52,0.2957,11.14,67.3,572.2,4.637,2.236,1.436,0.2033,1.251,0.1147
2026-01-26,88347.08,2930.35,879.41,124.24,1.9041,0.3521,11.72,0.12236,1.875,11.95,0.2966,11.39,69.72,578.7,4.711,2.222,1.463,0.2074,1.269,0.1221
2026-01-27,89250,3026.77,898.36,127.19,1.9158,0.3608,12.14,0.12619,1.876,12.03,0.2947,11.58,70.03,600.2,4.8,2.244,1.49,0.2085,1.272,0.122
2026-01-28,89299.99,3010.78,902.91,125.35,1.9111,0.3583,12.07,0.125,1.87,11.84,0.2954,11.55,69.42,591.1,4.82,2.237,1.489,0.2105,1.28,0.1263
2026-01-29,84650.16,2822.59,868.69,117.82,1.8076,0.3347,11.04,0.11728,1.736,11.13,0.295,10.81,66.24,554.1,4.396,2.128,1.375,0.1987,1.194,0.1145
2026-01-30,84260.49,2707.38,858.81,117.59,1.7352,0.3208,10.87,0.11581,1.69,10.79,0.2942,10.6,65.47,553.2,4.276,2.112,1.323,0.1919,1.176,0.1121
2026-01-31,78741.09,2451.95,781.38,105.58,1.6472,0.2936,10.12,0.10426,1.547,9.99,0.2866,9.76,59.53,507.5,3.96,1.971,1.206,0.181,1.052,0.104
2026-02-01,76968.21,2270.15,758.54,100.79,1.5908,0.2858,9.91,0.10426,1.495,9.41,0.2847,9.5,58.49,516.2,3.837,1.91,1.173,0.1751,1.035,0.1005
2026-02-02,78738.61,2347.02,773.94,104.55,1.6198,0.2991,10.14,0.10792,1.543,9.81,0.2835,9.81,60.02,539.7,3.925,1.982,1.2,0.1787,1.083,0.1049
2026-02-03,75770.21,2233.72,754.78,97.89,1.5791,0.2917,9.93,0.10602,1.5,9.49,0.2861,9.57,59.48,527.1,3.86,2.036,1.176,0.1758,1.068,0.1064
2026-02-04,73165.83,2148.26,697.27,92.12,1.512,0.2864,9.72,0.10383,1.461,9.25,0.2833,9.34,58.89,532.5,3.801,1.995,1.16,0.1714,1.05,0.1031
2026-02-05,62909.86,1826.83,608.3,78.35,1.2146,0.2455,8.32,0.08849,1.248,7.92,0.2696,8.06,50.79,453.9,3.168,1.819,0.976,0.1471,0.883,0.0884
2026-02-06,70580.26,2063.38,657.21,87.46,1.4698,0.2762,9.28,0.09848,1.368,8.88,0.2741,8.84,55.02,523.2,3.552,1.987,1.087,0.1642,0.977,0.0989
2026-02-07,69289.38,2087.08,647,87.59,1.4231,0.2721,9.23,0.09823,1.372,8.91,0.2782,8.78,55.19,525.1,3.539,1.989,1.075,0.1619,0.976,0.0977
2026-02-08,70330.38,2089.74,639.93,86.99,1.4308,0.2701,9.08,0.09663,1.337,8.83,0.2778,8.57,54.53,527,3.468,1.95,1.038,0.1615,0.934,0.0969
2026-02-09,70138,2105.02,636.39,86.77,1.437,0.2699,9.06,0.09611,1.32,8.83,0.2791,8.59,54.45,533,3.493,1.96,1.03,0.1596,0.938,0.096
2026-02-10,68841.29,2022.67,619.85,82.99,1.3999,0.262,8.76,0.09277,1.283,8.57,0.2782,8.33,53.38,524.3,3.36,1.922,0.993,0.1585,0.902,0.0917
2026-02-11,67082.52,1941.18,608.11,79.3,1.3697,0.2559,8.63,0.09112,1.256,8.33,0.2784,8.14,52.32,516.2,3.369,1.945,0.962,0.1547,0.879,0.0891
2026-02-12,66272.17,1947.85,614.29,78.4,1.3635,0.2643,8.9,0.093,1.283,8.41,0.28,8.25,53.15,503,3.247,1.968,0.964,0.1563,0.914,0.0918
2026-02-13,68853.96,2048.72,618.94,84.33,1.4071,0.2728,9.14,0.09667,1.33,8.77,0.2823,8.53,55.03,563.9,3.398,2.122,1.024,0.1646,0.958,0.0941
2026-02-14,69822.95,2086.59,632.77,88.06,1.5094,0.295,9.59,0.11104,1.421,9.09,0.2826,9,55.99,562.9,3.629,2.186,1.086,0.1744,1.015,0.0997
2026-02-15,68832.58,1966.58,615.16,86.16,1.4753,0.2818,9.29,0.10269,1.357,8.79,0.2805,8.74,55.08,553.5,3.471,2.137,1.056,0.1702,0.963,0.0959
2026-02-16,68892.43,1998.33,627.19,86.45,1.4876,0.2858,9.26,0.10102,1.376,8.94,0.2846,8.84,55.13,569.2,3.601,2.292,1.058,0.1698,0.978,0.0947
2026-02-17,67503.52,1991.66,617.74,85.08,1.4743,0.2811,9.14,0.10066,1.347,8.82,0.2821,8.68,53.96,563.4,3.524,2.242,1.044,0.1657,0.96,0.0931
2026-02-18,66461,1955.91,604.8,81.61,1.4219,0.2735,8.86,0.09855,1.311,8.6,0.2788,8.44,53.32,558,3.403,2.346,1.017,0.1613,0.927,0.091
2026-02-19,67003.73,1949.08,607.83,82.5,1.4068,0.2729,8.91,0.09837,1.287,8.58,0.2849,8.27,52.7,560.4,3.391,2.292,1.007,0.1591,0.915,0.0892
2026-02-20,68020.01,1968.88,625.91,84.67,1.4292,0.2849,9.17,0.10011,1.341,8.95,0.2854,8.76,55.19,562.4,3.492,2.358,1.054,0.1627,0.958,0.0905
2026-02-21,67975.93,1973.35,625.61,85.17,1.4304,0.28,9.12,0.09841,1.36,8.87,0.289,9.05,54.9,564.1,3.609,2.314,1.059,0.161,0.97,0.0896
2026-02-22,67643.4,1957.82,614.8,82.79,1.3932,0.2717,8.87,0.09558,1.313,8.69,0.2906,8.52,53.48,570.7,3.491,2.25,1.022,0.155,0.93,0.0868
2026-02-23,64656.02,1856.3,596.41,77.9,1.3518,0.2623,8.36,0.09266,1.265,8.26,0.2816,8.36,51.35,495.8,3.349,2.12,0.981,0.1514,0.891,0.0839
2026-02-24,64058.15,1851.94,583.6,78.99,1.3482,0.2587,8.29,0.09137,1.238,8.19,0.2837,8.3,51.15,484.8,3.337,1.992,0.967,0.1496,0.88,0.0835
2026-02-25,67988.04,2057.48,629.42,88.06,1.4339,0.2971,9.51,0.10095,1.663,9.27,0.2853,9.15,56.76,492.9,4.055,1.942,1.172,0.1627,1.062,0.091
2026-02-26,67485.18,2027.68,625.74,85.91,1.4027,0.287,9.31,0.09701,1.609,9.09,0.2857,8.86,55.62,478.4,3.879,1.879,1.127,0.1622,1.026,0.088
2026-02-27,65872.1,1929.84,614.03,81.85,1.3562,0.2776,8.95,0.09337,1.599,8.71,0.2828,8.65,54.56,461.5,3.742,1.849,1.094,0.1588,0.994,0.0866
2026-02-28,66973.26,1964.51,617.14,84.35,1.3762,0.281,9.16,0.09405,1.662,8.85,0.2819,8.68,54.4,457.6,3.811,1.849,1.172,0.159,1.005,0.0879
2026-03-01,65776.47,1939.71,617.96,83.6,1.3524,0.2735,9.04,0.0919,1.534,8.67,0.2807,8.47,53.24,441.7,3.748,1.799,1.15,0.1541,0.964,0.0856
2026-03-02,68830.06,2027.35,637.79,86.64,1.39,0.2771,9.17,0.09356,1.509,8.96,0.2832,8.72,54.61,445.3,3.929,1.843,1.36,0.1557,0.987,0.088
2026-03-03,68338,1982.8,633.56,86.97,1.3607,0.2625,9.18,0.08997,1.533,8.8,0.2805,8.49,54.76,443.9,3.912,1.814,1.358,0.1515,1,0.0861
2026-03-04,72666.77,2127.28,657.99,90.85,1.4309,0.2763,9.5,0.09893,1.541,9.35,0.2871,8.85,56.77,466.9,3.977,1.879,1.311,0.1595,1.025,0.0888
2026-03-05,70890.72,2072.86,647.85,88.77,1.4037,0.2692,9.39,0.09356,1.53,9.21,0.2852,8.65,55.46,461.6,3.97,1.84,1.271,0.1569,1.011,0.0873
2026-03-06,68114.02,1978.68,627.31,84.7,1.3633,0.259,9.01,0.09129,1.488,8.8,0.2846,8.25,53.81,449.7,3.848,1.809,1.227,0.1522,0.978,0.0844
2026-03-07,67262.91,1969.59,620.26,83.22,1.3567,0.2544,8.91,0.08993,1.448,8.7,0.2866,8.12,53.58,450.2,3.771,1.785,1.214,0.1504,0.952,0.083
2026-03-08,65971.2,1937.1,611.98,81.59,1.34,0.2493,8.82,0.08915,1.452,8.52,0.2891,7.99,52.59,443.1,3.661,1.738,1.212,0.1482,0.934,0.0818
2026-03-09,68432.16,1992.98,634.64,84.96,1.3631,0.2552,9.26,0.09049,1.494,8.87,0.2856,8.16,53.77,444.6,3.861,1.743,1.235,0.1508,0.939,0.0833
2026-03-10,69948.63,2036.51,642,85.88,1.3863,0.2621,9.53,0.09452,1.486,8.99,0.2858,8.23,53.87,447.1,3.843,1.788,1.284,0.1586,0.866,0.0853
2026-03-11,70191.86,2051.97,651.46,86.58,1.3847,0.2626,9.55,0.09288,1.522,8.99,0.2913,8.28,54.8,455.1,3.898,1.84,1.299,0.1592,0.878,0.0862
2026-03-12,70541.34,2073.52,651.72,86.84,1.3846,0.2636,9.67,0.09475,1.518,9.05,0.2891,8.27,54.56,455.2,3.918,1.838,1.368,0.16,0.877,0.089
2026-03-13,70930,2092.22,655.73,88.18,1.3989,0.2656,9.72,0.09596,1.464,9.08,0.2934,8.49,55.3,461,4.004,1.862,1.336,0.1641,0.869,0.0939
2026-03-14,71211.95,2096.16,657.7,88.03,1.4063,0.2634,9.73,0.09604,1.414,9.17,0.2978,8.26,54.98,467.6,3.948,1.87,1.325,0.1665,0.883,0.091
2026-03-15,72815.24,2178.3,673.77,92.3,1.4487,0.2702,9.95,0.09738,1.441,9.5,0.2987,8.48,56.27,469.7,4.069,1.861,1.35,0.1693,0.895,0.0926
2026-03-16,74884.67,2352.97,679.71,96.2,1.543,0.2904,10.49,0.10304,1.64,9.92,0.2956,9.03,58.7,478.8,4.157,1.978,1.49,0.176,0.99,0.0972
2026-03-17,73909.36,2317.39,668.61,94.62,1.5182,0.2891,10.2,0.10015,1.62,9.79,0.3068,8.86,58.09,470.7,3.957,1.961,1.452,0.1736,0.969,0.0947
2026-03-18,71246.54,2203.39,652.27,90.08,1.4647,0.2742,9.69,0.09526,1.577,9.22,0.3045,8.51,56.08,456.9,3.681,1.909,1.386,0.1702,0.925,0.0901
2026-03-19,69930,2137.81,639.15,88.89,1.4475,0.2675,9.48,0.09354,1.521,9.04,0.3036,8.34,55.54,455.6,3.579,1.811,1.335,0.1654,0.895,0.0893
2026-03-20,70510.73,2146.22,642.11,89.84,1.4452,0.2661,9.56,0.09416,1.499,9.12,0.3097,8.41,56.17,474.6,3.605,1.834,1.316,0.1654,0.902,0.0898
2026-03-21,68918.12,2084.87,630.7,87.56,1.4086,0.2574,9.21,0.09135,1.468,8.82,0.3121,8.18,54.81,462.6,3.486,1.793,1.281,0.1621,0.882,0.0868
2026-03-22,67859,2053.89,626.41,86.2,1.3848,0.2506,9.03,0.09015,1.413,8.68,0.3104,8.03,53.51,467.4,3.471,1.769,1.274,0.156,0.848,0.0855
2026-03-23,70906.45,2152.03,639.11,91.43,1.4323,0.2616,9.56,0.09415,1.421,9.11,0.3081,8.59,55.72,478,3.587,1.786,1.311,0.1668,0.923,0.0875
2026-03-24,70556.74,2156.23,638.3,90.8,1.416,0.2664,9.62,0.0951,1.401,9.25,0.3061,8.67,56.38,477.4,3.609,1.787,1.292,0.1738,0.923,0.0872
2026-03-25,71336.53,2169.02,647.66,91.7,1.4145,0.2705,9.68,0.09618,1.363,9.37,0.3146,8.68,56.65,473.6,3.708,1.765,1.28,0.1774,0.928,0.0875
2026-03-26,68820.31,2060.43,628.86,86.53,1.3609,0.2547,9.11,0.09205,1.321,8.91,0.3115,8.21,54.59,461.9,3.528,1.699,1.224,0.1738,0.869,0.084
2026-03-27,66407.28,1992.75,613.95,83.11,1.3257,0.2461,8.79,0.09011,1.292,8.57,0.3113,8.09,53.72,472.9,3.388,1.676,1.18,0.1674,0.839,0.0815
2026-03-28,66377.03,1994.74,611.08,82.09,1.3333,0.246,8.75,0.091,1.259,8.44,0.3167,8.04,53.85,481.2,3.384,1.666,1.173,0.168,0.801,0.0816
2026-03-29,66010.93,1984.64,606.09,81.44,1.3278,0.2398,8.6,0.09045,1.261,8.42,0.322,7.95,53.32,452.7,3.355,1.646,1.164,0.1645,0.802,0.0812
2026-03-30,66797.37,2026.48,609.29,82.54,1.3242,0.2434,8.81,0.09083,1.243,8.62,0.32,8.07,53.34,460.3,3.48,1.665,1.162,0.1674,0.816,0.0822
2026-03-31,68284.48,2105.43,617.43,83.2,1.3411,0.2418,8.91,0.09232,1.253,8.78,0.3133,8.19,53.95,466.5,3.545,1.707,1.189,0.1673,0.832,0.0939
2026-04-01,68113.92,2140.35,610.81,81.18,1.3478,0.2484,9.13,0.09219,1.255,8.94,0.3156,8.19,53.82,455.1,3.567,1.676,1.191,0.1694,0.837,0.1026
2026-04-02,66901.99,2057.17,583.52,78.94,1.32,0.2394,8.75,0.0904,1.237,8.63,0.3152,7.88,52.29,444.3,3.174,1.668,1.162,0.163,0.817,0.1064
2026-04-03,66964.3,2053.83,588.31,80.4,1.3184,0.2463,8.91,0.09156,1.239,8.65,0.3151,8.08,53.24,443,3.171,1.688,1.209,0.163,0.835,0.1232
2026-04-04,67300.42,2065.52,593.36,80.83,1.3153,0.2479,8.99,0.09207,1.254,8.69,0.3176,8.62,53.59,441.2,3.125,1.713,1.255,0.1619,0.839,0.1205
2026-04-05,69034.18,2110.17,601.5,81.89,1.3263,0.2508,9.06,0.09238,1.245,8.82,0.3189,8.73,54.11,428.6,3.148,1.698,1.248,0.1627,0.845,0.1215
2026-04-06,68853.66,2107.16,600.11,80.03,1.3212,0.2461,8.91,0.09061,1.241,8.81,0.3165,8.42,53.53,435.1,3.096,1.703,1.248,0.1557,0.858,0.1186
2026-04-07,71924.22,2240.01,620.1,85.56,1.3787,0.2627,9.43,0.09492,1.314,9.29,0.3156,8.86,55.36,445.9,3.286,1.807,1.31,0.1635,0.916,0.1171
2026-04-08,71069.93,2190,601.16,82.57,1.3428,0.2508,9.05,0.0924,1.269,8.85,0.318,8.42,53.95,441.3,3.121,1.779,1.33,0.1578,0.884,0.1141
2026-04-09,71787.97,2190.2,603.03,83.33,1.3438,0.2541,9.37,0.0926,1.3,8.95,0.3203,8.43,54.55,443.1,3.107,1.801,1.366,0.1548,0.905,0.1122
2026-04-10,72962.7,2245.05,605.54,84.83,1.3559,0.2542,9.39,0.09368,1.305,9.09,0.3192,8.49,54.96,443.8,3.166,1.806,1.361,0.1552,0.915,0.1102
2026-04-11,73043.16,2284.99,607.05,84.93,1.3546,0.2495,9.38,0.09309,1.286,9.06,0.3189,8.44,55.06,437.7,3.15,1.778,1.402,0.1535,0.9,0.1083
2026-04-12,70740.98,2191.65,592.19,81.53,1.3247,0.2361,9.03,0.09084,1.225,8.73,0.3213,8.13,53.48,421.3,3.018,1.723,1.346,0.1502,0.858,0.1018
2026-04-13,74417.99,2369.46,614.71,86.51,1.3756,0.2486,9.66,0.09411,1.229,9.36,0.3204,8.6,54.62,438.2,3.234,1.779,1.419,0.1564,0.919,0.1092
2026-04-14,74131.55,2322.44,613.75,83.72,1.3617,0.2396,9.31,0.09297,1.167,9.02,0.3237,8.31,54.28,436.2,3.132,1.744,1.36,0.1547,0.884,0.1078
2026-04-15,74809.99,2359.95,622.59,84.9,1.3922,0.246,9.43,0.09488,1.182,9.26,0.3272,8.45,55.15,440.8,3.224,1.767,1.409,0.1579,0.917,0.1126
2026-04-16,75154.29,2348.17,635.77,89.05,1.453,0.2591,9.73,0.09921,1.329,9.59,0.327,8.75,56.36,454.9,3.429,1.81,1.432,0.1693,0.998,0.1157
2026-04-17,77072,2419,643.12,88.76,1.4757,0.2586,9.72,0.09941,1.334,9.62,0.3278,8.78,56.39,453.4,3.453,1.833,1.407,0.1742,0.983,0.111
