Model,Coin,Lookback,MAE_Window,MAPE_Window,Total_Attempts,Final_Style,Actual_30_Days,Predicted_30_Days
Qwen/Qwen2.5-3B-Instruct,ADAUSDT,1,0.046,11.76,0,0,"[0.3565, 0.3949, 0.3893, 0.4007, 0.4211, 0.4194, 0.4022, 0.3956, 0.3914, 0.3886, 0.391, 0.3862, 0.4218, 0.4143, 0.3936, 0.3955, 0.3973, 0.3758, 0.3703, 0.3507, 0.3659, 0.3594, 0.3602, 0.3583, 0.3391, 0.3521, 0.3608, 0.3583, 0.3347, 0.3208]","[0.333502, 0.333504, 0.333507, 0.333511, 0.333516, 0.333522, 0.333529, 0.333538, 0.333549, 0.333562, 0.333577, 0.333594, 0.333613, 0.333634, 0.333657, 0.333682, 0.333709, 0.333738, 0.333769, 0.333802, 0.333837, 0.333874, 0.333913, 0.333954, 0.334, 0.334048, 0.334099, 0.333502, 0.333504, 0.333507]"
Qwen/Qwen2.5-3B-Instruct,ADAUSDT,1,0.0453,16.59,0,0,"[0.2936, 0.2858, 0.2991, 0.2917, 0.2864, 0.2455, 0.2762, 0.2721, 0.2701, 0.2699, 0.262, 0.2559, 0.2643, 0.2728, 0.295, 0.2818, 0.2858, 0.2811, 0.2735, 0.2729, 0.2849, 0.28, 0.2717, 0.2623, 0.2587, 0.2971, 0.287, 0.2776, 0.281, 0.2735]","[0.321, 0.3211, 0.3212, 0.3213, 0.3214, 0.3215, 0.3216, 0.3217, 0.3218, 0.3219, 0.322, 0.3221, 0.3222, 0.3223, 0.3224, 0.3225, 0.3226, 0.3227, 0.3228, 0.3229, 0.323, 0.3231, 0.3232, 0.3233, 0.3234, 0.3235, 0.3236, 0.3237, 0.3208, 0.3208]"
Qwen/Qwen2.5-3B-Instruct,ADAUSDT,1,0.0145,5.7,0,0,"[0.2771, 0.2625, 0.2763, 0.2692, 0.259, 0.2544, 0.2493, 0.2552, 0.2621, 0.2626, 0.2636, 0.2656, 0.2634, 0.2702, 0.2904, 0.2891, 0.2742, 0.2675, 0.2661, 0.2574, 0.2506, 0.2616, 0.2664, 0.2705, 0.2547, 0.2461, 0.246, 0.2398, 0.2434, 0.2418]","[0.273502, 0.273504, 0.273508, 0.273516, 0.273532, 0.273559, 0.273586, 0.273613, 0.27364, 0.273668, 0.273695, 0.273723, 0.27375, 0.273778, 0.273805, 0.273833, 0.27386, 0.273888, 0.273915, 0.273943, 0.27397, 0.273998, 0.274025, 0.274053, 0.27408, 0.274108, 0.274135, 0.274163, 0.27419, 0.274244]"
Qwen/Qwen2.5-3B-Instruct,ALGOUSDT,1,0.0161,12.33,0,0,"[0.1202, 0.1275, 0.1279, 0.1362, 0.1396, 0.1423, 0.1364, 0.1344, 0.1332, 0.1337, 0.1323, 0.129, 0.1385, 0.1365, 0.128, 0.1303, 0.1315, 0.1228, 0.1209, 0.1143, 0.1177, 0.1188, 0.1203, 0.1186, 0.1147, 0.1221, 0.122, 0.1263, 0.1145, 0.1121]","[0.110502, 0.110504, 0.110507, 0.11051, 0.110514, 0.110519, 0.110525, 0.110532, 0.11054, 0.110548, 0.110557, 0.110567, 0.110578, 0.110591, 0.110605, 0.110621, 0.110639, 0.110659, 0.110681, 0.110705, 0.110731, 0.110759, 0.110789, 0.110819, 0.110851, 0.110885, 0.110919, 0.110955, 0.110502, 0.110504]"
Qwen/Qwen2.5-3B-Instruct,ALGOUSDT,1,0.0188,20.69,0,0,"[0.104, 0.1005, 0.1049, 0.1064, 0.1031, 0.0884, 0.0989, 0.0977, 0.0969, 0.096, 0.0917, 0.0891, 0.0918, 0.0941, 0.0997, 0.0959, 0.0947, 0.0931, 0.091, 0.0892, 0.0905, 0.0896, 0.0868, 0.0839, 0.0835, 0.091, 0.088, 0.0866, 0.0879, 0.0856]","[0.112102, 0.112104, 0.112107, 0.11211, 0.112114, 0.112119, 0.112124, 0.112129, 0.112135, 0.112141, 0.112148, 0.112155, 0.112163, 0.112171, 0.112179, 0.112188, 0.112197, 0.112207, 0.112217, 0.112228, 0.112239, 0.112251, 0.112263, 0.112275, 0.112288, 0.112301, 0.112102, 0.112104, 0.112107, 0.11211]"
Qwen/Qwen2.5-3B-Instruct,ALGOUSDT,1,0.0036,4.04,0,0,"[0.088, 0.0861, 0.0888, 0.0873, 0.0844, 0.083, 0.0818, 0.0833, 0.0853, 0.0862, 0.089, 0.0939, 0.091, 0.0926, 0.0972, 0.0947, 0.0901, 0.0893, 0.0898, 0.0868, 0.0855, 0.0875, 0.0872, 0.0875, 0.084, 0.0815, 0.0816, 0.0812, 0.0822, 0.0939]","[0.0856, 0.0856, 0.0856, 0.0856, 0.0856, 0.0856, 0.0856, 0.0856, 0.0856, 0.0856, 0.0856, 0.0856, 0.0856, 0.0856, 0.0856, 0.0856, 0.0856, 0.0856, 0.0856, 0.0856, 0.0856, 0.0856, 0.0856, 0.0856, 0.0856, 0.0856, 0.0856, 0.0856, 0.0856, 0.0856]"
Qwen/Qwen2.5-3B-Instruct,ATOMUSDT,1,0.4488,18.51,0,0,"[2.069, 2.168, 2.239, 2.34, 2.369, 2.532, 2.433, 2.461, 2.592, 2.57, 2.574, 2.487, 2.636, 2.582, 2.477, 2.494, 2.567, 2.426, 2.456, 2.295, 2.382, 2.335, 2.368, 2.334, 2.236, 2.222, 2.244, 2.237, 2.128, 2.112]","[1.93, 1.93, 1.93, 1.93, 1.93, 1.93, 1.93, 1.93, 1.93, 1.93, 1.93, 1.93, 1.93, 1.93, 1.93, 1.93, 1.93, 1.93, 1.93, 1.93, 1.93, 1.93, 1.93, 1.93, 1.93, 1.93, 1.930001, 1.930002, 1.930003, 1.930004]"
Qwen/Qwen2.5-3B-Instruct,ATOMUSDT,1,0.1606,8.0,0,0,"[1.971, 1.91, 1.982, 2.036, 1.995, 1.819, 1.987, 1.989, 1.95, 1.96, 1.922, 1.945, 1.968, 2.122, 2.186, 2.137, 2.292, 2.242, 2.346, 2.292, 2.358, 2.314, 2.25, 2.12, 1.992, 1.942, 1.879, 1.849, 1.849, 1.799]","[2.112002, 2.112004, 2.112008, 2.112017, 2.112034, 2.112069, 2.112116, 2.112175, 2.112246, 2.11233, 2.112427, 2.112545, 2.112686, 2.112849, 2.113036, 2.113248, 2.113485, 2.113748, 2.114037, 2.114356, 2.114705, 2.115083, 2.1155, 2.115945, 2.11642, 2.116925, 2.117469, 2.118053, 2.118677, 2.112002]"
Qwen/Qwen2.5-3B-Instruct,ATOMUSDT,1,0.0654,3.66,0,0,"[1.843, 1.814, 1.879, 1.84, 1.809, 1.785, 1.738, 1.743, 1.788, 1.84, 1.838, 1.862, 1.87, 1.861, 1.978, 1.961, 1.909, 1.811, 1.834, 1.793, 1.769, 1.786, 1.787, 1.765, 1.699, 1.676, 1.666, 1.646, 1.665, 1.707]","[1.8001, 1.8003, 1.8006, 1.8009, 1.8012, 1.8016, 1.802, 1.8024, 1.8028, 1.8032, 1.8036, 1.804, 1.8044, 1.8048, 1.8052, 1.8056, 1.806, 1.8064, 1.8068, 1.8072, 1.8076, 1.808, 1.8084, 1.8088, 1.8092, 1.8096, 1.81, 1.8001, 1.8003, 1.8006]"
Qwen/Qwen2.5-3B-Instruct,AVAXUSDT,1,1.17,8.65,1,0,"[13.59, 13.82, 13.99, 14.25, 14.45, 14.59, 14.11, 13.89, 13.79, 13.74, 13.7, 13.53, 14.75, 14.6, 13.82, 13.59, 13.75, 12.98, 12.74, 12.09, 12.42, 12.2, 12.13, 12.05, 11.49, 11.72, 12.14, 12.07, 11.04, 10.87]","[12.32, 12.32, 12.32, 12.32, 12.32, 12.32, 12.32, 12.32, 12.32, 12.32, 12.32, 12.32, 12.32, 12.32, 12.32, 12.32, 12.32, 12.32, 12.32, 12.32, 12.32, 12.32, 12.32, 12.32, 12.32, 12.32, 12.32, 12.32, 12.32, 12.32]"
Qwen/Qwen2.5-3B-Instruct,AVAXUSDT,1,2.0627,22.88,0,0,"[10.12, 9.91, 10.14, 9.93, 9.72, 8.32, 9.28, 9.23, 9.08, 9.06, 8.76, 8.63, 8.9, 9.14, 9.59, 9.29, 9.26, 9.14, 8.86, 8.91, 9.17, 9.12, 8.87, 8.36, 8.29, 9.51, 9.31, 8.95, 9.16, 9.04]","[10.9, 10.93, 10.96, 10.99, 11.02, 11.05, 11.08, 11.11, 11.14, 11.17, 11.2, 11.23, 11.26, 11.29, 11.32, 11.35, 11.38, 11.41, 11.44, 11.47, 11.5, 11.53, 11.56, 11.59, 11.62, 11.65, 10.9, 10.93, 10.96, 10.99]"
Qwen/Qwen2.5-3B-Instruct,AVAXUSDT,1,0.4373,4.55,0,0,"[9.17, 9.18, 9.5, 9.39, 9.01, 8.91, 8.82, 9.26, 9.53, 9.55, 9.67, 9.72, 9.73, 9.95, 10.49, 10.2, 9.69, 9.48, 9.56, 9.21, 9.03, 9.56, 9.62, 9.68, 9.11, 8.79, 8.75, 8.6, 8.81, 8.91]","[9.040002, 9.040004, 9.040008, 9.040017, 9.040034, 9.040068, 9.040136, 9.040273, 9.040547, 9.040914, 9.041394, 9.041987, 9.042603, 9.043244, 9.04391, 9.0446, 9.045315, 9.046056, 9.046823, 9.047614, 9.048431, 9.049273, 9.050141, 9.051035, 9.051956, 9.052903, 9.053875, 9.054873, 9.0559, 9.040002]"
Qwen/Qwen2.5-3B-Instruct,BCHUSDT,1,22.2134,3.63,0,0,"[593.2, 609.8, 654.5, 639.1, 645.2, 638.2, 629.2, 632.0, 634.7, 643.9, 649.1, 621.7, 617.0, 597.4, 590.8, 599.5, 594.1, 591.4, 584.0, 573.2, 584.8, 599.2, 595.7, 593.6, 572.2, 578.7, 600.2, 591.1, 554.1, 553.2]","[599.500017, 599.500026, 599.500035, 599.500044, 599.500053, 599.500062, 599.500071, 599.50008, 599.500089, 599.500098, 599.500107, 599.500116, 599.500125, 599.500134, 599.500143, 599.500152, 599.500161, 599.50017, 599.500179, 599.500188, 599.500197, 599.500206, 599.500215, 599.500224, 599.500233, 599.500242, 599.500251, 599.50026, 599.500269, 599.500017]"
Qwen/Qwen2.5-3B-Instruct,BCHUSDT,1,37.3036,7.62,0,0,"[507.5, 516.2, 539.7, 527.1, 532.5, 453.9, 523.2, 525.1, 527.0, 533.0, 524.3, 516.2, 503.0, 563.9, 562.9, 553.5, 569.2, 563.4, 558.0, 560.4, 562.4, 564.1, 570.7, 495.8, 484.8, 492.9, 478.4, 461.5, 457.6, 441.7]","[553.200796, 553.200792, 553.200792, 553.200792, 553.200792, 553.200792, 553.200792, 553.200792, 553.200792, 553.200792, 553.200792, 553.200792, 553.200792, 553.200792, 553.200792, 553.200792, 553.200792, 553.200792, 553.200792, 553.200792, 553.200792, 553.200792, 553.200792, 553.200792, 553.200804, 553.200804, 553.200804, 553.200804, 553.200804, 553.200804]"
Qwen/Qwen2.5-3B-Instruct,BCHUSDT,1,20.0235,4.28,0,0,"[445.3, 443.9, 466.9, 461.6, 449.7, 450.2, 443.1, 444.6, 447.1, 455.1, 455.2, 461.0, 467.6, 469.7, 478.8, 470.7, 456.9, 455.6, 474.6, 462.6, 467.4, 478.0, 477.4, 473.6, 461.9, 472.9, 481.2, 452.7, 460.3, 466.5]","[441.700908, 441.701816, 441.702724, 441.703632, 441.70454, 441.705448, 441.706356, 441.707264, 441.708172, 441.70908, 441.709988, 441.710896, 441.711804, 441.712712, 441.71362, 441.714528, 441.715436, 441.716344, 441.717252, 441.71816, 441.719068, 441.719976, 441.720884, 441.721792, 441.7227, 441.723608, 441.724516, 441.725424, 441.726332, 441.700908]"
Qwen/Qwen2.5-3B-Instruct,BNBUSDT,1,37.0161,4.04,0,0,"[864.39, 881.25, 878.63, 895.43, 910.31, 917.64, 900.3, 892.26, 896.86, 907.93, 904.32, 905.78, 943.73, 948.47, 931.2, 938.16, 947.12, 932.51, 923.6, 884.2, 883.36, 888.06, 891.63, 887.17, 866.02, 879.41, 898.36, 902.91, 868.69, 858.81]","[864.300014, 864.300029, 864.300044, 864.300059, 864.300074, 864.300089, 864.300104, 864.300119, 864.300134, 864.300149, 864.300164, 864.300179, 864.300194, 864.300209, 864.300224, 864.300239, 864.300254, 864.300269, 864.300284, 864.300299, 864.300314, 864.300329, 864.300344, 864.300359, 864.300374, 864.300389, 864.300404, 864.300419, 864.300014, 864.300029]"
Qwen/Qwen2.5-3B-Instruct,BNBUSDT,1,227.1087,36.21,0,0,"[781.38, 758.54, 773.94, 754.78, 697.27, 608.3, 657.21, 647.0, 639.93, 636.39, 619.85, 608.11, 614.29, 618.94, 632.77, 615.16, 627.19, 617.74, 604.8, 607.83, 625.91, 625.61, 614.8, 596.41, 583.6, 629.42, 625.74, 614.03, 617.14, 617.96]","[859.810007, 860.810007, 861.810007, 862.810007, 863.810007, 864.810007, 865.810007, 866.810007, 867.810007, 868.810007, 869.810007, 870.810007, 871.810007, 872.810007, 873.810007, 874.810007, 875.810007, 876.810007, 877.810007, 878.810007, 879.810007, 880.810007, 881.810007, 882.810007, 859.810007, 860.810007, 861.810007, 862.810007, 863.810007, 864.810007]"
Qwen/Qwen2.5-3B-Instruct,BNBUSDT,1,23.0283,3.54,0,0,"[637.79, 633.56, 657.99, 647.85, 627.31, 620.26, 611.98, 634.64, 642.0, 651.46, 651.72, 655.73, 657.7, 673.77, 679.71, 668.61, 652.27, 639.15, 642.11, 630.7, 626.41, 639.11, 638.3, 647.66, 628.86, 613.95, 611.08, 606.09, 609.29, 617.43]","[618.0, 618.0, 618.0, 618.0, 618.0, 618.0, 618.0, 618.0, 618.0, 618.0, 618.0, 618.0, 618.0, 618.0, 618.0, 618.0, 618.0, 618.0, 618.0, 618.0, 618.0, 618.0, 618.0, 618.0, 618.0, 618.0, 618.0, 618.0, 618.0, 618.0]"
Qwen/Qwen2.5-3B-Instruct,BTCUSDT,1,8106.4527,8.96,0,0,"[88839.04, 89995.13, 90628.01, 91529.73, 93859.71, 93747.97, 91364.16, 91099.99, 90641.28, 90504.7, 91013.65, 91296.2, 95414.0, 96951.78, 95604.8, 95550.94, 95147.77, 93673.14, 92631.0, 88427.66, 89454.73, 89559.67, 89600.26, 89225.34, 86670.36, 88347.08, 89250.0, 89299.99, 84650.16, 84260.49]","[220000.0, 87650.22, 87651.22, 87652.22, 87653.22, 87654.22, 87655.22, 87656.22, 87657.22, 87658.22, 87659.22, 87660.22, 87661.22, 87662.22, 87663.22, 87664.22, 87665.22, 87666.22, 87667.22, 87668.22, 87669.22, 87670.22, 87671.22, 87672.22, 87673.22, 87674.22, 87675.22, 87676.22, 87677.22, 87678.22]"
Qwen/Qwen2.5-3B-Instruct,BTCUSDT,1,42221.6393,60.07,0,0,"[78741.09, 76968.21, 78738.61, 75770.21, 73165.83, 62909.86, 70580.26, 69289.38, 70330.38, 70138.0, 68841.29, 67082.52, 66272.17, 68853.96, 69822.95, 68832.58, 68892.43, 67503.52, 66461.0, 67003.73, 68020.01, 67975.93, 67643.4, 64656.02, 64058.15, 67988.04, 67485.18, 65872.1, 66973.26, 65776.47]","[490001.0, 84260.490001, 84260.490001, 84260.490001, 84260.490001, 84260.490001, 84260.490001, 84260.490001, 84260.490001, 84260.490001, 84260.490001, 84260.490001, 84260.490001, 84260.490001, 84260.490001, 84260.490001, 84260.490001, 84260.490001, 84260.490001, 84260.490001, 84260.490001, 84260.490001, 84260.490001, 84260.490001, 84260.490001, 84260.490001, 84260.490001, 84260.490001, 84260.49, 490001.0]"
Qwen/Qwen2.5-3B-Instruct,BTCUSDT,1,16969.7577,24.49,0,0,"[68830.06, 68338.0, 72666.77, 70890.72, 68114.02, 67262.91, 65971.2, 68432.16, 69948.63, 70191.86, 70541.34, 70930.0, 71211.95, 72815.24, 74884.67, 73909.36, 71246.54, 69930.0, 70510.73, 68918.12, 67859.0, 70906.45, 70556.74, 71336.53, 68820.31, 66407.28, 66377.03, 66010.93, 66797.37, 68284.48]","[470000.0, 65799.47, 65809.47, 65819.47, 65829.47, 65839.47, 65849.47, 65859.47, 65869.47, 65879.47, 65889.47, 65899.47, 65909.47, 65919.47, 65929.47, 65939.47, 65949.47, 65959.47, 65969.47, 65979.47, 65989.47, 65999.47, 66009.47, 66019.47, 66029.47, 66039.47, 66049.47, 66059.47, 66069.47, 66079.47]"
Qwen/Qwen2.5-3B-Instruct,DOGEUSDT,1,0.0168,11.94,0,0,"[0.12683, 0.14188, 0.14315, 0.14953, 0.15171, 0.15055, 0.14642, 0.14194, 0.14071, 0.13965, 0.13801, 0.13662, 0.14828, 0.14718, 0.14004, 0.13813, 0.13788, 0.13164, 0.12916, 0.12336, 0.12654, 0.12437, 0.12477, 0.12423, 0.11945, 0.12236, 0.12619, 0.125, 0.11728, 0.11581]","[0.117499, 0.117509, 0.11752, 0.117531, 0.117543, 0.117555, 0.117568, 0.117581, 0.117594, 0.117608, 0.117622, 0.117636, 0.117651, 0.117665, 0.11768, 0.117695, 0.11771, 0.117725, 0.117741, 0.117756, 0.117772, 0.117788, 0.117804, 0.11782, 0.117836, 0.117853, 0.117869, 0.117886, 0.117903, 0.117499]"
Qwen/Qwen2.5-3B-Instruct,DOGEUSDT,1,0.0187,19.36,0,0,"[0.10426, 0.10426, 0.10792, 0.10602, 0.10383, 0.08849, 0.09848, 0.09823, 0.09663, 0.09611, 0.09277, 0.09112, 0.093, 0.09667, 0.11104, 0.10269, 0.10102, 0.10066, 0.09855, 0.09837, 0.10011, 0.09841, 0.09558, 0.09266, 0.09137, 0.10095, 0.09701, 0.09337, 0.09405, 0.0919]","[0.11597, 0.11603, 0.11609, 0.11615, 0.11621, 0.11627, 0.11633, 0.11639, 0.11645, 0.11651, 0.11657, 0.11663, 0.11669, 0.11675, 0.11681, 0.11687, 0.11693, 0.11699, 0.11705, 0.11711, 0.11717, 0.11723, 0.11729, 0.11735, 0.11741, 0.11747, 0.11753, 0.11759, 0.11765, 0.11777]"
Qwen/Qwen2.5-3B-Instruct,DOGEUSDT,1,0.0028,2.9,0,0,"[0.09356, 0.08997, 0.09893, 0.09356, 0.09129, 0.08993, 0.08915, 0.09049, 0.09452, 0.09288, 0.09475, 0.09596, 0.09604, 0.09738, 0.10304, 0.10015, 0.09526, 0.09354, 0.09416, 0.09135, 0.09015, 0.09415, 0.0951, 0.09618, 0.09205, 0.09011, 0.091, 0.09045, 0.09083, 0.09232]","[0.0919, 0.0919, 0.0919, 0.0919, 0.091901, 0.091901, 0.091901, 0.091901, 0.091901, 0.091901, 0.091902, 0.091902, 0.091902, 0.091902, 0.091902, 0.091903, 0.091903, 0.091903, 0.091903, 0.091903, 0.091904, 0.091904, 0.091904, 0.091904, 0.091904, 0.091905, 0.091905, 0.091905, 0.091905, 0.091905]"
Qwen/Qwen2.5-3B-Instruct,DOTUSDT,1,0.2529,12.05,0,0,"[1.999, 2.166, 2.125, 2.142, 2.208, 2.235, 2.145, 2.111, 2.083, 2.093, 2.07, 2.055, 2.282, 2.226, 2.117, 2.119, 2.179, 2.065, 2.028, 1.897, 1.955, 1.927, 1.926, 1.93, 1.823, 1.875, 1.876, 1.87, 1.736, 1.69]","[1.789, 1.789, 1.789, 1.789, 1.789, 1.789, 1.789, 1.789, 1.789, 1.789, 1.789, 1.789, 1.789, 1.789, 1.789, 1.789, 1.789, 1.789, 1.789, 1.789, 1.789, 1.789, 1.789, 1.789, 1.789, 1.789, 1.789, 1.789, 1.789, 1.789]"
Qwen/Qwen2.5-3B-Instruct,DOTUSDT,1,2.0694,148.82,0,0,"[1.547, 1.495, 1.543, 1.5, 1.461, 1.248, 1.368, 1.372, 1.337, 1.32, 1.283, 1.256, 1.283, 1.33, 1.421, 1.357, 1.376, 1.347, 1.311, 1.287, 1.341, 1.36, 1.313, 1.265, 1.238, 1.663, 1.609, 1.599, 1.662, 1.534]","[1.897, 2.005, 2.113, 2.221, 2.329, 2.437, 2.545, 2.653, 2.761, 2.869, 2.977, 3.085, 3.193, 3.301, 3.409, 3.517, 3.625, 3.733, 3.841, 3.949, 4.057, 4.165, 4.273, 4.381, 4.489, 4.597, 4.705, 4.813, 5.03, 5.138]"
Qwen/Qwen2.5-3B-Instruct,DOTUSDT,1,0.1467,10.78,0,0,"[1.509, 1.533, 1.541, 1.53, 1.488, 1.448, 1.452, 1.494, 1.486, 1.522, 1.518, 1.464, 1.414, 1.441, 1.64, 1.62, 1.577, 1.521, 1.499, 1.468, 1.413, 1.421, 1.401, 1.363, 1.321, 1.292, 1.259, 1.261, 1.243, 1.253]","[1.538, 1.542, 1.546, 1.55, 1.554, 1.558, 1.562, 1.566, 1.57, 1.574, 1.578, 1.582, 1.586, 1.59, 1.594, 1.598, 1.602, 1.606, 1.61, 1.614, 1.618, 1.622, 1.626, 1.63, 1.634, 1.638, 1.642, 1.646, 1.538, 1.542]"
Qwen/Qwen2.5-3B-Instruct,ETCUSDT,1,0.8017,6.4,0,0,"[12.06, 12.52, 12.56, 12.82, 13.31, 13.37, 12.88, 12.61, 12.61, 12.54, 12.37, 12.26, 13.29, 13.2, 12.65, 12.76, 12.85, 12.24, 12.03, 11.54, 11.66, 11.58, 11.67, 11.59, 11.14, 11.39, 11.58, 11.55, 10.81, 10.6]","[11.49072, 11.50144, 11.51216, 11.52288, 11.5336, 11.54432, 11.55504, 11.56576, 11.57648, 11.5872, 11.59792, 11.60864, 11.61936, 11.63008, 11.6408, 11.65152, 11.66224, 11.67296, 11.68368, 11.6944, 11.70512, 11.71584, 11.72656, 11.73728, 11.748, 11.75872, 11.49072, 11.50144, 11.51216, 11.52288]"
Qwen/Qwen2.5-3B-Instruct,ETCUSDT,1,1.8388,21.31,1,0,"[9.76, 9.5, 9.81, 9.57, 9.34, 8.06, 8.84, 8.78, 8.57, 8.59, 8.33, 8.14, 8.25, 8.53, 9.0, 8.74, 8.84, 8.68, 8.44, 8.27, 8.76, 9.05, 8.52, 8.36, 8.3, 9.15, 8.86, 8.65, 8.68, 8.47]","[10.600007, 10.600014, 10.600021, 10.600028, 10.600035, 10.600042, 10.600049, 10.600056, 10.600063, 10.60007, 10.600077, 10.600084, 10.600091, 10.600098, 10.600105, 10.600112, 10.600119, 10.600126, 10.600133, 10.60014, 10.600147, 10.600154, 10.600161, 10.600168, 10.600175, 10.600182, 10.600189, 10.600007, 10.600014, 10.600021]"
Qwen/Qwen2.5-3B-Instruct,ETCUSDT,1,1.1003,13.27,0,0,"[8.72, 8.49, 8.85, 8.65, 8.25, 8.12, 7.99, 8.16, 8.23, 8.28, 8.27, 8.49, 8.26, 8.48, 9.03, 8.86, 8.51, 8.34, 8.41, 8.18, 8.03, 8.59, 8.67, 8.68, 8.21, 8.09, 8.04, 7.95, 8.07, 8.19]","[9.47, 9.47, 9.47, 9.47, 9.47, 9.47, 9.47, 9.47, 9.47, 9.47, 9.47, 9.47, 9.47, 9.47, 9.47, 9.47, 9.47, 9.47, 9.47, 9.47, 9.47, 9.47, 9.47, 9.47, 9.47, 9.47, 9.47, 9.47, 9.47, 9.47]"
Qwen/Qwen2.5-3B-Instruct,ETHUSDT,1,167.009,5.28,0,0,"[3004.19, 3125.45, 3127.11, 3144.7, 3224.99, 3296.84, 3168.72, 3106.65, 3088.4, 3086.72, 3123.45, 3095.75, 3325.82, 3354.92, 3318.69, 3296.28, 3310.56, 3284.03, 3189.55, 2939.88, 2982.27, 2952.69, 2956.41, 2953.22, 2816.89, 2930.35, 3026.77, 3010.78, 2822.59, 2707.38]","[2971.640012, 2971.640016, 2971.64002, 2971.640024, 2971.640028, 2971.640032, 2971.640036, 2971.64004, 2971.640044, 2971.640048, 2971.640052, 2971.640056, 2971.64006, 2971.640064, 2971.640068, 2971.640072, 2971.640076, 2971.64008, 2971.640084, 2971.640088, 2971.640092, 2971.640096, 2971.6401, 2971.640104, 2971.640108, 2971.640112, 2971.640116, 2971.64012, 2971.640124, 2971.640012]"
Qwen/Qwen2.5-3B-Instruct,ETHUSDT,1,672.2187,33.61,0,0,"[2451.95, 2270.15, 2347.02, 2233.72, 2148.26, 1826.83, 2063.38, 2087.08, 2089.74, 2105.02, 2022.67, 1941.18, 1947.85, 2048.72, 2086.59, 1966.58, 1998.33, 1991.66, 1955.91, 1949.08, 1968.88, 1973.35, 1957.82, 1856.3, 1851.94, 2057.48, 2027.68, 1929.84, 1964.51, 1939.71]","[2707.4, 2707.41, 2707.42, 2707.43, 2707.44, 2707.45, 2707.46, 2707.47, 2707.48, 2707.49, 2707.5, 2707.51, 2707.52, 2707.53, 2707.54, 2707.55, 2707.56, 2707.57, 2707.58, 2707.59, 2707.6, 2707.61, 2707.62, 2707.63, 2707.64, 2707.65, 2707.66, 2707.67, 2707.4, 2707.41]"
Qwen/Qwen2.5-3B-Instruct,ETHUSDT,1,145.651,6.79,0,0,"[2027.35, 1982.8, 2127.28, 2072.86, 1978.68, 1969.59, 1937.1, 1992.98, 2036.51, 2051.97, 2073.52, 2092.22, 2096.16, 2178.3, 2352.97, 2317.39, 2203.39, 2137.81, 2146.22, 2084.87, 2053.89, 2152.03, 2156.23, 2169.02, 2060.43, 1992.75, 1994.74, 1984.64, 2026.48, 2105.43]","[1939.71, 1939.71, 1939.71, 1939.71, 1939.71, 1939.71, 1939.71, 1939.71, 1939.71, 1939.71, 1939.71, 1939.71, 1939.71, 1939.71, 1939.71, 1939.71, 1939.71, 1939.71, 1939.71, 1939.71, 1939.71, 1939.71, 1939.71, 1939.71, 1939.71, 1939.71, 1939.71, 1939.71, 1939.71, 1939.71]"
Qwen/Qwen2.5-3B-Instruct,FILUSDT,1,0.1439,9.75,0,0,"[1.483, 1.504, 1.494, 1.494, 1.569, 1.593, 1.519, 1.497, 1.488, 1.482, 1.457, 1.461, 1.576, 1.592, 1.504, 1.52, 1.551, 1.45, 1.384, 1.312, 1.348, 1.319, 1.313, 1.315, 1.251, 1.269, 1.272, 1.28, 1.194, 1.176]","[1.3001, 1.3003, 1.3007, 1.3011, 1.3016, 1.3022, 1.3029, 1.3037, 1.3046, 1.3056, 1.3067, 1.3079, 1.3092, 1.3106, 1.3121, 1.3137, 1.3154, 1.3172, 1.3191, 1.3211, 1.3232, 1.3254, 1.3277, 1.3301, 1.3326, 1.3352, 1.3379, 1.3001, 1.3003, 1.3007]"
Qwen/Qwen2.5-3B-Instruct,FILUSDT,1,0.256,26.95,0,0,"[1.052, 1.035, 1.083, 1.068, 1.05, 0.883, 0.977, 0.976, 0.934, 0.938, 0.902, 0.879, 0.914, 0.958, 1.015, 0.963, 0.978, 0.96, 0.927, 0.915, 0.958, 0.97, 0.93, 0.891, 0.88, 1.062, 1.026, 0.994, 1.005, 0.964]","[1.18096, 1.18592, 1.18988, 1.19384, 1.1978, 1.20176, 1.20572, 1.20968, 1.21364, 1.2176, 1.22156, 1.22552, 1.22948, 1.23344, 1.2374, 1.24136, 1.24532, 1.24928, 1.25324, 1.2572, 1.26116, 1.26512, 1.26908, 1.27304, 1.277, 1.28096, 1.18096, 1.18592, 1.18988, 1.19384]"
Qwen/Qwen2.5-3B-Instruct,FILUSDT,1,0.1157,13.23,0,0,"[0.987, 1.0, 1.025, 1.011, 0.978, 0.952, 0.934, 0.939, 0.866, 0.878, 0.877, 0.869, 0.883, 0.895, 0.99, 0.969, 0.925, 0.895, 0.902, 0.882, 0.848, 0.923, 0.923, 0.928, 0.869, 0.839, 0.801, 0.802, 0.816, 0.832]","[0.968001, 0.972001, 0.976001, 0.980001, 0.984001, 0.988001, 0.992001, 0.996001, 1.000001, 1.004001, 1.008001, 1.012001, 1.016001, 1.020001, 1.024001, 1.028001, 1.032001, 1.036001, 1.040001, 1.044001, 1.048001, 1.052001, 1.056001, 1.060001, 1.064001, 1.068001, 1.072001, 0.968001, 0.972001, 0.976001]"
Qwen/Qwen2.5-3B-Instruct,LINKUSDT,1,0.9233,7.02,0,0,"[12.6, 13.27, 13.23, 13.43, 13.9, 14.04, 13.44, 13.21, 13.14, 13.13, 13.21, 13.08, 14.06, 14.11, 13.8, 13.73, 13.75, 13.32, 12.88, 12.12, 12.4, 12.27, 12.22, 12.2, 11.52, 11.95, 12.03, 11.84, 11.13, 10.79]","[12.21, 12.21, 12.21, 12.21, 12.21, 12.21, 12.21, 12.21, 12.21, 12.21, 12.21, 12.21, 12.21, 12.21, 12.21, 12.21, 12.21, 12.21, 12.21, 12.21, 12.21, 12.21, 12.21, 12.21, 12.21, 12.210001, 12.210002, 12.210003, 12.210004, 12.210005]"
Qwen/Qwen2.5-3B-Instruct,LINKUSDT,1,1.941,22.21,0,0,"[9.99, 9.41, 9.81, 9.49, 9.25, 7.92, 8.88, 8.91, 8.83, 8.83, 8.57, 8.33, 8.41, 8.77, 9.09, 8.79, 8.94, 8.82, 8.6, 8.58, 8.95, 8.87, 8.69, 8.26, 8.19, 9.27, 9.09, 8.71, 8.85, 8.67]","[10.8, 10.8, 10.8, 10.8, 10.8, 10.8, 10.8, 10.8, 10.8, 10.8, 10.8, 10.8, 10.8, 10.8, 10.8, 10.8, 10.8, 10.8, 10.8, 10.8, 10.8, 10.8, 10.8, 10.8, 10.8, 10.8, 10.8, 10.8, 10.8, 10.8]"
Qwen/Qwen2.5-3B-Instruct,LINKUSDT,1,0.285,3.18,0,0,"[8.96, 8.8, 9.35, 9.21, 8.8, 8.7, 8.52, 8.87, 8.99, 8.99, 9.05, 9.08, 9.17, 9.5, 9.92, 9.79, 9.22, 9.04, 9.12, 8.82, 8.68, 9.11, 9.25, 9.37, 8.91, 8.57, 8.44, 8.42, 8.62, 8.78]","[9.07, 9.07, 9.07, 9.07, 9.07, 9.07, 9.07, 9.07, 9.07, 9.07, 9.07, 9.07, 9.07, 9.07, 9.07, 9.07, 9.07, 9.07, 9.07, 9.07, 9.07, 9.07, 9.07, 9.07, 9.07, 9.07, 9.07, 9.07, 9.07, 9.07]"
Qwen/Qwen2.5-3B-Instruct,LTCUSDT,1,5.6991,7.89,0,0,"[79.97, 81.93, 82.08, 82.26, 83.46, 83.96, 81.71, 81.31, 81.49, 81.19, 78.79, 76.12, 78.18, 76.67, 72.21, 75.22, 74.92, 72.29, 70.8, 67.12, 68.48, 68.19, 68.07, 68.19, 67.3, 69.72, 70.03, 69.42, 66.24, 65.47]","[76.850004, 76.850009, 76.850014, 76.85002, 76.850027, 76.850034, 76.850042, 76.85005, 76.850059, 76.850068, 76.850078, 76.850089, 76.850101, 76.850114, 76.850128, 76.850143, 76.850159, 76.850176, 76.850194, 76.850213, 76.850233, 76.850254, 76.850276, 76.8503, 76.850325, 76.850352, 76.85038, 76.850004, 76.850009, 76.850014]"
Qwen/Qwen2.5-3B-Instruct,LTCUSDT,1,10.6953,19.71,0,0,"[59.53, 58.49, 60.02, 59.48, 58.89, 50.79, 55.02, 55.19, 54.53, 54.45, 53.38, 52.32, 53.15, 55.03, 55.99, 55.08, 55.13, 53.96, 53.32, 52.7, 55.19, 54.9, 53.48, 51.35, 51.15, 56.76, 55.62, 54.56, 54.4, 53.24]","[65.49, 65.5, 65.51, 65.52, 65.53, 65.54, 65.55, 65.56, 65.57, 65.58, 65.59, 65.6, 65.61, 65.62, 65.63, 65.64, 65.65, 65.66, 65.67, 65.68, 65.69, 65.7, 65.71, 65.72, 65.73, 65.74, 65.47, 65.49, 65.5, 65.51]"
Qwen/Qwen2.5-3B-Instruct,LTCUSDT,1,1.7783,3.17,0,0,"[54.61, 54.76, 56.77, 55.46, 53.81, 53.58, 52.59, 53.77, 53.87, 54.8, 54.56, 55.3, 54.98, 56.27, 58.7, 58.09, 56.08, 55.54, 56.17, 54.81, 53.51, 55.72, 56.38, 56.65, 54.59, 53.72, 53.85, 53.32, 53.34, 53.95]","[53.240978, 53.241918, 53.242848, 53.243758, 53.244648, 53.245518, 53.246368, 53.247208, 53.248028, 53.248838, 53.249638, 53.250428, 53.251208, 53.251978, 53.252728, 53.253468, 53.254198, 53.254918, 53.255628, 53.256338, 53.257038, 53.257728, 53.258408, 53.259078, 53.259738, 53.260388, 53.261028, 53.240024, 53.240032, 53.24004]"
Qwen/Qwen2.5-3B-Instruct,NEARUSDT,1,0.149,9.1,0,0,"[1.627, 1.692, 1.711, 1.728, 1.774, 1.808, 1.722, 1.686, 1.703, 1.689, 1.702, 1.675, 1.859, 1.799, 1.722, 1.731, 1.751, 1.629, 1.597, 1.506, 1.529, 1.513, 1.509, 1.506, 1.436, 1.463, 1.49, 1.489, 1.375, 1.323]","[1.518, 1.522, 1.526, 1.53, 1.534, 1.538, 1.542, 1.546, 1.55, 1.554, 1.558, 1.562, 1.566, 1.57, 1.574, 1.578, 1.582, 1.586, 1.59, 1.594, 1.598, 1.602, 1.606, 1.61, 1.614, 1.618, 1.622, 1.626, 1.518, 1.522]"
Qwen/Qwen2.5-3B-Instruct,NEARUSDT,1,0.3143,30.0,0,0,"[1.206, 1.173, 1.2, 1.176, 1.16, 0.976, 1.087, 1.075, 1.038, 1.03, 0.993, 0.962, 0.964, 1.024, 1.086, 1.056, 1.058, 1.044, 1.017, 1.007, 1.054, 1.059, 1.022, 0.981, 0.967, 1.172, 1.127, 1.094, 1.172, 1.15]","[1.327, 1.331, 1.335, 1.339, 1.343, 1.347, 1.351, 1.355, 1.359, 1.363, 1.367, 1.371, 1.375, 1.379, 1.383, 1.387, 1.391, 1.395, 1.399, 1.403, 1.407, 1.411, 1.415, 1.419, 1.423, 1.427, 1.431, 1.435, 1.443, 1.447]"
Qwen/Qwen2.5-3B-Instruct,NEARUSDT,1,0.1386,10.42,0,0,"[1.36, 1.358, 1.311, 1.271, 1.227, 1.214, 1.212, 1.235, 1.284, 1.299, 1.368, 1.336, 1.325, 1.35, 1.49, 1.452, 1.386, 1.335, 1.316, 1.281, 1.274, 1.311, 1.292, 1.28, 1.224, 1.18, 1.173, 1.164, 1.162, 1.189]","[1.15, 1.15, 1.15, 1.15, 1.15, 1.15, 1.15, 1.15, 1.15, 1.15, 1.15, 1.15, 1.15, 1.15, 1.15, 1.15, 1.15, 1.15, 1.15, 1.15, 1.15, 1.15, 1.15, 1.15, 1.15, 1.15, 1.15, 1.15, 1.15, 1.15]"
Qwen/Qwen2.5-3B-Instruct,SOLUSDT,1,9.8619,7.18,0,0,"[126.9, 132.29, 133.37, 134.12, 137.9, 141.08, 136.39, 138.37, 135.97, 135.84, 139.7, 139.22, 145.51, 146.69, 142.4, 144.89, 143.72, 137.87, 133.44, 125.8, 129.54, 128.47, 127.43, 127.21, 118.85, 124.24, 127.19, 125.35, 117.82, 117.59]","[124.650007, 124.650014, 124.650021, 124.650028, 124.650035, 124.650042, 124.650049, 124.650056, 124.650063, 124.65007, 124.650077, 124.650084, 124.650091, 124.650098, 124.650105, 124.650112, 124.650119, 124.650126, 124.650133, 124.65014, 124.650147, 124.650154, 124.650161, 124.650168, 124.650175, 124.650182, 124.650189, 124.650196, 124.650203, 124.65]"
Qwen/Qwen2.5-3B-Instruct,SOLUSDT,1,44.504,52.41,0,0,"[105.58, 100.79, 104.55, 97.89, 92.12, 78.35, 87.46, 87.59, 86.99, 86.77, 82.99, 79.3, 78.4, 84.33, 88.06, 86.16, 86.45, 85.08, 81.61, 82.5, 84.67, 85.17, 82.79, 77.9, 78.99, 88.06, 85.91, 81.85, 84.35, 83.6]","[59.0, 119.59, 120.59, 121.59, 122.59, 123.59, 124.59, 125.59, 126.59, 127.59, 128.59, 129.59, 130.59, 131.59, 132.59, 133.59, 134.59, 135.59, 136.59, 137.59, 138.59, 139.59, 140.59, 141.59, 142.59, 143.59, 144.59, 59.0, 119.59, 120.59]"
Qwen/Qwen2.5-3B-Instruct,SOLUSDT,1,4.3249,4.81,0,0,"[86.64, 86.97, 90.85, 88.77, 84.7, 83.22, 81.59, 84.96, 85.88, 86.58, 86.84, 88.18, 88.03, 92.3, 96.2, 94.62, 90.08, 88.89, 89.84, 87.56, 86.2, 91.43, 90.8, 91.7, 86.53, 83.11, 82.09, 81.44, 82.54, 83.2]","[83.600014, 83.600021, 83.600029, 83.600036, 83.600044, 83.600052, 83.60006, 83.600068, 83.600076, 83.600084, 83.600092, 83.600099, 83.601007, 83.601015, 83.601023, 83.601031, 83.601039, 83.601047, 83.601055, 83.601063, 83.601071, 83.601079, 83.601087, 83.601095, 83.601103, 83.601111, 83.601119, 83.600014, 83.600021, 83.600029]"
Qwen/Qwen2.5-3B-Instruct,TRXUSDT,1,0.0151,4.97,0,0,"[0.2871, 0.289, 0.2956, 0.2939, 0.2922, 0.2942, 0.2981, 0.295, 0.2984, 0.3024, 0.2995, 0.2998, 0.3071, 0.3047, 0.3126, 0.3096, 0.3188, 0.3178, 0.3119, 0.297, 0.2993, 0.3054, 0.2979, 0.2954, 0.2957, 0.2966, 0.2947, 0.2954, 0.295, 0.2942]","[0.284502, 0.284504, 0.284507, 0.28451, 0.284515, 0.284522, 0.284531, 0.284543, 0.284557, 0.284573, 0.284592, 0.284614, 0.284639, 0.284667, 0.284698, 0.284732, 0.28477, 0.284809, 0.284851, 0.284895, 0.284942, 0.284991, 0.285043, 0.285098, 0.285156, 0.285216, 0.285279, 0.284502, 0.284504, 0.284507]"
Qwen/Qwen2.5-3B-Instruct,TRXUSDT,1,0.0122,4.35,0,0,"[0.2866, 0.2847, 0.2835, 0.2861, 0.2833, 0.2696, 0.2741, 0.2782, 0.2778, 0.2791, 0.2782, 0.2784, 0.28, 0.2823, 0.2826, 0.2805, 0.2846, 0.2821, 0.2788, 0.2849, 0.2854, 0.289, 0.2906, 0.2816, 0.2837, 0.2853, 0.2857, 0.2828, 0.2819, 0.2807]","[0.294202, 0.294204, 0.294207, 0.29421, 0.294214, 0.294218, 0.294223, 0.294228, 0.294234, 0.29424, 0.294247, 0.294254, 0.294261, 0.294269, 0.294277, 0.294286, 0.294295, 0.294305, 0.294315, 0.294326, 0.294337, 0.294349, 0.294361, 0.294374, 0.294387, 0.294401, 0.294415, 0.294202, 0.294204, 0.294207]"
Qwen/Qwen2.5-3B-Instruct,TRXUSDT,1,0.0194,6.3,0,0,"[0.2832, 0.2805, 0.2871, 0.2852, 0.2846, 0.2866, 0.2891, 0.2856, 0.2858, 0.2913, 0.2891, 0.2934, 0.2978, 0.2987, 0.2956, 0.3068, 0.3045, 0.3036, 0.3097, 0.3121, 0.3104, 0.3081, 0.3061, 0.3146, 0.3115, 0.3113, 0.3167, 0.322, 0.32, 0.3133]","[0.280702, 0.280704, 0.280706, 0.280709, 0.280711, 0.280714, 0.280717, 0.28072, 0.280724, 0.280728, 0.280732, 0.280737, 0.280742, 0.280747, 0.280753, 0.280759, 0.280765, 0.280772, 0.280779, 0.280786, 0.280794, 0.280802, 0.28081, 0.280819, 0.280828, 0.280837, 0.280847, 0.280857, 0.280868, 0.280702]"
Qwen/Qwen2.5-3B-Instruct,UNIUSDT,1,0.5136,10.41,0,0,"[5.809, 6.038, 5.917, 5.85, 6.162, 6.07, 5.726, 5.488, 5.467, 5.476, 5.456, 5.367, 5.73, 5.681, 5.35, 5.315, 5.352, 5.095, 5.026, 4.803, 4.94, 4.836, 4.873, 4.855, 4.637, 4.711, 4.8, 4.82, 4.396, 4.276]","[5.640002, 5.640004, 5.640008, 5.640017, 5.640034, 5.640069, 5.640141, 5.640245, 5.640382, 5.640558, 5.640768, 5.641011, 5.641289, 5.641599, 5.641944, 5.642325, 5.642743, 5.643196, 5.643685, 5.644209, 5.644769, 5.645365, 5.645997, 5.646666, 5.647372, 5.648099, 5.648854, 5.649639, 5.650453, 5.640002]"
Qwen/Qwen2.5-3B-Instruct,UNIUSDT,1,0.6939,19.83,0,0,"[3.96, 3.837, 3.925, 3.86, 3.801, 3.168, 3.552, 3.539, 3.468, 3.493, 3.36, 3.369, 3.247, 3.398, 3.629, 3.471, 3.601, 3.524, 3.403, 3.391, 3.492, 3.609, 3.491, 3.349, 3.337, 4.055, 3.879, 3.742, 3.811, 3.748]","[4.276002, 4.276004, 4.276008, 4.276016, 4.276032, 4.276064, 4.276129, 4.276259, 4.276418, 4.2766, 4.276784, 4.276969, 4.277156, 4.277345, 4.277536, 4.277728, 4.277922, 4.278117, 4.278314, 4.278513, 4.278714, 4.278917, 4.279122, 4.279328, 4.279536, 4.279745, 4.279955, 4.280166, 4.276002, 4.276004]"
Qwen/Qwen2.5-3B-Instruct,UNIUSDT,1,0.2048,5.55,0,0,"[3.929, 3.912, 3.977, 3.97, 3.848, 3.771, 3.661, 3.861, 3.843, 3.898, 3.918, 4.004, 3.948, 4.069, 4.157, 3.957, 3.681, 3.579, 3.605, 3.486, 3.471, 3.587, 3.609, 3.708, 3.528, 3.388, 3.384, 3.355, 3.48, 3.545]","[3.749, 3.75, 3.751, 3.752, 3.753, 3.754, 3.755, 3.756, 3.757, 3.758, 3.759, 3.76, 3.761, 3.762, 3.763, 3.764, 3.765, 3.766, 3.767, 3.768, 3.769, 3.77, 3.771, 3.772, 3.773, 3.774, 3.775, 3.776, 3.748, 3.748]"
Qwen/Qwen2.5-3B-Instruct,XLMUSDT,1,0.02,8.79,0,0,"[0.2087, 0.2191, 0.2222, 0.233, 0.2526, 0.2438, 0.2342, 0.2302, 0.2284, 0.2264, 0.2244, 0.2193, 0.2386, 0.2361, 0.2285, 0.226, 0.2309, 0.2182, 0.2157, 0.207, 0.2124, 0.2115, 0.2122, 0.2115, 0.2033, 0.2074, 0.2085, 0.2105, 0.1987, 0.1919]","[0.201002, 0.201004, 0.201007, 0.20101, 0.201014, 0.201018, 0.201023, 0.201029, 0.201035, 0.201042, 0.20105, 0.201058, 0.201067, 0.201077, 0.201088, 0.2011, 0.201113, 0.201127, 0.201142, 0.201158, 0.201175, 0.201193, 0.201212, 0.201232, 0.201253, 0.201275, 0.201298, 0.201322, 0.201002, 0.201004]"
Qwen/Qwen2.5-3B-Instruct,XLMUSDT,1,0.0291,18.18,0,0,"[0.181, 0.1751, 0.1787, 0.1758, 0.1714, 0.1471, 0.1642, 0.1619, 0.1615, 0.1596, 0.1585, 0.1547, 0.1563, 0.1646, 0.1744, 0.1702, 0.1698, 0.1657, 0.1613, 0.1591, 0.1627, 0.161, 0.155, 0.1514, 0.1496, 0.1627, 0.1622, 0.1588, 0.159, 0.1541]","[0.191902, 0.191904, 0.191907, 0.19191, 0.191914, 0.191918, 0.191923, 0.191928, 0.191934, 0.19194, 0.191947, 0.191954, 0.191962, 0.191971, 0.191981, 0.191992, 0.192004, 0.192017, 0.192031, 0.192046, 0.192063, 0.192081, 0.1921, 0.192121, 0.192144, 0.19217, 0.1922, 0.192255, 0.192291, 0.19233]"
Qwen/Qwen2.5-3B-Instruct,XLMUSDT,1,0.0102,6.07,0,0,"[0.1557, 0.1515, 0.1595, 0.1569, 0.1522, 0.1504, 0.1482, 0.1508, 0.1586, 0.1592, 0.16, 0.1641, 0.1665, 0.1693, 0.176, 0.1736, 0.1702, 0.1654, 0.1654, 0.1621, 0.156, 0.1668, 0.1738, 0.1774, 0.1738, 0.1674, 0.168, 0.1645, 0.1674, 0.1673]","[0.154102, 0.154104, 0.154107, 0.15411, 0.154114, 0.154119, 0.154125, 0.154132, 0.15414, 0.154148, 0.154157, 0.154167, 0.154179, 0.154193, 0.154209, 0.154227, 0.154247, 0.15427, 0.154295, 0.154323, 0.154354, 0.154388, 0.154425, 0.154465, 0.154508, 0.154554, 0.154603, 0.154655, 0.154102, 0.154104]"
Qwen/Qwen2.5-3B-Instruct,XRPUSDT,1,0.1782,8.51,0,0,"[1.8799, 2.0069, 2.0182, 2.0909, 2.3478, 2.3042, 2.1657, 2.1232, 2.0958, 2.0907, 2.0745, 2.054, 2.1655, 2.1394, 2.0789, 2.0678, 2.0631, 1.9914, 1.986, 1.89, 1.9476, 1.9236, 1.9196, 1.9143, 1.8356, 1.9041, 1.9158, 1.9111, 1.8076, 1.7352]","[1.8427, 1.8431, 1.8435, 1.8439, 1.8443, 1.8447, 1.8451, 1.8455, 1.8459, 1.8463, 1.8467, 1.8471, 1.8475, 1.8479, 1.8483, 1.8487, 1.8491, 1.8495, 1.8499, 1.8503, 1.8507, 1.8511, 1.8515, 1.8519, 1.8523, 1.8527, 1.8531, 1.8427, 1.8431, 1.8435]"
Qwen/Qwen2.5-3B-Instruct,XRPUSDT,1,0.2981,21.2,0,0,"[1.6472, 1.5908, 1.6198, 1.5791, 1.512, 1.2146, 1.4698, 1.4231, 1.4308, 1.437, 1.3999, 1.3697, 1.3635, 1.4071, 1.5094, 1.4753, 1.4876, 1.4743, 1.4219, 1.4068, 1.4292, 1.4304, 1.3932, 1.3518, 1.3482, 1.4339, 1.4027, 1.3562, 1.3762, 1.3524]","[1.735201, 1.735202, 1.735203, 1.735204, 1.735205, 1.735206, 1.735207, 1.735208, 1.735209, 1.73521, 1.735211, 1.735212, 1.735213, 1.735214, 1.735215, 1.735216, 1.735217, 1.735218, 1.735219, 1.73522, 1.735221, 1.735222, 1.735223, 1.735224, 1.735225, 1.735226, 1.735227, 1.735228, 1.735229, 1.735201]"
Qwen/Qwen2.5-3B-Instruct,XRPUSDT,1,0.0493,3.44,0,0,"[1.39, 1.3607, 1.4309, 1.4037, 1.3633, 1.3567, 1.34, 1.3631, 1.3863, 1.3847, 1.3846, 1.3989, 1.4063, 1.4487, 1.543, 1.5182, 1.4647, 1.4475, 1.4452, 1.4086, 1.3848, 1.4323, 1.416, 1.4145, 1.3609, 1.3257, 1.3333, 1.3278, 1.3242, 1.3411]","[1.3528, 1.3532, 1.3536, 1.354, 1.3544, 1.3548, 1.3552, 1.3556, 1.356, 1.3564, 1.3568, 1.3572, 1.3576, 1.358, 1.3584, 1.3588, 1.3592, 1.3596, 1.36, 1.3604, 1.3608, 1.3612, 1.3616, 1.362, 1.3624, 1.3628, 1.3632, 1.3528, 1.3532, 1.3536]"
Qwen/Qwen2.5-3B-Instruct,ADAUSDT,14,0.0626,16.18,0,0,"[0.3565, 0.3949, 0.3893, 0.4007, 0.4211, 0.4194, 0.4022, 0.3956, 0.3914, 0.3886, 0.391, 0.3862, 0.4218, 0.4143, 0.3936, 0.3955, 0.3973, 0.3758, 0.3703, 0.3507, 0.3659, 0.3594, 0.3602, 0.3583, 0.3391, 0.3521, 0.3608, 0.3583, 0.3347, 0.3208]","[0.3321, 0.3307, 0.3293, 0.3279, 0.3265, 0.3251, 0.3237, 0.3223, 0.321, 0.3196, 0.3182, 0.3168, 0.3154, 0.314, 0.3126, 0.3112, 0.3098, 0.3084, 0.307, 0.3056, 0.3042, 0.3028, 0.3014, 0.3, 0.2986, 0.2972, 0.3321, 0.3307, 0.3293, 0.3279]"
Qwen/Qwen2.5-3B-Instruct,ADAUSDT,14,0.0625,22.84,2,1,"[0.2936, 0.2858, 0.2991, 0.2917, 0.2864, 0.2455, 0.2762, 0.2721, 0.2701, 0.2699, 0.262, 0.2559, 0.2643, 0.2728, 0.295, 0.2818, 0.2858, 0.2811, 0.2735, 0.2729, 0.2849, 0.28, 0.2717, 0.2623, 0.2587, 0.2971, 0.287, 0.2776, 0.281, 0.2735]","[0.325, 0.326, 0.327, 0.328, 0.329, 0.33, 0.331, 0.332, 0.333, 0.334, 0.335, 0.336, 0.337, 0.338, 0.339, 0.34, 0.341, 0.342, 0.343, 0.344, 0.345, 0.346, 0.347, 0.348, 0.349, 0.35, 0.351, 0.352, 0.353, 0.354]"
Qwen/Qwen2.5-3B-Instruct,ADAUSDT,14,0.0105,4.09,0,0,"[0.2771, 0.2625, 0.2763, 0.2692, 0.259, 0.2544, 0.2493, 0.2552, 0.2621, 0.2626, 0.2636, 0.2656, 0.2634, 0.2702, 0.2904, 0.2891, 0.2742, 0.2675, 0.2661, 0.2574, 0.2506, 0.2616, 0.2664, 0.2705, 0.2547, 0.2461, 0.246, 0.2398, 0.2434, 0.2418]","[0.272108, 0.271662, 0.271216, 0.27077, 0.270324, 0.269878, 0.269432, 0.268986, 0.26854, 0.268094, 0.267648, 0.267202, 0.266756, 0.26631, 0.265864, 0.265418, 0.264972, 0.264526, 0.26408, 0.263634, 0.263188, 0.262742, 0.262296, 0.26185, 0.261404, 0.260958, 0.260512, 0.260066, 0.272108, 0.271662]"
Qwen/Qwen2.5-3B-Instruct,ALGOUSDT,14,0.013,9.84,0,0,"[0.1202, 0.1275, 0.1279, 0.1362, 0.1396, 0.1423, 0.1364, 0.1344, 0.1332, 0.1337, 0.1323, 0.129, 0.1385, 0.1365, 0.128, 0.1303, 0.1315, 0.1228, 0.1209, 0.1143, 0.1177, 0.1188, 0.1203, 0.1186, 0.1147, 0.1221, 0.122, 0.1263, 0.1145, 0.1121]","[0.110993, 0.111241, 0.11149, 0.11174, 0.111991, 0.112243, 0.112497, 0.112752, 0.113009, 0.113267, 0.113526, 0.113786, 0.114047, 0.114309, 0.114572, 0.114836, 0.115101, 0.115367, 0.115634, 0.115902, 0.116171, 0.116441, 0.116712, 0.116984, 0.117257, 0.117531, 0.117806, 0.110993, 0.111241, 0.11149]"
Qwen/Qwen2.5-3B-Instruct,ALGOUSDT,14,0.0186,20.4,0,0,"[0.104, 0.1005, 0.1049, 0.1064, 0.1031, 0.0884, 0.0989, 0.0977, 0.0969, 0.096, 0.0917, 0.0891, 0.0918, 0.0941, 0.0997, 0.0959, 0.0947, 0.0931, 0.091, 0.0892, 0.0905, 0.0896, 0.0868, 0.0839, 0.0835, 0.091, 0.088, 0.0866, 0.0879, 0.0856]","[0.112085, 0.11207, 0.112055, 0.11204, 0.112025, 0.11201, 0.111995, 0.11198, 0.111965, 0.11195, 0.111935, 0.11192, 0.111905, 0.11189, 0.111875, 0.11186, 0.111845, 0.11183, 0.111815, 0.1118, 0.111785, 0.11177, 0.111755, 0.11174, 0.111725, 0.11171, 0.111695, 0.112085, 0.11207, 0.112055]"
Qwen/Qwen2.5-3B-Instruct,ALGOUSDT,14,0.0147,16.72,2,1,"[0.088, 0.0861, 0.0888, 0.0873, 0.0844, 0.083, 0.0818, 0.0833, 0.0853, 0.0862, 0.089, 0.0939, 0.091, 0.0926, 0.0972, 0.0947, 0.0901, 0.0893, 0.0898, 0.0868, 0.0855, 0.0875, 0.0872, 0.0875, 0.084, 0.0815, 0.0816, 0.0812, 0.0822, 0.0939]","[0.0845, 0.083, 0.0815, 0.08, 0.0815, 0.08, 0.0785, 0.077, 0.0755, 0.081, 0.0795, 0.078, 0.0795, 0.077, 0.0755, 0.074, 0.0725, 0.071, 0.0725, 0.071, 0.0695, 0.068, 0.0665, 0.065, 0.0635, 0.062, 0.0605, 0.059, 0.0575, 0.056]"
Qwen/Qwen2.5-3B-Instruct,ATOMUSDT,14,0.3555,14.53,0,0,"[2.069, 2.168, 2.239, 2.34, 2.369, 2.532, 2.433, 2.461, 2.592, 2.57, 2.574, 2.487, 2.636, 2.582, 2.477, 2.494, 2.567, 2.426, 2.456, 2.295, 2.382, 2.335, 2.368, 2.334, 2.236, 2.222, 2.244, 2.237, 2.128, 2.112]","[1.936, 1.942, 1.948, 1.954, 1.96, 1.966, 1.972, 1.978, 1.984, 1.99, 1.996, 2.002, 2.008, 2.014, 2.02, 2.026, 2.032, 2.038, 2.044, 2.05, 2.056, 2.062, 2.068, 2.074, 2.08, 2.086, 2.092, 2.104, 2.11, 2.116]"
Qwen/Qwen2.5-3B-Instruct,ATOMUSDT,14,0.209,10.81,2,1,"[1.971, 1.91, 1.982, 2.036, 1.995, 1.819, 1.987, 1.989, 1.95, 1.96, 1.922, 1.945, 1.968, 2.122, 2.186, 2.137, 2.292, 2.242, 2.346, 2.292, 2.358, 2.314, 2.25, 2.12, 1.992, 1.942, 1.879, 1.849, 1.849, 1.799]","[2.1, 2.11, 2.12, 2.13, 2.14, 2.15, 2.16, 2.17, 2.18, 2.19, 2.2, 2.21, 2.22, 2.23, 2.24, 2.25, 2.26, 2.27, 2.28, 2.29, 2.3, 2.31, 2.32, 2.33, 2.34, 2.35, 2.36, 2.37, 2.38, 2.39]"
Qwen/Qwen2.5-3B-Instruct,ATOMUSDT,14,0.3554,19.49,0,0,"[1.843, 1.814, 1.879, 1.84, 1.809, 1.785, 1.738, 1.743, 1.788, 1.84, 1.838, 1.862, 1.87, 1.861, 1.978, 1.961, 1.909, 1.811, 1.834, 1.793, 1.769, 1.786, 1.787, 1.765, 1.699, 1.676, 1.666, 1.646, 1.665, 1.707]","[1.761, 1.724, 1.688, 1.653, 1.619, 1.586, 1.554, 1.523, 1.493, 1.464, 1.436, 1.409, 1.383, 1.358, 1.334, 1.311, 1.289, 1.268, 1.248, 1.229, 1.211, 1.194, 1.178, 1.1628, 1.1483, 1.761, 1.724, 1.688, 1.653, 1.619]"
Qwen/Qwen2.5-3B-Instruct,AVAXUSDT,14,1.4376,11.42,0,0,"[13.59, 13.82, 13.99, 14.25, 14.45, 14.59, 14.11, 13.89, 13.79, 13.74, 13.7, 13.53, 14.75, 14.6, 13.82, 13.59, 13.75, 12.98, 12.74, 12.09, 12.42, 12.2, 12.13, 12.05, 11.49, 11.72, 12.14, 12.07, 11.04, 10.87]","[12.447692, 12.515385, 12.583077, 12.650769, 12.718462, 12.786154, 12.853846, 12.921538, 12.989231, 13.056923, 13.124615, 13.192308, 13.259901, 13.327594, 13.395286, 13.462978, 13.530671, 13.598364, 13.666056, 13.733748, 13.801441, 13.869133, 13.936825, 14.004518, 14.07221, 14.139903, 14.174287, 14.241979, 14.309671, 14.377363]"
Qwen/Qwen2.5-3B-Instruct,AVAXUSDT,14,1.6946,18.75,1,0,"[10.12, 9.91, 10.14, 9.93, 9.72, 8.32, 9.28, 9.23, 9.08, 9.06, 8.76, 8.63, 8.9, 9.14, 9.59, 9.29, 9.26, 9.14, 8.86, 8.91, 9.17, 9.12, 8.87, 8.36, 8.29, 9.51, 9.31, 8.95, 9.16, 9.04]","[10.4276, 10.2062, 9.9848, 9.7634, 9.5421, 9.3208, 9.0995, 8.8783, 8.6571, 8.4359, 8.2147, 7.9935, 7.7724, 7.5512, 7.3299, 7.1087, 6.8875, 6.6663, 6.4451, 6.2239, 6.0028, 5.7816, 5.5604, 5.5604, 5.7816, 6.0028, 6.2239, 6.4451, 6.6663, 6.8875]"
Qwen/Qwen2.5-3B-Instruct,AVAXUSDT,14,1.3113,14.5,0,0,"[9.17, 9.18, 9.5, 9.39, 9.01, 8.91, 8.82, 9.26, 9.53, 9.55, 9.67, 9.72, 9.73, 9.95, 10.49, 10.2, 9.69, 9.48, 9.56, 9.21, 9.03, 9.56, 9.62, 9.68, 9.11, 8.79, 8.75, 8.6, 8.81, 8.91]","[9.01656, 8.99964, 8.98272, 8.9658, 8.94888, 8.93196, 8.91504, 8.89812, 8.8812, 8.86428, 8.84736, 8.83044, 8.81352, 8.7966, 8.77968, 8.76276, 8.74584, 8.72892, 8.712, 8.69508, 8.67816, 8.66124, 8.64432, 8.6274, 8.61048, 8.59356, 8.57664, 30.0, 8.5426, 8.52568]"
Qwen/Qwen2.5-3B-Instruct,BCHUSDT,14,55.9119,9.46,0,0,"[593.2, 609.8, 654.5, 639.1, 645.2, 638.2, 629.2, 632.0, 634.7, 643.9, 649.1, 621.7, 617.0, 597.4, 590.8, 599.5, 594.1, 591.4, 584.0, 573.2, 584.8, 599.2, 595.7, 593.6, 572.2, 578.7, 600.2, 591.1, 554.1, 553.2]","[846.0, 602.6692, 605.2538, 607.8384, 610.423, 613.0076, 615.5922, 618.1768, 620.7614, 623.346, 625.9306, 628.5152, 631.0998, 633.6844, 636.269, 638.8536, 641.4382, 644.0228, 646.6074, 649.192, 651.7766, 654.3612, 656.9458, 659.5304, 662.115, 664.6996, 667.2842, 669.8688, 672.4534, 675.038]"
Qwen/Qwen2.5-3B-Instruct,BCHUSDT,14,53.6967,11.03,2,1,"[507.5, 516.2, 539.7, 527.1, 532.5, 453.9, 523.2, 525.1, 527.0, 533.0, 524.3, 516.2, 503.0, 563.9, 562.9, 553.5, 569.2, 563.4, 558.0, 560.4, 562.4, 564.1, 570.7, 495.8, 484.8, 492.9, 478.4, 461.5, 457.6, 441.7]","[570.0, 565.0, 560.0, 555.0, 560.0, 575.0, 570.0, 565.0, 550.0, 555.0, 565.0, 560.0, 545.0, 540.0, 545.0, 550.0, 555.0, 560.0, 565.0, 570.0, 575.0, 580.0, 585.0, 590.0, 595.0, 600.0, 605.0, 610.0, 615.0, 620.0]"
Qwen/Qwen2.5-3B-Instruct,BCHUSDT,14,84.7367,18.18,2,1,"[445.3, 443.9, 466.9, 461.6, 449.7, 450.2, 443.1, 444.6, 447.1, 455.1, 455.2, 461.0, 467.6, 469.7, 478.8, 470.7, 456.9, 455.6, 474.6, 462.6, 467.4, 478.0, 477.4, 473.6, 461.9, 472.9, 481.2, 452.7, 460.3, 466.5]","[435.0, 430.0, 425.0, 432.0, 437.0, 442.0, 450.0, 460.0, 470.0, 480.0, 490.0, 500.0, 510.0, 520.0, 530.0, 540.0, 550.0, 560.0, 570.0, 580.0, 590.0, 600.0, 610.0, 620.0, 630.0, 640.0, 650.0, 660.0, 670.0, 680.0]"
Qwen/Qwen2.5-3B-Instruct,BNBUSDT,14,30.4993,3.4,0,0,"[864.39, 881.25, 878.63, 895.43, 910.31, 917.64, 900.3, 892.26, 896.86, 907.93, 904.32, 905.78, 943.73, 948.47, 931.2, 938.16, 947.12, 932.51, 923.6, 884.2, 883.36, 888.06, 891.63, 887.17, 866.02, 879.41, 898.36, 902.91, 868.69, 858.81]","[869.56, 872.19, 874.82, 877.45, 880.08, 882.71, 885.34, 887.97, 890.6, 893.23, 895.86, 898.49, 901.12, 903.75, 906.38, 909.01, 911.64, 914.27, 916.9, 919.53, 922.16, 924.79, 927.42, 930.05, 932.68, 935.31, 937.94, 940.57, 945.83, 948.46]"
Qwen/Qwen2.5-3B-Instruct,BNBUSDT,14,158.6283,25.23,0,0,"[781.38, 758.54, 773.94, 754.78, 697.27, 608.3, 657.21, 647.0, 639.93, 636.39, 619.85, 608.11, 614.29, 618.94, 632.77, 615.16, 627.19, 617.74, 604.8, 607.83, 625.91, 625.61, 614.8, 596.41, 583.6, 629.42, 625.74, 614.03, 617.14, 617.96]","[847.23, 842.44, 837.65, 832.86, 828.07, 823.28, 818.49, 813.7, 808.91, 804.12, 800.33, 796.54, 792.75, 788.96, 785.17, 781.38, 777.59, 773.8, 770.01, 766.22, 762.43, 758.64, 754.85, 751.06, 747.27, 743.48, 858.81, 858.81, 858.81, 847.23]"
Qwen/Qwen2.5-3B-Instruct,BNBUSDT,14,26.6957,4.11,0,0,"[637.79, 633.56, 657.99, 647.85, 627.31, 620.26, 611.98, 634.64, 642.0, 651.46, 651.72, 655.73, 657.7, 673.77, 679.71, 668.61, 652.27, 639.15, 642.11, 630.7, 626.41, 639.11, 638.3, 647.66, 628.86, 613.95, 611.08, 606.09, 609.29, 617.43]","[616.96, 616.65, 616.34, 616.03, 615.72, 615.41, 615.1, 614.79, 614.38, 614.07, 613.76, 613.45, 613.14, 612.83, 612.52, 612.21, 611.9, 611.59, 611.28, 610.97, 610.66, 610.35, 610.04, 609.73, 609.42, 616.96, 616.65, 616.34, 616.03, 615.72]"
Qwen/Qwen2.5-3B-Instruct,BTCUSDT,14,3066.07,3.35,0,0,"[88839.04, 89995.13, 90628.01, 91529.73, 93859.71, 93747.97, 91364.16, 91099.99, 90641.28, 90504.7, 91013.65, 91296.2, 95414.0, 96951.78, 95604.8, 95550.94, 95147.77, 93673.14, 92631.0, 88427.66, 89454.73, 89559.67, 89600.26, 89225.34, 86670.36, 88347.08, 89250.0, 89299.99, 84650.16, 84260.49]","[87812.2, 87975.18, 88138.16, 88301.14, 88464.12, 88627.1, 88790.08, 88953.06, 89116.04, 89279.02, 89442.0, 89604.98, 89767.96, 89930.94, 90093.92, 90256.9, 90419.88, 90582.86, 90745.84, 90908.82, 91071.8, 91234.78, 91397.76, 91560.74, 91723.72, 91886.7, 87812.2, 87975.18, 88138.16, 88301.14]"
Qwen/Qwen2.5-3B-Instruct,BTCUSDT,14,5032.1987,7.35,0,0,"[78741.09, 76968.21, 78738.61, 75770.21, 73165.83, 62909.86, 70580.26, 69289.38, 70330.38, 70138.0, 68841.29, 67082.52, 66272.17, 68853.96, 69822.95, 68832.58, 68892.43, 67503.52, 66461.0, 67003.73, 68020.01, 67975.93, 67643.4, 64656.02, 64058.15, 67988.04, 67485.18, 65872.1, 66973.26, 65776.47]","[83423.01, 82585.53, 81748.05, 80910.57, 79973.09, 79035.61, 78098.13, 77160.65, 76223.17, 75285.69, 74348.21, 73410.73, 72473.25, 71535.77, 70598.29, 69660.81, 68723.33, 67785.85, 66848.37, 65910.89, 64973.41, 64035.93, 63098.45, 62160.97, 61223.49, 60286.01, 59348.53, 58411.05, 57473.57, 56536.09]"
Qwen/Qwen2.5-3B-Instruct,BTCUSDT,14,5774.0493,8.18,0,0,"[68830.06, 68338.0, 72666.77, 70890.72, 68114.02, 67262.91, 65971.2, 68432.16, 69948.63, 70191.86, 70541.34, 70930.0, 71211.95, 72815.24, 74884.67, 73909.36, 71246.54, 69930.0, 70510.73, 68918.12, 67859.0, 70906.45, 70556.74, 71336.53, 68820.31, 66407.28, 66377.03, 66010.93, 66797.37, 68284.48]","[65397.1, 65257.42, 65117.74, 64978.06, 64838.38, 64698.7, 64559.02, 64419.34, 64279.66, 64139.98, 64000.3, 63860.62, 63720.94, 63581.26, 63441.58, 63301.9, 63162.22, 63022.54, 62882.86, 62743.18, 62603.5, 62463.82, 62324.14, 62184.46, 62044.78, 61905.1, 65397.1, 65257.42, 65117.74, 64978.06]"
Qwen/Qwen2.5-3B-Instruct,DOGEUSDT,14,0.0211,15.25,0,0,"[0.12683, 0.14188, 0.14315, 0.14953, 0.15171, 0.15055, 0.14642, 0.14194, 0.14071, 0.13965, 0.13801, 0.13662, 0.14828, 0.14718, 0.14004, 0.13813, 0.13788, 0.13164, 0.12916, 0.12336, 0.12654, 0.12437, 0.12477, 0.12423, 0.11945, 0.12236, 0.12619, 0.125, 0.11728, 0.11581]","[0.117117, 0.116763, 0.11641, 0.116057, 0.115704, 0.115351, 0.114998, 0.114645, 0.114292, 0.113939, 0.113586, 0.113233, 0.11288, 0.112527, 0.112174, 0.111821, 0.111468, 0.111115, 0.110762, 0.110409, 0.110056, 0.109703, 0.10935, 0.108997, 0.108644, 0.108291, 0.116763, 0.11641, 0.116057, 0.115704]"
Qwen/Qwen2.5-3B-Instruct,DOGEUSDT,14,0.01,10.4,0,0,"[0.10426, 0.10426, 0.10792, 0.10602, 0.10383, 0.08849, 0.09848, 0.09823, 0.09663, 0.09611, 0.09277, 0.09112, 0.093, 0.09667, 0.11104, 0.10269, 0.10102, 0.10066, 0.09855, 0.09837, 0.10011, 0.09841, 0.09558, 0.09266, 0.09137, 0.10095, 0.09701, 0.09337, 0.09405, 0.0919]","[0.113616, 0.11312, 0.112625, 0.11213, 0.111636, 0.111143, 0.110651, 0.11016, 0.10967, 0.109181, 0.108693, 0.108206, 0.10772, 0.107235, 0.106751, 0.106268, 0.105786, 0.105305, 0.104825, 0.104346, 0.103868, 0.103391, 0.102915, 0.10244, 0.101966, 0.101493, 0.101021, 0.113616, 0.11312, 0.112625]"
Qwen/Qwen2.5-3B-Instruct,DOGEUSDT,14,0.0133,14.38,2,1,"[0.09356, 0.08997, 0.09893, 0.09356, 0.09129, 0.08993, 0.08915, 0.09049, 0.09452, 0.09288, 0.09475, 0.09596, 0.09604, 0.09738, 0.10304, 0.10015, 0.09526, 0.09354, 0.09416, 0.09135, 0.09015, 0.09415, 0.0951, 0.09618, 0.09205, 0.09011, 0.091, 0.09045, 0.09083, 0.09232]","[0.092, 0.093, 0.094, 0.095, 0.096, 0.097, 0.098, 0.099, 0.1, 0.101, 0.102, 0.103, 0.104, 0.105, 0.106, 0.107, 0.108, 0.109, 0.11, 0.111, 0.112, 0.113, 0.114, 0.115, 0.116, 0.117, 0.118, 0.119, 0.12, 0.121]"
Qwen/Qwen2.5-3B-Instruct,DOTUSDT,14,0.2279,10.84,0,0,"[1.999, 2.166, 2.125, 2.142, 2.208, 2.235, 2.145, 2.111, 2.083, 2.093, 2.07, 2.055, 2.282, 2.226, 2.117, 2.119, 2.179, 2.065, 2.028, 1.897, 1.955, 1.927, 1.926, 1.93, 1.823, 1.875, 1.876, 1.87, 1.736, 1.69]","[1.7913, 1.7936, 1.7959, 1.7982, 1.8005, 1.8028, 1.8051, 1.8074, 1.8097, 1.812, 1.8143, 1.8166, 1.8189, 1.8212, 1.8235, 1.8258, 1.8281, 1.8304, 1.8327, 1.835, 1.8373, 1.8396, 1.8419, 1.8442, 1.8465, 1.8488, 1.8511, 1.8534, 1.8557, 1.858]"
Qwen/Qwen2.5-3B-Instruct,DOTUSDT,14,0.1797,13.25,0,0,"[1.547, 1.495, 1.543, 1.5, 1.461, 1.248, 1.368, 1.372, 1.337, 1.32, 1.283, 1.256, 1.283, 1.33, 1.421, 1.357, 1.376, 1.347, 1.311, 1.287, 1.341, 1.36, 1.313, 1.265, 1.238, 1.663, 1.609, 1.599, 1.662, 1.534]","[1.6524, 1.6158, 1.5792, 1.5426, 1.506, 1.4694, 1.4328, 1.3962, 1.3596, 1.323, 1.2864, 1.2498, 1.2132, 1.1766, 1.14, 1.1034, 1.0668, 1.0302, 0.9936, 0.957, 0.9204, 0.8838, 0.8472, 1.6524, 1.6158, 1.5792, 1.5426, 1.506, 1.4694, 1.4328]"
Qwen/Qwen2.5-3B-Instruct,DOTUSDT,14,0.2736,19.99,0,0,"[1.509, 1.533, 1.541, 1.53, 1.488, 1.448, 1.452, 1.494, 1.486, 1.522, 1.518, 1.464, 1.414, 1.441, 1.64, 1.62, 1.577, 1.521, 1.499, 1.468, 1.413, 1.421, 1.401, 1.363, 1.321, 1.292, 1.259, 1.261, 1.243, 1.253]","[1.546, 1.558, 1.57, 1.582, 1.594, 1.606, 1.618, 1.63, 1.642, 1.654, 1.666, 1.678, 1.69, 1.702, 1.714, 1.726, 1.738, 1.75, 1.762, 1.774, 1.786, 1.798, 1.81, 1.822, 1.834, 1.846, 1.858, 1.87, 1.882, 1.894]"
Qwen/Qwen2.5-3B-Instruct,ETCUSDT,14,1.4862,12.62,0,0,"[12.06, 12.52, 12.56, 12.82, 13.31, 13.37, 12.88, 12.61, 12.61, 12.54, 12.37, 12.26, 13.29, 13.2, 12.65, 12.76, 12.85, 12.24, 12.03, 11.54, 11.66, 11.58, 11.67, 11.59, 11.14, 11.39, 11.58, 11.55, 10.81, 10.6]","[11.47846, 11.47692, 11.47538, 11.47384, 11.4723, 11.47076, 11.46922, 11.46768, 11.46614, 11.4646, 11.46306, 11.46152, 11.45998, 11.45844, 11.4569, 11.45536, 11.45382, 11.45228, 11.45074, 11.4492, 11.44766, 11.44612, 11.44458, 11.44304, 11.4415, 11.43996, 11.43842, 11.43688, 30.0, 11.47846]"
Qwen/Qwen2.5-3B-Instruct,ETCUSDT,14,0.8033,9.23,2,1,"[9.76, 9.5, 9.81, 9.57, 9.34, 8.06, 8.84, 8.78, 8.57, 8.59, 8.33, 8.14, 8.25, 8.53, 9.0, 8.74, 8.84, 8.68, 8.44, 8.27, 8.76, 9.05, 8.52, 8.36, 8.3, 9.15, 8.86, 8.65, 8.68, 8.47]","[10.75, 10.65, 10.55, 10.45, 10.35, 10.25, 10.15, 10.05, 9.95, 9.85, 9.75, 9.65, 9.55, 9.45, 9.35, 9.25, 9.15, 9.05, 8.95, 8.85, 8.75, 8.65, 8.55, 8.45, 8.35, 8.25, 8.15, 8.05, 7.95, 7.85]"
Qwen/Qwen2.5-3B-Instruct,ETCUSDT,14,1.0996,13.37,0,0,"[8.72, 8.49, 8.85, 8.65, 8.25, 8.12, 7.99, 8.16, 8.23, 8.28, 8.27, 8.49, 8.26, 8.48, 9.03, 8.86, 8.51, 8.34, 8.41, 8.18, 8.03, 8.59, 8.67, 8.68, 8.21, 8.09, 8.04, 7.95, 8.07, 8.19]","[8.414, 8.386, 8.358, 8.33, 8.302, 8.274, 8.246, 8.218, 8.19, 8.162, 8.134, 8.106, 8.078, 8.05, 8.022, 7.994, 7.966, 7.938, 7.91, 7.882, 7.854, 7.826, 7.798, 7.77, 7.742, 30.0, 8.414, 8.386, 8.358, 8.33]"
Qwen/Qwen2.5-3B-Instruct,ETHUSDT,14,191.6258,6.37,0,0,"[3004.19, 3125.45, 3127.11, 3144.7, 3224.99, 3296.84, 3168.72, 3106.65, 3088.4, 3086.72, 3123.45, 3095.75, 3325.82, 3354.92, 3318.69, 3296.28, 3310.56, 3284.03, 3189.55, 2939.88, 2982.27, 2952.69, 2956.41, 2953.22, 2816.89, 2930.35, 3026.77, 3010.78, 2822.59, 2707.38]","[2983.651, 2994.656, 3005.661, 3016.666, 3027.671, 3038.676, 3049.681, 3060.686, 3071.691, 3082.696, 3093.701, 3104.706, 3115.711, 3126.716, 3137.721, 3148.726, 3159.731, 3170.736, 3181.741, 3192.746, 3203.751, 3214.756, 3225.761, 3236.766, 3247.771, 3258.776, 3269.781, 3281.791, 3292.796, 3303.801]"
Qwen/Qwen2.5-3B-Instruct,ETHUSDT,14,230.4277,11.4,0,0,"[2451.95, 2270.15, 2347.02, 2233.72, 2148.26, 1826.83, 2063.38, 2087.08, 2089.74, 2105.02, 2022.67, 1941.18, 1947.85, 2048.72, 2086.59, 1966.58, 1998.33, 1991.66, 1955.91, 1949.08, 1968.88, 1973.35, 1957.82, 1856.3, 1851.94, 2057.48, 2027.68, 1929.84, 1964.51, 1939.71]","[2661.0, 2614.62, 2568.24, 2521.86, 2475.48, 2429.1, 2382.72, 2336.34, 2289.96, 2243.58, 2197.2, 2150.82, 2104.44, 2058.06, 2011.68, 1965.3, 1918.92, 1872.54, 1826.16, 1779.78, 1733.4, 1687.02, 1640.64, 1594.26, 1547.88, 1594.26, 1640.64, 1687.02, 1733.4, 1779.78]"
Qwen/Qwen2.5-3B-Instruct,ETHUSDT,14,203.8334,9.55,1,0,"[2027.35, 1982.8, 2127.28, 2072.86, 1978.68, 1969.59, 1937.1, 1992.98, 2036.51, 2051.97, 2073.52, 2092.22, 2096.16, 2178.3, 2352.97, 2317.39, 2203.39, 2137.81, 2146.22, 2084.87, 2053.89, 2152.03, 2156.23, 2169.02, 2060.43, 1992.75, 1994.74, 1984.64, 2026.48, 2105.43]","[1930.703822, 1926.203822, 1921.703822, 1917.203822, 1912.703822, 1908.203822, 1903.703822, 1899.203822, 1894.703822, 1890.203822, 1885.703822, 1881.203822, 1876.703822, 1872.203822, 1867.703822, 1863.203822, 1858.703822, 1854.203822, 1849.703822, 1845.203822, 1840.703822, 1836.203822, 1831.703822, 1827.203822, 1822.703822, 1818.203822, 1939.71, 1935.2, 1899.2, 1930.7]"
Qwen/Qwen2.5-3B-Instruct,FILUSDT,14,0.1433,10.21,0,0,"[1.483, 1.504, 1.494, 1.494, 1.569, 1.593, 1.519, 1.497, 1.488, 1.482, 1.457, 1.461, 1.576, 1.592, 1.504, 1.52, 1.551, 1.45, 1.384, 1.312, 1.348, 1.319, 1.313, 1.315, 1.251, 1.269, 1.272, 1.28, 1.194, 1.176]","[1.3065, 1.3151, 1.3238, 1.3326, 1.3415, 1.3505, 1.3596, 1.3688, 1.3781, 1.3875, 1.397, 1.4066, 1.4163, 1.4261, 1.4359, 1.4458, 1.4558, 1.4659, 1.4761, 1.4864, 1.4968, 1.5073, 1.5179, 1.5286, 1.5394, 1.5503, 1.3065, 1.3151, 1.3238, 1.3326]"
Qwen/Qwen2.5-3B-Instruct,FILUSDT,14,0.0714,7.4,0,0,"[1.052, 1.035, 1.083, 1.068, 1.05, 0.883, 0.977, 0.976, 0.934, 0.938, 0.902, 0.879, 0.914, 0.958, 1.015, 0.963, 0.978, 0.96, 0.927, 0.915, 0.958, 0.97, 0.93, 0.891, 0.88, 1.062, 1.026, 0.994, 1.005, 0.964]","[1.1283, 1.1095, 1.0907, 1.0819, 1.0731, 1.0643, 1.0555, 1.0467, 1.0379, 1.0291, 1.0203, 1.0115, 1.0027, 0.9939, 0.9851, 0.9763, 0.9675, 0.9587, 0.9499, 0.9411, 0.9323, 0.9235, 0.9147, 0.9059, 0.8971, 0.8883, 0.8617, 0.844, 0.8263, 0.8086]"
Qwen/Qwen2.5-3B-Instruct,FILUSDT,14,0.0694,7.97,0,0,"[0.987, 1.0, 1.025, 1.011, 0.978, 0.952, 0.934, 0.939, 0.866, 0.878, 0.877, 0.869, 0.883, 0.895, 0.99, 0.969, 0.925, 0.895, 0.902, 0.882, 0.848, 0.923, 0.923, 0.928, 0.869, 0.839, 0.801, 0.802, 0.816, 0.832]","[0.963848, 0.963772, 0.963696, 0.963619, 0.963543, 0.963466, 0.963389, 0.963312, 0.963235, 0.963158, 0.963081, 0.962994, 0.962907, 0.96282, 0.962733, 0.962646, 0.962559, 0.962472, 0.962385, 0.962298, 0.962211, 0.962124, 0.962037, 0.96195, 0.961863, 0.961776, 0.961689, 0.963848, 0.963772, 0.963696]"
Qwen/Qwen2.5-3B-Instruct,LINKUSDT,14,1.4809,11.86,0,0,"[12.6, 13.27, 13.23, 13.43, 13.9, 14.04, 13.44, 13.21, 13.14, 13.13, 13.21, 13.08, 14.06, 14.11, 13.8, 13.73, 13.75, 13.32, 12.88, 12.12, 12.4, 12.27, 12.22, 12.2, 11.52, 11.95, 12.03, 11.84, 11.13, 10.79]","[12.2322, 12.2537, 12.2752, 12.2967, 12.3182, 12.3397, 12.3612, 12.3827, 12.4042, 12.4257, 12.4472, 12.4687, 12.4902, 12.5117, 12.5332, 12.5547, 12.5762, 12.5977, 12.6192, 12.6407, 12.6622, 12.6837, 12.7052, 12.7267, 12.7482, 12.7697, 12.2322, 30.0, 12.2322, 12.2537]"
Qwen/Qwen2.5-3B-Instruct,LINKUSDT,14,1.7013,19.49,0,0,"[9.99, 9.41, 9.81, 9.49, 9.25, 7.92, 8.88, 8.91, 8.83, 8.83, 8.57, 8.33, 8.41, 8.77, 9.09, 8.79, 8.94, 8.82, 8.6, 8.58, 8.95, 8.87, 8.69, 8.26, 8.19, 9.27, 9.09, 8.71, 8.85, 8.67]","[10.5632, 10.563, 10.5628, 10.5626, 10.5624, 10.5622, 10.562, 10.5618, 10.5616, 10.5614, 10.5612, 10.561, 10.5608, 10.5606, 10.5604, 10.5602, 10.56, 10.5598, 10.5596, 10.5594, 10.5592, 10.559, 10.5588, 10.5586, 10.5584, 10.5582, 10.558, 10.5578, 10.5576, 10.5574]"
Qwen/Qwen2.5-3B-Instruct,LINKUSDT,14,1.4481,16.46,0,0,"[8.96, 8.8, 9.35, 9.21, 8.8, 8.7, 8.52, 8.87, 8.99, 8.99, 9.05, 9.08, 9.17, 9.5, 9.92, 9.79, 9.22, 9.04, 9.12, 8.82, 8.68, 9.11, 9.25, 9.37, 8.91, 8.57, 8.44, 8.42, 8.62, 8.78]","[8.6292, 8.5984, 8.5676, 8.5368, 8.506, 8.4752, 8.4444, 8.4136, 8.3828, 8.352, 8.3212, 8.2904, 8.2596, 8.2288, 8.198, 8.1672, 8.1364, 8.1056, 8.0748, 8.044, 8.0132, 7.9824, 7.9516, 7.9208, 7.89, 7.8592, 30.0, 8.6292, 8.5984, 8.5676]"
Qwen/Qwen2.5-3B-Instruct,LTCUSDT,14,7.5097,10.53,0,0,"[79.97, 81.93, 82.08, 82.26, 83.46, 83.96, 81.71, 81.31, 81.49, 81.19, 78.79, 76.12, 78.18, 76.67, 72.21, 75.22, 74.92, 72.29, 70.8, 67.12, 68.48, 68.19, 68.07, 68.19, 67.3, 69.72, 70.03, 69.42, 66.24, 65.47]","[76.23, 76.42, 76.61, 76.8, 77.0, 77.2, 77.4, 77.6, 77.8, 78.0, 78.2, 78.4, 78.6, 78.8, 79.0, 79.2, 79.4, 79.6, 79.8, 80.0, 80.2, 80.4, 80.6, 80.8, 81.0, 81.2, 81.4, 60.0, 81.8, 82.0]"
Qwen/Qwen2.5-3B-Instruct,LTCUSDT,14,13.4967,24.88,2,1,"[59.53, 58.49, 60.02, 59.48, 58.89, 50.79, 55.02, 55.19, 54.53, 54.45, 53.38, 52.32, 53.15, 55.03, 55.99, 55.08, 55.13, 53.96, 53.32, 52.7, 55.19, 54.9, 53.48, 51.35, 51.15, 56.76, 55.62, 54.56, 54.4, 53.24]","[65.5, 65.7, 65.9, 66.1, 66.3, 66.5, 66.7, 66.9, 67.1, 67.3, 67.5, 67.7, 67.9, 68.1, 68.3, 68.5, 68.7, 68.9, 69.1, 69.3, 69.5, 69.7, 69.9, 70.1, 70.3, 70.5, 70.7, 70.9, 71.1, 71.3]"
Qwen/Qwen2.5-3B-Instruct,LTCUSDT,14,3.1881,5.77,0,0,"[54.61, 54.76, 56.77, 55.46, 53.81, 53.58, 52.59, 53.77, 53.87, 54.8, 54.56, 55.3, 54.98, 56.27, 58.7, 58.09, 56.08, 55.54, 56.17, 54.81, 53.51, 55.72, 56.38, 56.65, 54.59, 53.72, 53.85, 53.32, 53.34, 53.95]","[53.1964, 53.1519, 53.1074, 53.0628, 53.0182, 52.9735, 52.9287, 52.8838, 52.8388, 52.7937, 52.7485, 52.7032, 52.6578, 52.6124, 52.5669, 52.5214, 52.4758, 52.4302, 52.3845, 52.3387, 52.293, 52.2472, 52.2014, 52.1555, 52.1095, 30.0, 52.1141, 52.0684, 52.0226, 51.9767]"
Qwen/Qwen2.5-3B-Instruct,NEARUSDT,14,0.1432,8.81,0,0,"[1.627, 1.692, 1.711, 1.728, 1.774, 1.808, 1.722, 1.686, 1.703, 1.689, 1.702, 1.675, 1.859, 1.799, 1.722, 1.731, 1.751, 1.629, 1.597, 1.506, 1.529, 1.513, 1.509, 1.506, 1.436, 1.463, 1.49, 1.489, 1.375, 1.323]","[1.51975, 1.52544, 1.53113, 1.53682, 1.54251, 1.5482, 1.55389, 1.55958, 1.56527, 1.57096, 1.57665, 1.58234, 1.58803, 1.59372, 1.59941, 1.6051, 1.61079, 1.61648, 1.62217, 1.62786, 1.63355, 1.63924, 1.64493, 1.65062, 1.65631, 1.662, 1.51975, 1.52544, 1.53113, 1.53682]"
Qwen/Qwen2.5-3B-Instruct,NEARUSDT,14,0.1392,12.88,2,1,"[1.206, 1.173, 1.2, 1.176, 1.16, 0.976, 1.087, 1.075, 1.038, 1.03, 0.993, 0.962, 0.964, 1.024, 1.086, 1.056, 1.058, 1.044, 1.017, 1.007, 1.054, 1.059, 1.022, 0.981, 0.967, 1.172, 1.127, 1.094, 1.172, 1.15]","[1.372, 1.354, 1.336, 1.318, 1.3, 1.282, 1.264, 1.246, 1.228, 1.21, 1.192, 1.174, 1.156, 1.138, 1.12, 1.102, 1.084, 1.066, 1.048, 1.03, 1.012, 0.994, 0.976, 0.958, 0.94, 0.922, 0.904, 0.886, 0.868, 0.85]"
Qwen/Qwen2.5-3B-Instruct,NEARUSDT,14,0.0861,6.59,0,0,"[1.36, 1.358, 1.311, 1.271, 1.227, 1.214, 1.212, 1.235, 1.284, 1.299, 1.368, 1.336, 1.325, 1.35, 1.49, 1.452, 1.386, 1.335, 1.316, 1.281, 1.274, 1.311, 1.292, 1.28, 1.224, 1.18, 1.173, 1.164, 1.162, 1.189]","[1.164154, 1.171231, 1.178308, 1.185385, 1.192462, 1.199539, 1.206616, 1.213693, 1.22077, 1.227847, 1.234924, 1.242001, 1.249078, 1.256155, 1.263232, 1.270309, 1.277386, 1.284463, 1.29154, 1.298617, 1.305694, 1.312771, 1.319848, 1.326925, 1.334002, 1.341079, 1.348156, 1.355233, 1.164154, 1.171231]"
Qwen/Qwen2.5-3B-Instruct,SOLUSDT,14,43.5613,34.04,0,0,"[126.9, 132.29, 133.37, 134.12, 137.9, 141.08, 136.39, 138.37, 135.97, 135.84, 139.7, 139.22, 145.51, 146.69, 142.4, 144.89, 143.72, 137.87, 133.44, 125.8, 129.54, 128.47, 127.43, 127.21, 118.85, 124.24, 127.19, 125.35, 117.82, 117.59]","[654.0, 124.942, 125.238, 125.533, 125.827, 126.119, 126.4, 126.67, 126.939, 127.197, 127.444, 127.68, 127.904, 128.117, 128.32, 128.512, 128.693, 128.853, 129.001, 129.137, 129.252, 129.345, 129.416, 129.465, 129.493, 129.5, 129.485, 654.0, 124.942, 125.238]"
Qwen/Qwen2.5-3B-Instruct,SOLUSDT,14,36.188,42.96,2,1,"[105.58, 100.79, 104.55, 97.89, 92.12, 78.35, 87.46, 87.59, 86.99, 86.77, 82.99, 79.3, 78.4, 84.33, 88.06, 86.16, 86.45, 85.08, 81.61, 82.5, 84.67, 85.17, 82.79, 77.9, 78.99, 88.06, 85.91, 81.85, 84.35, 83.6]","[116.5, 115.2, 114.0, 112.5, 113.8, 114.7, 115.6, 116.4, 117.2, 118.0, 118.8, 119.6, 120.4, 121.2, 122.0, 122.8, 123.6, 124.4, 125.2, 126.0, 126.8, 127.6, 128.4, 129.2, 130.0, 130.8, 131.6, 132.4, 133.2, 134.0]"
Qwen/Qwen2.5-3B-Instruct,SOLUSDT,14,6.657,7.41,0,0,"[86.64, 86.97, 90.85, 88.77, 84.7, 83.22, 81.59, 84.96, 85.88, 86.58, 86.84, 88.18, 88.03, 92.3, 96.2, 94.62, 90.08, 88.89, 89.84, 87.56, 86.2, 91.43, 90.8, 91.7, 86.53, 83.11, 82.09, 81.44, 82.54, 83.2]","[83.1626, 82.9434, 82.7242, 82.505, 82.2858, 82.0666, 81.8474, 81.6282, 81.409, 81.1898, 80.9706, 80.7514, 80.5322, 80.313, 80.0938, 79.8746, 79.6554, 79.4362, 79.217, 78.9978, 78.7786, 78.5594, 78.3402, 78.121, 77.9018, 83.1626, 82.9434, 82.7242, 82.505, 82.2858]"
Qwen/Qwen2.5-3B-Instruct,TRXUSDT,14,0.0093,3.05,0,0,"[0.2871, 0.289, 0.2956, 0.2939, 0.2922, 0.2942, 0.2981, 0.295, 0.2984, 0.3024, 0.2995, 0.2998, 0.3071, 0.3047, 0.3126, 0.3096, 0.3188, 0.3178, 0.3119, 0.297, 0.2993, 0.3054, 0.2979, 0.2954, 0.2957, 0.2966, 0.2947, 0.2954, 0.295, 0.2942]","[0.285304, 0.285704, 0.286104, 0.286504, 0.286904, 0.287304, 0.287704, 0.288104, 0.288504, 0.288904, 0.289304, 0.289704, 0.290104, 0.290504, 0.290904, 0.291304, 0.291704, 0.292104, 0.292504, 0.292904, 0.293304, 0.293704, 0.294104, 0.294504, 0.294904, 0.295304, 0.295704, 0.296104, 0.296504, 0.285304]"
Qwen/Qwen2.5-3B-Instruct,TRXUSDT,14,0.0075,2.65,1,0,"[0.2866, 0.2847, 0.2835, 0.2861, 0.2833, 0.2696, 0.2741, 0.2782, 0.2778, 0.2791, 0.2782, 0.2784, 0.28, 0.2823, 0.2826, 0.2805, 0.2846, 0.2821, 0.2788, 0.2849, 0.2854, 0.289, 0.2906, 0.2816, 0.2837, 0.2853, 0.2857, 0.2828, 0.2819, 0.2807]","[0.292416, 0.291524, 0.290632, 0.28974, 0.288848, 0.287956, 0.287064, 0.286172, 0.28528, 0.284388, 0.283496, 0.282604, 0.281712, 0.28082, 0.279928, 0.279036, 0.278144, 0.277252, 0.27636, 0.275468, 0.274576, 0.273684, 0.272792, 0.2719, 0.271008, 0.292416, 0.291524, 0.290632, 0.28974, 0.288848]"
Qwen/Qwen2.5-3B-Instruct,TRXUSDT,14,0.0236,7.68,0,0,"[0.2832, 0.2805, 0.2871, 0.2852, 0.2846, 0.2866, 0.2891, 0.2856, 0.2858, 0.2913, 0.2891, 0.2934, 0.2978, 0.2987, 0.2956, 0.3068, 0.3045, 0.3036, 0.3097, 0.3121, 0.3104, 0.3081, 0.3061, 0.3146, 0.3115, 0.3113, 0.3167, 0.322, 0.32, 0.3133]","[0.2801, 0.2798, 0.2795, 0.2792, 0.2789, 0.2786, 0.2783, 0.278, 0.2777, 0.2774, 0.2771, 0.2768, 0.2765, 0.2762, 0.2759, 0.2756, 0.2753, 0.275, 0.2747, 0.2744, 0.2741, 0.2738, 0.2735, 0.2732, 0.2729, 0.2726, 0.2723, 0.2801, 0.2798, 0.2795]"
Qwen/Qwen2.5-3B-Instruct,UNIUSDT,14,1.2419,25.36,0,0,"[5.809, 6.038, 5.917, 5.85, 6.162, 6.07, 5.726, 5.488, 5.467, 5.476, 5.456, 5.367, 5.73, 5.681, 5.35, 5.315, 5.352, 5.095, 5.026, 4.803, 4.94, 4.836, 4.873, 4.855, 4.637, 4.711, 4.8, 4.82, 4.396, 4.276]","[5.6967, 5.749, 5.8013, 5.8536, 5.9059, 5.9582, 6.0105, 6.0628, 6.1151, 6.1674, 6.2197, 6.272, 6.3243, 6.3766, 6.4289, 6.4812, 6.5335, 6.5858, 6.6381, 6.6904, 6.7427, 6.795, 6.8473, 6.8996, 6.9519, 7.0042, 7.0565, 7.1611, 7.2134, 7.2657]"
Qwen/Qwen2.5-3B-Instruct,UNIUSDT,14,0.6806,19.45,0,0,"[3.96, 3.837, 3.925, 3.86, 3.801, 3.168, 3.552, 3.539, 3.468, 3.493, 3.36, 3.369, 3.247, 3.398, 3.629, 3.471, 3.601, 3.524, 3.403, 3.391, 3.492, 3.609, 3.491, 3.349, 3.337, 4.055, 3.879, 3.742, 3.811, 3.748]","[4.2742, 4.2733, 4.2724, 4.2715, 4.2706, 4.2697, 4.2688, 4.2679, 4.267, 4.2661, 4.2652, 4.2643, 4.2634, 4.2625, 4.2616, 4.2607, 4.2598, 4.2589, 4.258, 4.2571, 4.2562, 4.2553, 4.2544, 4.2535, 4.2526, 4.2517, 4.2742, 4.2733, 4.2724, 4.2715]"
Qwen/Qwen2.5-3B-Instruct,UNIUSDT,14,0.294,8.21,0,0,"[3.929, 3.912, 3.977, 3.97, 3.848, 3.771, 3.661, 3.861, 3.843, 3.898, 3.918, 4.004, 3.948, 4.069, 4.157, 3.957, 3.681, 3.579, 3.605, 3.486, 3.471, 3.587, 3.609, 3.708, 3.528, 3.388, 3.384, 3.355, 3.48, 3.545]","[3.7706, 3.7819, 3.7932, 3.8045, 3.8158, 3.8271, 3.8384, 3.8497, 3.861, 3.8723, 3.8836, 3.8949, 3.9062, 3.9175, 3.9288, 3.9401, 3.9514, 3.9627, 3.974, 3.9853, 3.9966, 4.0079, 4.0192, 4.0305, 4.0418, 4.0531, 4.0644, 3.748, 3.7593, 2.0]"
Qwen/Qwen2.5-3B-Instruct,XLMUSDT,14,0.0256,11.31,0,0,"[0.2087, 0.2191, 0.2222, 0.233, 0.2526, 0.2438, 0.2342, 0.2302, 0.2284, 0.2264, 0.2244, 0.2193, 0.2386, 0.2361, 0.2285, 0.226, 0.2309, 0.2182, 0.2157, 0.207, 0.2124, 0.2115, 0.2122, 0.2115, 0.2033, 0.2074, 0.2085, 0.2105, 0.1987, 0.1919]","[0.200531, 0.200062, 0.199593, 0.199124, 0.198655, 0.198186, 0.197717, 0.197248, 0.196779, 0.19631, 0.195841, 0.195372, 0.194903, 0.194434, 0.193965, 0.193496, 0.193027, 0.192558, 0.192089, 0.19162, 0.191151, 0.190682, 0.190213, 0.189744, 0.189275, 0.188806, 0.200531, 0.200062, 0.199593, 0.199124]"
Qwen/Qwen2.5-3B-Instruct,XLMUSDT,14,0.0169,10.39,2,1,"[0.181, 0.1751, 0.1787, 0.1758, 0.1714, 0.1471, 0.1642, 0.1619, 0.1615, 0.1596, 0.1585, 0.1547, 0.1563, 0.1646, 0.1744, 0.1702, 0.1698, 0.1657, 0.1613, 0.1591, 0.1627, 0.161, 0.155, 0.1514, 0.1496, 0.1627, 0.1622, 0.1588, 0.159, 0.1541]","[0.2065, 0.2045, 0.2025, 0.2005, 0.1985, 0.1965, 0.1945, 0.1925, 0.1905, 0.1885, 0.1865, 0.1845, 0.1825, 0.1805, 0.1785, 0.1765, 0.1745, 0.1725, 0.1705, 0.1685, 0.1665, 0.1645, 0.1625, 0.1605, 0.1585, 0.1565, 0.1545, 0.1525, 0.1505, 0.1485]"
Qwen/Qwen2.5-3B-Instruct,XLMUSDT,14,0.0117,6.94,1,0,"[0.1557, 0.1515, 0.1595, 0.1569, 0.1522, 0.1504, 0.1482, 0.1508, 0.1586, 0.1592, 0.16, 0.1641, 0.1665, 0.1693, 0.176, 0.1736, 0.1702, 0.1654, 0.1654, 0.1621, 0.156, 0.1668, 0.1738, 0.1774, 0.1738, 0.1674, 0.168, 0.1645, 0.1674, 0.1673]","[0.153786, 0.153678, 0.15357, 0.153461, 0.153352, 0.153243, 0.153134, 0.153025, 0.152916, 0.152807, 0.152698, 0.152589, 0.15248, 0.152371, 0.152262, 0.152153, 0.152044, 0.151935, 0.151826, 0.151717, 0.151608, 0.151499, 0.15139, 0.151281, 0.151172, 0.151063, 0.150954, 0.153786, 0.153678, 0.15357]"
Qwen/Qwen2.5-3B-Instruct,XRPUSDT,14,0.1505,7.14,0,0,"[1.8799, 2.0069, 2.0182, 2.0909, 2.3478, 2.3042, 2.1657, 2.1232, 2.0958, 2.0907, 2.0745, 2.054, 2.1655, 2.1394, 2.0789, 2.0678, 2.0631, 1.9914, 1.986, 1.89, 1.9476, 1.9236, 1.9196, 1.9143, 1.8356, 1.9041, 1.9158, 1.9111, 1.8076, 1.7352]","[1.847642, 1.850311, 1.85308, 1.855849, 1.858618, 1.861387, 1.864156, 1.866925, 1.869694, 1.872463, 1.875232, 1.878001, 1.88077, 1.883539, 1.886308, 1.889077, 1.891846, 1.894615, 1.897384, 1.900153, 1.902922, 1.905691, 1.90846, 1.911229, 1.913998, 1.916767, 1.919536, 1.922305, 1.847642, 1.850311]"
Qwen/Qwen2.5-3B-Instruct,XRPUSDT,14,0.1683,12.01,0,0,"[1.6472, 1.5908, 1.6198, 1.5791, 1.512, 1.2146, 1.4698, 1.4231, 1.4308, 1.437, 1.3999, 1.3697, 1.3635, 1.4071, 1.5094, 1.4753, 1.4876, 1.4743, 1.4219, 1.4068, 1.4292, 1.4304, 1.3932, 1.3518, 1.3482, 1.4339, 1.4027, 1.3562, 1.3762, 1.3524]","[1.71, 1.6849, 1.6599, 1.6349, 1.6099, 1.5849, 1.5599, 1.5349, 1.5099, 1.4849, 1.4599, 1.4349, 1.4099, 1.3849, 1.3599, 1.3349, 1.3099, 1.2849, 1.2599, 1.2349, 1.2099, 1.1849, 1.1599, 1.1349, 1.1099, 1.0849, 1.0599, 1.71, 1.6849, 1.6599]"
Qwen/Qwen2.5-3B-Instruct,XRPUSDT,14,0.18,12.68,0,0,"[1.39, 1.3607, 1.4309, 1.4037, 1.3633, 1.3567, 1.34, 1.3631, 1.3863, 1.3847, 1.3846, 1.3989, 1.4063, 1.4487, 1.543, 1.5182, 1.4647, 1.4475, 1.4452, 1.4086, 1.3848, 1.4323, 1.416, 1.4145, 1.3609, 1.3257, 1.3333, 1.3278, 1.3242, 1.3411]","[1.3316, 1.3212, 1.3108, 1.3004, 1.29, 1.2796, 1.2692, 1.2588, 1.2484, 1.238, 1.2276, 1.2172, 1.2068, 1.1964, 1.186, 1.1756, 1.1652, 1.1548, 1.1444, 1.134, 1.1236, 1.1132, 1.1028, 1.0924, 1.082, 1.0716, 1.3316, 1.3212, 1.3108, 1.3004]"
Qwen/Qwen2.5-3B-Instruct,ADAUSDT,21,0.0472,12.08,0,0,"[0.3565, 0.3949, 0.3893, 0.4007, 0.4211, 0.4194, 0.4022, 0.3956, 0.3914, 0.3886, 0.391, 0.3862, 0.4218, 0.4143, 0.3936, 0.3955, 0.3973, 0.3758, 0.3703, 0.3507, 0.3659, 0.3594, 0.3602, 0.3583, 0.3391, 0.3521, 0.3608, 0.3583, 0.3347, 0.3208]","[0.3334, 0.3333, 0.3332, 0.3331, 0.333, 0.3329, 0.3328, 0.3327, 0.3326, 0.3325, 0.3324, 0.3323, 0.3322, 0.3321, 0.332, 0.3319, 0.3318, 0.3317, 0.3316, 0.3315, 0.3314, 0.3313, 0.3312, 0.3311, 0.3334, 0.3333, 0.3332, 0.3331, 0.333, 0.3329]"
Qwen/Qwen2.5-3B-Instruct,ADAUSDT,21,0.0418,15.32,0,0,"[0.2936, 0.2858, 0.2991, 0.2917, 0.2864, 0.2455, 0.2762, 0.2721, 0.2701, 0.2699, 0.262, 0.2559, 0.2643, 0.2728, 0.295, 0.2818, 0.2858, 0.2811, 0.2735, 0.2729, 0.2849, 0.28, 0.2717, 0.2623, 0.2587, 0.2971, 0.287, 0.2776, 0.281, 0.2735]","[0.3207, 0.3205, 0.3203, 0.3201, 0.3199, 0.3197, 0.3195, 0.3193, 0.3191, 0.3189, 0.3187, 0.3185, 0.3183, 0.3181, 0.3179, 0.3177, 0.3175, 0.3173, 0.3171, 0.3169, 0.3167, 0.3165, 0.3163, 0.3161, 0.3207, 0.3205, 0.3203, 0.3201, 0.3199, 0.3197]"
Qwen/Qwen2.5-3B-Instruct,ADAUSDT,21,0.016,6.26,0,0,"[0.2771, 0.2625, 0.2763, 0.2692, 0.259, 0.2544, 0.2493, 0.2552, 0.2621, 0.2626, 0.2636, 0.2656, 0.2634, 0.2702, 0.2904, 0.2891, 0.2742, 0.2675, 0.2661, 0.2574, 0.2506, 0.2616, 0.2664, 0.2705, 0.2547, 0.2461, 0.246, 0.2398, 0.2434, 0.2418]","[0.27386, 0.27404, 0.27422, 0.2744, 0.27458, 0.27476, 0.27494, 0.27512, 0.2753, 0.27548, 0.27566, 0.27584, 0.27602, 0.2762, 0.27638, 0.27656, 0.27674, 0.27692, 0.2771, 0.27728, 0.27746, 0.27764, 0.27782, 0.278, 0.27818, 0.27386, 0.27404, 0.27422, 0.2744, 0.27458]"
Qwen/Qwen2.5-3B-Instruct,ALGOUSDT,21,0.0263,20.42,0,0,"[0.1202, 0.1275, 0.1279, 0.1362, 0.1396, 0.1423, 0.1364, 0.1344, 0.1332, 0.1337, 0.1323, 0.129, 0.1385, 0.1365, 0.128, 0.1303, 0.1315, 0.1228, 0.1209, 0.1143, 0.1177, 0.1188, 0.1203, 0.1186, 0.1147, 0.1221, 0.122, 0.1263, 0.1145, 0.1121]","[0.109535, 0.10857, 0.107605, 0.10664, 0.105675, 0.10471, 0.103745, 0.10278, 0.101815, 0.10085, 0.099885, 0.09892, 0.097955, 0.09699, 0.096025, 0.09506, 0.094095, 0.09313, 0.092165, 0.0912, 0.090235, 0.08927, 0.088305, 0.10857, 0.107605, 0.10664, 0.105675, 0.10471, 0.103745, 0.10278]"
Qwen/Qwen2.5-3B-Instruct,ALGOUSDT,21,0.0181,19.92,0,0,"[0.104, 0.1005, 0.1049, 0.1064, 0.1031, 0.0884, 0.0989, 0.0977, 0.0969, 0.096, 0.0917, 0.0891, 0.0918, 0.0941, 0.0997, 0.0959, 0.0947, 0.0931, 0.091, 0.0892, 0.0905, 0.0896, 0.0868, 0.0839, 0.0835, 0.091, 0.088, 0.0866, 0.0879, 0.0856]","[0.112089, 0.112078, 0.112067, 0.112056, 0.112045, 0.112034, 0.112023, 0.111912, 0.111801, 0.11169, 0.111579, 0.111468, 0.111357, 0.111246, 0.111135, 0.111024, 0.110913, 0.110802, 0.110691, 0.11058, 0.110469, 0.110358, 0.110247, 0.110136, 0.112089, 0.112078, 0.112067, 0.112056, 0.112045, 0.112034]"
Qwen/Qwen2.5-3B-Instruct,ALGOUSDT,21,0.0089,9.91,0,0,"[0.088, 0.0861, 0.0888, 0.0873, 0.0844, 0.083, 0.0818, 0.0833, 0.0853, 0.0862, 0.089, 0.0939, 0.091, 0.0926, 0.0972, 0.0947, 0.0901, 0.0893, 0.0898, 0.0868, 0.0855, 0.0875, 0.0872, 0.0875, 0.084, 0.0815, 0.0816, 0.0812, 0.0822, 0.0939]","[0.08454, 0.08401, 0.08348, 0.08295, 0.08242, 0.08189, 0.08136, 0.08083, 0.0803, 0.07977, 0.07924, 0.07871, 0.07818, 0.07765, 0.07712, 0.07659, 0.07606, 0.07553, 0.075, 0.07447, 0.07394, 0.07341, 0.07288, 0.07235, 0.07182, 0.08454, 0.08401, 0.08348, 0.08295, 0.08242]"
Qwen/Qwen2.5-3B-Instruct,ATOMUSDT,21,0.4806,19.83,0,0,"[2.069, 2.168, 2.239, 2.34, 2.369, 2.532, 2.433, 2.461, 2.592, 2.57, 2.574, 2.487, 2.636, 2.582, 2.477, 2.494, 2.567, 2.426, 2.456, 2.295, 2.382, 2.335, 2.368, 2.334, 2.236, 2.222, 2.244, 2.237, 2.128, 2.112]","[1.9272, 1.9244, 1.9216, 1.9188, 1.916, 1.9132, 1.9104, 1.9076, 1.9048, 1.902, 1.8992, 1.8964, 1.8936, 1.8908, 1.888, 1.8852, 1.8824, 1.8796, 1.8768, 1.874, 1.8712, 1.8684, 1.8656, 1.8628, 1.86, 1.9272, 1.9244, 1.9216, 1.9188, 1.916]"
Qwen/Qwen2.5-3B-Instruct,ATOMUSDT,21,0.1668,8.22,0,0,"[1.971, 1.91, 1.982, 2.036, 1.995, 1.819, 1.987, 1.989, 1.95, 1.96, 1.922, 1.945, 1.968, 2.122, 2.186, 2.137, 2.292, 2.242, 2.346, 2.292, 2.358, 2.314, 2.25, 2.12, 1.992, 1.942, 1.879, 1.849, 1.849, 1.799]","[2.1098, 2.1078, 2.1059, 2.1039, 2.1019, 2.0999, 2.0979, 2.0959, 2.0939, 2.0919, 2.0899, 2.0879, 2.0859, 2.0839, 2.0819, 2.0799, 2.0779, 2.0759, 2.0739, 2.0719, 2.0699, 2.0679, 2.0659, 2.0639, 2.1098, 2.1078, 2.1059, 2.1039, 2.1019, 2.0999]"
Qwen/Qwen2.5-3B-Instruct,ATOMUSDT,21,0.1112,6.09,0,0,"[1.843, 1.814, 1.879, 1.84, 1.809, 1.785, 1.738, 1.743, 1.788, 1.84, 1.838, 1.862, 1.87, 1.861, 1.978, 1.961, 1.909, 1.811, 1.834, 1.793, 1.769, 1.786, 1.787, 1.765, 1.699, 1.676, 1.666, 1.646, 1.665, 1.707]","[1.7909, 1.7829, 1.775, 1.7672, 1.7596, 1.7521, 1.7447, 1.7374, 1.7302, 1.7231, 1.7161, 1.7092, 1.7024, 1.6957, 1.6891, 1.6826, 1.6762, 1.6699, 1.6637, 1.6576, 1.6516, 1.6457, 1.64, 1.7909, 1.7829, 1.775, 1.7672, 1.7596, 1.7521, 1.7447]"
Qwen/Qwen2.5-3B-Instruct,AVAXUSDT,21,1.6673,12.31,0,0,"[13.59, 13.82, 13.99, 14.25, 14.45, 14.59, 14.11, 13.89, 13.79, 13.74, 13.7, 13.53, 14.75, 14.6, 13.82, 13.59, 13.75, 12.98, 12.74, 12.09, 12.42, 12.2, 12.13, 12.05, 11.49, 11.72, 12.14, 12.07, 11.04, 10.87]","[12.215, 12.155, 12.095, 12.035, 11.975, 11.915, 11.855, 11.795, 11.735, 11.675, 11.615, 11.555, 11.495, 11.435, 11.375, 11.315, 11.255, 11.195, 11.135, 11.075, 11.015, 10.955, 10.895, 12.215, 12.155, 12.095, 12.035, 11.975, 11.915, 11.855]"
Qwen/Qwen2.5-3B-Instruct,AVAXUSDT,21,0.8753,9.74,1,0,"[10.12, 9.91, 10.14, 9.93, 9.72, 8.32, 9.28, 9.23, 9.08, 9.06, 8.76, 8.63, 8.9, 9.14, 9.59, 9.29, 9.26, 9.14, 8.86, 8.91, 9.17, 9.12, 8.87, 8.36, 8.29, 9.51, 9.31, 8.95, 9.16, 9.04]","[10.683, 10.6395, 10.596, 10.5525, 10.509, 10.4655, 10.422, 10.3785, 10.335, 10.2915, 10.248, 10.2045, 10.161, 10.1175, 10.074, 10.0305, 9.987, 9.9435, 9.9, 9.8565, 9.813, 9.7695, 9.726, 9.6825, 9.596, 9.5525, 9.509, 9.4655, 9.422, 9.3785]"
Qwen/Qwen2.5-3B-Instruct,AVAXUSDT,21,0.6133,6.41,2,1,"[9.17, 9.18, 9.5, 9.39, 9.01, 8.91, 8.82, 9.26, 9.53, 9.55, 9.67, 9.72, 9.73, 9.95, 10.49, 10.2, 9.69, 9.48, 9.56, 9.21, 9.03, 9.56, 9.62, 9.68, 9.11, 8.79, 8.75, 8.6, 8.81, 8.91]","[8.9, 8.8, 8.7, 8.8, 9.0, 9.4, 9.2, 9.2, 9.1, 8.8, 8.9, 9.1, 9.1, 8.8, 8.3, 8.2, 9.5, 9.3, 9.0, 9.1, 9.0, 8.7, 8.6, 8.9, 9.1, 9.2, 9.3, 9.4, 9.5, 9.6]"
Qwen/Qwen2.5-3B-Instruct,BCHUSDT,21,24.8887,4.1,0,0,"[593.2, 609.8, 654.5, 639.1, 645.2, 638.2, 629.2, 632.0, 634.7, 643.9, 649.1, 621.7, 617.0, 597.4, 590.8, 599.5, 594.1, 591.4, 584.0, 573.2, 584.8, 599.2, 595.7, 593.6, 572.2, 578.7, 600.2, 591.1, 554.1, 553.2]","[601.02, 601.28, 601.54, 601.8, 602.06, 602.32, 602.58, 602.84, 603.1, 603.36, 603.62, 603.88, 604.14, 604.4, 604.66, 604.92, 605.18, 605.44, 605.7, 605.96, 606.22, 606.48, 606.74, 607.0, 607.26, 607.52, 607.78, 608.04, 608.3, 608.56]"
Qwen/Qwen2.5-3B-Instruct,BCHUSDT,21,100.17,20.0,2,1,"[507.5, 516.2, 539.7, 527.1, 532.5, 453.9, 523.2, 525.1, 527.0, 533.0, 524.3, 516.2, 503.0, 563.9, 562.9, 553.5, 569.2, 563.4, 558.0, 560.4, 562.4, 564.1, 570.7, 495.8, 484.8, 492.9, 478.4, 461.5, 457.6, 441.7]","[550.0, 555.0, 560.0, 565.0, 570.0, 575.0, 580.0, 585.0, 590.0, 595.0, 600.0, 605.0, 610.0, 615.0, 620.0, 625.0, 630.0, 635.0, 640.0, 645.0, 650.0, 655.0, 660.0, 665.0, 670.0, 675.0, 680.0, 685.0, 690.0, 695.0]"
Qwen/Qwen2.5-3B-Instruct,BCHUSDT,21,122.73,26.62,2,1,"[445.3, 443.9, 466.9, 461.6, 449.7, 450.2, 443.1, 444.6, 447.1, 455.1, 455.2, 461.0, 467.6, 469.7, 478.8, 470.7, 456.9, 455.6, 474.6, 462.6, 467.4, 478.0, 477.4, 473.6, 461.9, 472.9, 481.2, 452.7, 460.3, 466.5]","[572.0, 565.0, 558.0, 549.0, 575.0, 574.0, 564.0, 578.0, 577.0, 569.0, 571.0, 573.0, 577.0, 580.0, 582.0, 584.0, 586.0, 588.0, 590.0, 592.0, 594.0, 596.0, 598.0, 600.0, 602.0, 604.0, 606.0, 608.0, 610.0, 612.0]"
Qwen/Qwen2.5-3B-Instruct,BNBUSDT,21,48.1663,5.27,0,0,"[864.39, 881.25, 878.63, 895.43, 910.31, 917.64, 900.3, 892.26, 896.86, 907.93, 904.32, 905.78, 943.73, 948.47, 931.2, 938.16, 947.12, 932.51, 923.6, 884.2, 883.36, 888.06, 891.63, 887.17, 866.02, 879.41, 898.36, 902.91, 868.69, 858.81]","[862.29, 861.31, 860.33, 859.35, 858.37, 857.39, 856.41, 855.43, 854.45, 853.47, 852.49, 851.51, 850.53, 849.55, 848.57, 847.59, 846.61, 845.63, 844.65, 843.67, 842.69, 841.71, 840.73, 839.75, 862.29, 861.31, 860.33, 859.35, 858.37, 857.39]"
Qwen/Qwen2.5-3B-Instruct,BNBUSDT,21,191.4837,30.49,0,0,"[781.38, 758.54, 773.94, 754.78, 697.27, 608.3, 657.21, 647.0, 639.93, 636.39, 619.85, 608.11, 614.29, 618.94, 632.77, 615.16, 627.19, 617.74, 604.8, 607.83, 625.91, 625.61, 614.8, 596.41, 583.6, 629.42, 625.74, 614.03, 617.14, 617.96]","[854.91, 853.46, 852.01, 850.56, 849.11, 847.66, 846.21, 844.76, 843.31, 841.86, 840.41, 838.96, 837.51, 836.06, 834.61, 833.16, 831.71, 830.26, 828.81, 827.36, 825.91, 824.46, 823.01, 821.56, 820.11, 818.66, 817.21, 815.76, 814.31, 812.86]"
Qwen/Qwen2.5-3B-Instruct,BNBUSDT,21,24.102,3.7,0,0,"[637.79, 633.56, 657.99, 647.85, 627.31, 620.26, 611.98, 634.64, 642.0, 651.46, 651.72, 655.73, 657.7, 673.77, 679.71, 668.61, 652.27, 639.15, 642.11, 630.7, 626.41, 639.11, 638.3, 647.66, 628.86, 613.95, 611.08, 606.09, 609.29, 617.43]","[616.98, 616.93, 616.88, 616.83, 616.78, 616.73, 616.68, 616.63, 616.58, 616.53, 616.48, 616.43, 616.38, 616.33, 616.28, 616.23, 616.18, 616.13, 616.08, 616.03, 615.98, 615.93, 615.88, 615.83, 616.98, 616.93, 616.88, 616.83, 616.78, 616.73]"
Qwen/Qwen2.5-3B-Instruct,BTCUSDT,21,4037.0563,4.37,0,0,"[88839.04, 89995.13, 90628.01, 91529.73, 93859.71, 93747.97, 91364.16, 91099.99, 90641.28, 90504.7, 91013.65, 91296.2, 95414.0, 96951.78, 95604.8, 95550.94, 95147.77, 93673.14, 92631.0, 88427.66, 89454.73, 89559.67, 89600.26, 89225.34, 86670.36, 88347.08, 89250.0, 89299.99, 84650.16, 84260.49]","[87600.72, 87576.47, 87552.22, 87527.97, 87503.72, 87479.47, 87455.22, 87431.97, 87408.72, 87385.47, 87362.22, 87338.97, 87315.72, 87292.47, 87269.22, 87245.97, 87222.72, 87199.47, 87176.22, 87153.97, 87131.72, 87109.47, 87087.22, 87064.97, 87600.72, 87576.47, 87552.22, 87527.97, 87503.72, 87479.47]"
Qwen/Qwen2.5-3B-Instruct,BTCUSDT,21,14843.5267,21.85,0,0,"[78741.09, 76968.21, 78738.61, 75770.21, 73165.83, 62909.86, 70580.26, 69289.38, 70330.38, 70138.0, 68841.29, 67082.52, 66272.17, 68853.96, 69822.95, 68832.58, 68892.43, 67503.52, 66461.0, 67003.73, 68020.01, 67975.93, 67643.4, 64656.02, 64058.15, 67988.04, 67485.18, 65872.1, 66973.26, 65776.47]","[84229.28, 84198.07, 84166.86, 84135.65, 84104.44, 84073.23, 84042.02, 84010.81, 83979.6, 83948.39, 83917.18, 83885.97, 83854.76, 83823.55, 83792.34, 83761.13, 83729.92, 83698.71, 83667.5, 83636.29, 83605.08, 83573.87, 83542.66, 83511.45, 84260.49, 84229.28, 84198.07, 84166.86, 84135.65, 84073.23]"
Qwen/Qwen2.5-3B-Instruct,BTCUSDT,21,4275.7483,6.04,0,0,"[68830.06, 68338.0, 72666.77, 70890.72, 68114.02, 67262.91, 65971.2, 68432.16, 69948.63, 70191.86, 70541.34, 70930.0, 71211.95, 72815.24, 74884.67, 73909.36, 71246.54, 69930.0, 70510.73, 68918.12, 67859.0, 70906.45, 70556.74, 71336.53, 68820.31, 66407.28, 66377.03, 66010.93, 66797.37, 68284.48]","[65538.33, 65518.26, 65498.19, 65478.12, 65458.05, 65437.98, 65417.91, 65397.84, 65377.77, 65357.7, 65337.63, 65317.56, 65297.49, 65277.42, 65257.35, 65237.28, 65217.21, 65197.14, 65177.07, 65157.0, 65136.93, 65116.86, 65096.79, 65076.72, 65776.47, 65538.33, 65518.26, 65498.19, 65478.12, 65437.98]"
Qwen/Qwen2.5-3B-Instruct,DOGEUSDT,21,0.0216,15.6,0,0,"[0.12683, 0.14188, 0.14315, 0.14953, 0.15171, 0.15055, 0.14642, 0.14194, 0.14071, 0.13965, 0.13801, 0.13662, 0.14828, 0.14718, 0.14004, 0.13813, 0.13788, 0.13164, 0.12916, 0.12336, 0.12654, 0.12437, 0.12477, 0.12423, 0.11945, 0.12236, 0.12619, 0.125, 0.11728, 0.11581]","[0.115984, 0.115641, 0.115298, 0.114955, 0.114612, 0.114269, 0.113926, 0.113583, 0.11324, 0.112897, 0.112554, 0.112211, 0.111868, 0.111525, 0.111182, 0.110839, 0.110496, 0.110153, 0.10981, 0.109467, 0.109124, 0.108781, 0.108438, 0.108095, 0.115984, 0.115641, 0.115298, 0.114955, 0.114612, 0.114269]"
Qwen/Qwen2.5-3B-Instruct,DOGEUSDT,21,0.0154,16.02,1,0,"[0.10426, 0.10426, 0.10792, 0.10602, 0.10383, 0.08849, 0.09848, 0.09823, 0.09663, 0.09611, 0.09277, 0.09112, 0.093, 0.09667, 0.11104, 0.10269, 0.10102, 0.10066, 0.09855, 0.09837, 0.10011, 0.09841, 0.09558, 0.09266, 0.09137, 0.10095, 0.09701, 0.09337, 0.09405, 0.0919]","[0.114526, 0.114433, 0.11434, 0.114246, 0.114151, 0.114055, 0.11396, 0.113864, 0.113768, 0.113671, 0.113574, 0.113476, 0.113377, 0.113277, 0.113176, 0.113074, 0.112971, 0.112867, 0.112762, 0.112656, 0.11255, 0.112443, 0.112335, 0.112226, 0.114526, 0.114433, 0.11434, 0.114246, 0.114151, 0.114055]"
Qwen/Qwen2.5-3B-Instruct,DOGEUSDT,21,0.0043,4.53,0,0,"[0.09356, 0.08997, 0.09893, 0.09356, 0.09129, 0.08993, 0.08915, 0.09049, 0.09452, 0.09288, 0.09475, 0.09596, 0.09604, 0.09738, 0.10304, 0.10015, 0.09526, 0.09354, 0.09416, 0.09135, 0.09015, 0.09415, 0.0951, 0.09618, 0.09205, 0.09011, 0.091, 0.09045, 0.09083, 0.09232]","[0.091689, 0.091478, 0.091267, 0.091056, 0.090845, 0.090634, 0.090423, 0.090212, 0.090001, 0.08979, 0.089579, 0.089368, 0.089157, 0.088946, 0.088735, 0.088524, 0.088313, 0.088102, 0.087891, 0.08768, 0.087469, 0.087258, 0.087047, 0.086836, 0.091689, 0.091478, 0.091267, 0.091056, 0.090845, 0.090634]"
Qwen/Qwen2.5-3B-Instruct,DOTUSDT,21,0.3969,19.07,0,0,"[1.999, 2.166, 2.125, 2.142, 2.208, 2.235, 2.145, 2.111, 2.083, 2.093, 2.07, 2.055, 2.282, 2.226, 2.117, 2.119, 2.179, 2.065, 2.028, 1.897, 1.955, 1.927, 1.926, 1.93, 1.823, 1.875, 1.876, 1.87, 1.736, 1.69]","[1.7613, 1.7476, 1.734, 1.7205, 1.7071, 1.6938, 1.6806, 1.6675, 1.6545, 1.6416, 1.6288, 1.6161, 1.6035, 1.591, 1.5786, 1.5663, 1.5541, 1.542, 1.5299, 1.5179, 1.5059, 1.4939, 1.4819, 1.4699, 1.7613, 1.7476, 1.734, 1.7205, 1.7071, 1.6938]"
Qwen/Qwen2.5-3B-Instruct,DOTUSDT,21,0.1116,8.31,0,0,"[1.547, 1.495, 1.543, 1.5, 1.461, 1.248, 1.368, 1.372, 1.337, 1.32, 1.283, 1.256, 1.283, 1.33, 1.421, 1.357, 1.376, 1.347, 1.311, 1.287, 1.341, 1.36, 1.313, 1.265, 1.238, 1.663, 1.609, 1.599, 1.662, 1.534]","[1.6698, 1.6494, 1.629, 1.6085, 1.588, 1.5674, 1.5467, 1.526, 1.5052, 1.4843, 1.4633, 1.4422, 1.4209, 1.3994, 1.3777, 1.3558, 1.3337, 1.3114, 1.289, 1.2664, 1.2436, 1.2206, 1.1974, 1.174, 1.6698, 1.6494, 1.629, 1.6085, 1.588, 1.5674]"
Qwen/Qwen2.5-3B-Instruct,DOTUSDT,21,0.3096,22.05,0,0,"[1.509, 1.533, 1.541, 1.53, 1.488, 1.448, 1.452, 1.494, 1.486, 1.522, 1.518, 1.464, 1.414, 1.441, 1.64, 1.62, 1.577, 1.521, 1.499, 1.468, 1.413, 1.421, 1.401, 1.363, 1.321, 1.292, 1.259, 1.261, 1.243, 1.253]","[1.5554, 1.5661, 1.5768, 1.5875, 1.6082, 1.6289, 1.6496, 1.6703, 1.691, 1.7117, 1.7324, 1.7531, 1.7738, 1.7945, 1.8152, 1.8359, 1.8566, 1.8773, 1.898, 1.9187, 1.9394, 1.9601, 1.9808, 2.0015, 2.0222, 2.0429, 1.534, 1.5554, 1.5661, 1.5768]"
Qwen/Qwen2.5-3B-Instruct,ETCUSDT,21,1.3237,10.6,0,0,"[12.06, 12.52, 12.56, 12.82, 13.31, 13.37, 12.88, 12.61, 12.61, 12.54, 12.37, 12.26, 13.29, 13.2, 12.65, 12.76, 12.85, 12.24, 12.03, 11.54, 11.66, 11.58, 11.67, 11.59, 11.14, 11.39, 11.58, 11.55, 10.81, 10.6]","[11.4315, 11.383, 11.3345, 11.286, 11.2375, 11.189, 11.1405, 11.092, 11.0435, 10.995, 10.9465, 10.898, 10.8495, 10.801, 10.7525, 10.704, 10.6555, 10.607, 10.5585, 10.51, 10.4615, 10.413, 10.3645, 10.316, 11.48, 11.39137, 11.30374, 11.21611, 11.12848, 11.04085]"
Qwen/Qwen2.5-3B-Instruct,ETCUSDT,21,1.5462,17.46,0,0,"[9.76, 9.5, 9.81, 9.57, 9.34, 8.06, 8.84, 8.78, 8.57, 8.59, 8.33, 8.14, 8.25, 8.53, 9.0, 8.74, 8.84, 8.68, 8.44, 8.27, 8.76, 9.05, 8.52, 8.36, 8.3, 9.15, 8.86, 8.65, 8.68, 8.47]","[10.416, 10.322, 10.231, 10.143, 10.058, 9.976, 9.896, 9.819, 9.745, 9.673, 9.603, 9.535, 9.469, 9.405, 9.343, 9.282, 9.223, 9.165, 9.108, 9.052, 8.996, 8.941, 8.886, 8.832, 8.778, 30.0, 10.416, 10.322, 10.231, 10.143]"
Qwen/Qwen2.5-3B-Instruct,ETCUSDT,21,0.2588,3.09,0,0,"[8.72, 8.49, 8.85, 8.65, 8.25, 8.12, 7.99, 8.16, 8.23, 8.28, 8.27, 8.49, 8.26, 8.48, 9.03, 8.86, 8.51, 8.34, 8.41, 8.18, 8.03, 8.59, 8.67, 8.68, 8.21, 8.09, 8.04, 7.95, 8.07, 8.19]","[8.458, 8.452, 8.446, 8.44, 8.434, 8.428, 8.422, 8.416, 8.41, 8.404, 8.398, 8.392, 8.386, 8.38, 8.374, 8.368, 8.362, 8.356, 8.35, 8.344, 8.338, 8.332, 8.326, 8.32, 8.458, 8.452, 8.446, 8.44, 8.434, 8.428]"
Qwen/Qwen2.5-3B-Instruct,ETHUSDT,21,298.7788,9.48,0,0,"[3004.19, 3125.45, 3127.11, 3144.7, 3224.99, 3296.84, 3168.72, 3106.65, 3088.4, 3086.72, 3123.45, 3095.75, 3325.82, 3354.92, 3318.69, 3296.28, 3310.56, 3284.03, 3189.55, 2939.88, 2982.27, 2952.69, 2956.41, 2953.22, 2816.89, 2930.35, 3026.77, 3010.78, 2822.59, 2707.38]","[3075.0, 2941.0275, 2927.7475, 2914.4675, 2901.1875, 2887.9075, 2874.6275, 2861.3475, 2848.0675, 2834.7875, 2821.5075, 2808.2275, 2794.9475, 2781.6675, 2768.3875, 2755.1075, 2741.8275, 2728.5475, 2715.2675, 2701.9875, 2688.7075, 2675.4275, 2662.1475, 2648.8675, 3075.0, 2941.0275, 2927.7475, 2914.4675, 2901.1875, 2887.9075]"
Qwen/Qwen2.5-3B-Instruct,ETHUSDT,21,671.4103,33.57,0,0,"[2451.95, 2270.15, 2347.02, 2233.72, 2148.26, 1826.83, 2063.38, 2087.08, 2089.74, 2105.02, 2022.67, 1941.18, 1947.85, 2048.72, 2086.59, 1966.58, 1998.33, 1991.66, 1955.91, 1949.08, 1968.88, 1973.35, 1957.82, 1856.3, 1851.94, 2057.48, 2027.68, 1929.84, 1964.51, 1939.71]","[2707.32, 2707.26, 2707.2, 2707.14, 2707.08, 2707.02, 2706.96, 2706.9, 2706.84, 2706.78, 2706.72, 2706.66, 2706.6, 2706.54, 2706.48, 2706.42, 2706.36, 2706.3, 2706.24, 2706.18, 2706.12, 2706.06, 2706.0, 2705.94, 2705.88, 2707.38, 2707.32, 2707.26, 2707.32, 2707.26]"
Qwen/Qwen2.5-3B-Instruct,ETHUSDT,21,242.124,11.35,0,0,"[2027.35, 1982.8, 2127.28, 2072.86, 1978.68, 1969.59, 1937.1, 1992.98, 2036.51, 2051.97, 2073.52, 2092.22, 2096.16, 2178.3, 2352.97, 2317.39, 2203.39, 2137.81, 2146.22, 2084.87, 2053.89, 2152.03, 2156.23, 2169.02, 2060.43, 1992.75, 1994.74, 1984.64, 2026.48, 2105.43]","[1923.185, 1914.925, 1906.665, 1898.405, 1890.145, 1881.885, 1873.625, 1865.365, 1857.105, 1848.845, 1840.585, 1832.325, 1824.065, 1815.805, 1807.545, 1799.285, 1791.025, 1782.765, 1774.505, 1766.245, 1757.985, 1749.725, 1741.465, 1733.205, 1923.185, 1914.925, 1906.665, 1898.405, 1890.145, 1881.885]"
Qwen/Qwen2.5-3B-Instruct,FILUSDT,21,0.1864,12.63,0,0,"[1.483, 1.504, 1.494, 1.494, 1.569, 1.593, 1.519, 1.497, 1.488, 1.482, 1.457, 1.461, 1.576, 1.592, 1.504, 1.52, 1.551, 1.45, 1.384, 1.312, 1.348, 1.319, 1.313, 1.315, 1.251, 1.269, 1.272, 1.28, 1.194, 1.176]","[1.2909, 1.2869, 1.2829, 1.2789, 1.2749, 1.2709, 1.2669, 1.2629, 1.2589, 1.2549, 1.2509, 1.2469, 1.2429, 1.2389, 1.2349, 1.2309, 1.2269, 1.2229, 1.2189, 1.2149, 1.2109, 1.2069, 1.2029, 1.1989, 1.2909, 1.2869, 1.2829, 1.2789, 1.2749, 1.2709]"
Qwen/Qwen2.5-3B-Instruct,FILUSDT,21,0.1027,10.57,0,0,"[1.052, 1.035, 1.083, 1.068, 1.05, 0.883, 0.977, 0.976, 0.934, 0.938, 0.902, 0.879, 0.914, 0.958, 1.015, 0.963, 0.978, 0.96, 0.927, 0.915, 0.958, 0.97, 0.93, 0.891, 0.88, 1.062, 1.026, 0.994, 1.005, 0.964]","[1.1464, 1.1321, 1.1178, 1.1035, 1.0892, 1.0749, 1.0606, 1.0463, 1.032, 1.0177, 1.0034, 0.9891, 0.9748, 0.9605, 0.9462, 0.9319, 0.9176, 0.9033, 0.889, 0.8747, 0.8604, 0.8461, 0.8318, 0.8175, 0.8089, 0.7946, 0.7803, 0.766, 0.7517, 0.7374]"
Qwen/Qwen2.5-3B-Instruct,FILUSDT,21,0.0882,10.16,0,0,"[0.987, 1.0, 1.025, 1.011, 0.978, 0.952, 0.934, 0.939, 0.866, 0.878, 0.877, 0.869, 0.883, 0.895, 0.99, 0.969, 0.925, 0.895, 0.902, 0.882, 0.848, 0.923, 0.923, 0.928, 0.869, 0.839, 0.801, 0.802, 0.816, 0.832]","[0.9666, 0.9679, 0.9692, 0.9705, 0.9718, 0.9731, 0.9744, 0.9757, 0.977, 0.9783, 0.9796, 0.9809, 0.9822, 0.9835, 0.9848, 0.9861, 0.9874, 0.9887, 0.99, 0.9913, 0.9926, 0.9939, 0.9952, 0.9965, 0.9978, 0.9991, 1.0004, 1.0017, 1.003, 1.0043]"
Qwen/Qwen2.5-3B-Instruct,LINKUSDT,21,2.2968,18.1,0,0,"[12.6, 13.27, 13.23, 13.43, 13.9, 14.04, 13.44, 13.21, 13.14, 13.13, 13.21, 13.08, 14.06, 14.11, 13.8, 13.73, 13.75, 13.32, 12.88, 12.12, 12.4, 12.27, 12.22, 12.2, 11.52, 11.95, 12.03, 11.84, 11.13, 10.79]","[12.027, 11.937, 11.85, 11.766, 11.685, 11.607, 11.532, 11.46, 11.391, 11.325, 11.261, 11.199, 11.139, 11.081, 10.995, 10.919, 10.844, 10.769, 10.694, 10.619, 10.544, 10.469, 10.394, 10.319, 30.0, 12.027, 11.937, 11.85, 11.766, 11.685]"
Qwen/Qwen2.5-3B-Instruct,LINKUSDT,21,0.8131,9.23,0,0,"[9.99, 9.41, 9.81, 9.49, 9.25, 7.92, 8.88, 8.91, 8.83, 8.83, 8.57, 8.33, 8.41, 8.77, 9.09, 8.79, 8.94, 8.82, 8.6, 8.58, 8.95, 8.87, 8.69, 8.26, 8.19, 9.27, 9.09, 8.71, 8.85, 8.67]","[10.556, 10.439, 10.322, 10.205, 10.088, 9.971, 9.854, 9.737, 9.62, 9.503, 9.386, 9.269, 9.152, 9.035, 8.918, 8.801, 8.684, 8.567, 8.45, 8.333, 8.216, 8.099, 7.982, 7.865, 7.621, 7.494, 7.367, 7.24, 7.113, 6.986]"
Qwen/Qwen2.5-3B-Instruct,LINKUSDT,21,0.4634,5.02,0,0,"[8.96, 8.8, 9.35, 9.21, 8.8, 8.7, 8.52, 8.87, 8.99, 8.99, 9.05, 9.08, 9.17, 9.5, 9.92, 9.79, 9.22, 9.04, 9.12, 8.82, 8.68, 9.11, 9.25, 9.37, 8.91, 8.57, 8.44, 8.42, 8.62, 8.78]","[8.654, 8.646, 8.638, 8.63, 8.622, 8.614, 8.606, 8.598, 8.59, 8.582, 8.574, 8.566, 8.558, 8.55, 8.542, 8.534, 8.526, 8.518, 8.51, 8.502, 8.494, 8.486, 8.478, 8.47, 8.654, 8.646, 8.638, 8.63, 8.622, 8.614]"
Qwen/Qwen2.5-3B-Instruct,LTCUSDT,21,35.487,47.58,1,0,"[79.97, 81.93, 82.08, 82.26, 83.46, 83.96, 81.71, 81.31, 81.49, 81.19, 78.79, 76.12, 78.18, 76.67, 72.21, 75.22, 74.92, 72.29, 70.8, 67.12, 68.48, 68.19, 68.07, 68.19, 67.3, 69.72, 70.03, 69.42, 66.24, 65.47]","[540.0, 76.24, 75.94, 75.64, 75.34, 75.04, 74.74, 74.44, 74.14, 73.84, 73.54, 73.24, 72.94, 72.64, 72.34, 72.04, 71.74, 71.44, 71.14, 70.84, 70.54, 70.24, 69.94, 69.64, 69.34, 540.0, 76.24, 75.94, 75.64, 75.34]"
Qwen/Qwen2.5-3B-Instruct,LTCUSDT,21,7.1207,13.06,2,1,"[59.53, 58.49, 60.02, 59.48, 58.89, 50.79, 55.02, 55.19, 54.53, 54.45, 53.38, 52.32, 53.15, 55.03, 55.99, 55.08, 55.13, 53.96, 53.32, 52.7, 55.19, 54.9, 53.48, 51.35, 51.15, 56.76, 55.62, 54.56, 54.4, 53.24]","[65.5, 64.5, 63.5, 62.5, 61.5, 60.5, 59.5, 58.5, 57.5, 56.5, 55.5, 54.5, 53.5, 52.5, 51.5, 50.5, 49.5, 48.5, 47.5, 46.5, 45.5, 44.5, 43.5, 42.5, 41.5, 40.5, 39.5, 38.5, 37.5, 36.5]"
Qwen/Qwen2.5-3B-Instruct,LTCUSDT,21,3.2995,5.94,0,0,"[54.61, 54.76, 56.77, 55.46, 53.81, 53.58, 52.59, 53.77, 53.87, 54.8, 54.56, 55.3, 54.98, 56.27, 58.7, 58.09, 56.08, 55.54, 56.17, 54.81, 53.51, 55.72, 56.38, 56.65, 54.59, 53.72, 53.85, 53.32, 53.34, 53.95]","[53.1289, 53.0683, 52.9977, 52.9271, 52.8565, 52.7859, 52.7153, 52.6447, 52.5741, 52.5035, 52.4329, 52.3623, 52.2917, 52.2211, 52.1505, 52.0799, 52.0093, 51.9387, 51.8681, 51.7975, 51.7269, 51.6563, 51.5857, 51.5151, 30.0, 53.1289, 53.0683, 52.9977, 52.9271, 52.8565]"
Qwen/Qwen2.5-3B-Instruct,NEARUSDT,21,0.2418,14.57,0,0,"[1.627, 1.692, 1.711, 1.728, 1.774, 1.808, 1.722, 1.686, 1.703, 1.689, 1.702, 1.675, 1.859, 1.799, 1.722, 1.731, 1.751, 1.629, 1.597, 1.506, 1.529, 1.513, 1.509, 1.506, 1.436, 1.463, 1.49, 1.489, 1.375, 1.323]","[1.499, 1.491, 1.483, 1.475, 1.467, 1.459, 1.451, 1.443, 1.435, 1.427, 1.419, 1.411, 1.403, 1.395, 1.387, 1.379, 1.371, 1.363, 1.355, 1.347, 1.339, 1.331, 1.323, 1.315, 1.307, 1.299, 1.291, 1.283, 1.275, 1.267]"
Qwen/Qwen2.5-3B-Instruct,NEARUSDT,21,0.1341,12.39,0,0,"[1.206, 1.173, 1.2, 1.176, 1.16, 0.976, 1.087, 1.075, 1.038, 1.03, 0.993, 0.962, 0.964, 1.024, 1.086, 1.056, 1.058, 1.044, 1.017, 1.007, 1.054, 1.059, 1.022, 0.981, 0.967, 1.172, 1.127, 1.094, 1.172, 1.15]","[1.3047, 1.2864, 1.2681, 1.2498, 1.2315, 1.2132, 1.1949, 1.1766, 1.1583, 1.14, 1.1217, 1.1034, 1.0851, 1.0668, 1.0485, 1.0302, 1.0119, 0.9936, 0.9753, 0.957, 0.9387, 0.9204, 0.9021, 0.8838, 0.8655, 0.8472, 0.8289, 0.8106, 0.7923, 0.774]"
Qwen/Qwen2.5-3B-Instruct,NEARUSDT,21,0.0822,6.19,0,0,"[1.36, 1.358, 1.311, 1.271, 1.227, 1.214, 1.212, 1.235, 1.284, 1.299, 1.368, 1.336, 1.325, 1.35, 1.49, 1.452, 1.386, 1.335, 1.316, 1.281, 1.274, 1.311, 1.292, 1.28, 1.224, 1.18, 1.173, 1.164, 1.162, 1.189]","[1.162, 1.168, 1.174, 1.18, 1.186, 1.192, 1.198, 1.204, 1.21, 1.216, 1.222, 1.228, 1.234, 1.24, 1.246, 1.252, 1.258, 1.264, 1.27, 1.276, 1.282, 1.288, 1.294, 1.3, 1.306, 1.312, 1.318, 1.162, 1.168, 1.174]"
Qwen/Qwen2.5-3B-Instruct,SOLUSDT,21,19.2027,14.32,0,0,"[126.9, 132.29, 133.37, 134.12, 137.9, 141.08, 136.39, 138.37, 135.97, 135.84, 139.7, 139.22, 145.51, 146.69, 142.4, 144.89, 143.72, 137.87, 133.44, 125.8, 129.54, 128.47, 127.43, 127.21, 118.85, 124.24, 127.19, 125.35, 117.82, 117.59]","[70.0, 123.59, 123.11, 122.63, 122.15, 121.67, 121.19, 120.71, 120.23, 119.75, 119.27, 118.79, 118.31, 117.83, 117.35, 116.87, 116.39, 115.91, 115.43, 114.95, 114.47, 113.99, 113.51, 113.03, 112.55, 112.07, 70.0, 111.59, 111.11, 110.63]"
Qwen/Qwen2.5-3B-Instruct,SOLUSDT,21,62.5199,69.92,0,0,"[105.58, 100.79, 104.55, 97.89, 92.12, 78.35, 87.46, 87.59, 86.99, 86.77, 82.99, 79.3, 78.4, 84.33, 88.06, 86.16, 86.45, 85.08, 81.61, 82.5, 84.67, 85.17, 82.79, 77.9, 78.99, 88.06, 85.91, 81.85, 84.35, 83.6]","[590.0, 117.588, 117.586, 117.584, 117.582, 117.58, 117.578, 117.576, 117.574, 117.572, 117.57, 117.568, 117.566, 117.564, 117.562, 117.56, 117.558, 117.556, 117.554, 117.552, 117.55, 117.548, 117.546, 117.544, 117.542, 117.54, 590.0, 117.588, 117.586, 117.584]"
Qwen/Qwen2.5-3B-Instruct,SOLUSDT,21,17.8764,20.41,0,0,"[86.64, 86.97, 90.85, 88.77, 84.7, 83.22, 81.59, 84.96, 85.88, 86.58, 86.84, 88.18, 88.03, 92.3, 96.2, 94.62, 90.08, 88.89, 89.84, 87.56, 86.2, 91.43, 90.8, 91.7, 86.53, 83.11, 82.09, 81.44, 82.54, 83.2]","[442.0, 83.284, 83.127, 82.971, 82.816, 82.662, 82.509, 82.357, 82.206, 82.056, 81.907, 81.759, 81.612, 81.466, 81.321, 81.177, 81.034, 80.892, 80.751, 80.611, 80.472, 80.334, 80.197, 80.061, 79.926, 79.792, 79.745, 79.699, 79.654, 79.609]"
Qwen/Qwen2.5-3B-Instruct,TRXUSDT,21,0.0128,4.2,0,0,"[0.2871, 0.289, 0.2956, 0.2939, 0.2922, 0.2942, 0.2981, 0.295, 0.2984, 0.3024, 0.2995, 0.2998, 0.3071, 0.3047, 0.3126, 0.3096, 0.3188, 0.3178, 0.3119, 0.297, 0.2993, 0.3054, 0.2979, 0.2954, 0.2957, 0.2966, 0.2947, 0.2954, 0.295, 0.2942]","[0.2849, 0.2851, 0.2853, 0.2855, 0.2857, 0.2859, 0.2861, 0.2863, 0.2865, 0.2867, 0.2869, 0.2871, 0.2873, 0.2875, 0.2877, 0.2879, 0.2881, 0.2883, 0.2885, 0.2887, 0.2889, 0.2891, 0.2893, 0.2895, 0.2897, 0.2899, 0.2845, 0.2849, 0.2851, 0.2847]"
Qwen/Qwen2.5-3B-Instruct,TRXUSDT,21,0.0087,3.09,0,0,"[0.2866, 0.2847, 0.2835, 0.2861, 0.2833, 0.2696, 0.2741, 0.2782, 0.2778, 0.2791, 0.2782, 0.2784, 0.28, 0.2823, 0.2826, 0.2805, 0.2846, 0.2821, 0.2788, 0.2849, 0.2854, 0.289, 0.2906, 0.2816, 0.2837, 0.2853, 0.2857, 0.2828, 0.2819, 0.2807]","[0.29348, 0.29317, 0.29286, 0.29255, 0.29224, 0.29193, 0.29162, 0.29131, 0.291, 0.29069, 0.29038, 0.28997, 0.28956, 0.28915, 0.28874, 0.28833, 0.28792, 0.28751, 0.2871, 0.28669, 0.28628, 0.28587, 0.28546, 0.28505, 0.29348, 0.29317, 0.29286, 0.29255, 0.29224, 0.29193]"
Qwen/Qwen2.5-3B-Instruct,TRXUSDT,21,0.0175,5.66,0,0,"[0.2832, 0.2805, 0.2871, 0.2852, 0.2846, 0.2866, 0.2891, 0.2856, 0.2858, 0.2913, 0.2891, 0.2934, 0.2978, 0.2987, 0.2956, 0.3068, 0.3045, 0.3036, 0.3097, 0.3121, 0.3104, 0.3081, 0.3061, 0.3146, 0.3115, 0.3113, 0.3167, 0.322, 0.32, 0.3133]","[0.28086, 0.28104, 0.28122, 0.2814, 0.28158, 0.28176, 0.28194, 0.28212, 0.2823, 0.28248, 0.28266, 0.28284, 0.28302, 0.2832, 0.28338, 0.28356, 0.28374, 0.28392, 0.2841, 0.28428, 0.28446, 0.28464, 0.28482, 0.285, 0.28518, 0.28086, 0.28104, 0.28122, 0.2814, 0.28158]"
Qwen/Qwen2.5-3B-Instruct,UNIUSDT,21,0.5498,11.15,0,0,"[5.809, 6.038, 5.917, 5.85, 6.162, 6.07, 5.726, 5.488, 5.467, 5.476, 5.456, 5.367, 5.73, 5.681, 5.35, 5.315, 5.352, 5.095, 5.026, 4.803, 4.94, 4.836, 4.873, 4.855, 4.637, 4.711, 4.8, 4.82, 4.396, 4.276]","[5.6492, 5.6538, 5.6584, 5.663, 5.6676, 5.6722, 5.6768, 5.6814, 5.686, 5.6906, 5.6952, 5.6998, 5.7044, 5.709, 5.7136, 5.7182, 5.7228, 5.7274, 5.732, 5.7366, 5.7412, 5.7458, 5.7504, 5.755, 5.7596, 5.6492, 5.6538, 5.6584, 5.663, 5.6676]"
Qwen/Qwen2.5-3B-Instruct,UNIUSDT,21,1.2017,35.57,0,0,"[3.96, 3.837, 3.925, 3.86, 3.801, 3.168, 3.552, 3.539, 3.468, 3.493, 3.36, 3.369, 3.247, 3.398, 3.629, 3.471, 3.601, 3.524, 3.403, 3.391, 3.492, 3.609, 3.491, 3.349, 3.337, 4.055, 3.879, 3.742, 3.811, 3.748]","[4.173, 4.136, 4.102, 4.069, 4.038, 4.009, 3.982, 3.956, 3.931, 3.907, 3.884, 3.862, 3.841, 3.821, 3.802, 3.784, 3.767, 3.751, 3.736, 3.722, 3.709, 3.697, 3.686, 3.676, 30.0, 4.173, 4.136, 4.102, 4.069, 4.038]"
Qwen/Qwen2.5-3B-Instruct,UNIUSDT,21,0.2563,7.15,0,0,"[3.929, 3.912, 3.977, 3.97, 3.848, 3.771, 3.661, 3.861, 3.843, 3.898, 3.918, 4.004, 3.948, 4.069, 4.157, 3.957, 3.681, 3.579, 3.605, 3.486, 3.471, 3.587, 3.609, 3.708, 3.528, 3.388, 3.384, 3.355, 3.48, 3.545]","[3.7735, 3.78625, 3.8, 3.81375, 3.8275, 3.84125, 3.855, 3.86875, 3.8825, 3.89625, 3.91, 3.92375, 3.9375, 3.95125, 3.965, 3.97875, 3.9925, 4.00625, 4.02, 4.03375, 4.0475, 4.06125, 4.075, 4.08875, 4.1025, 4.11625, 3.7735, 3.78625, 3.8, 3.81375]"
Qwen/Qwen2.5-3B-Instruct,XLMUSDT,21,0.0433,19.35,0,0,"[0.2087, 0.2191, 0.2222, 0.233, 0.2526, 0.2438, 0.2342, 0.2302, 0.2284, 0.2264, 0.2244, 0.2193, 0.2386, 0.2361, 0.2285, 0.226, 0.2309, 0.2182, 0.2157, 0.207, 0.2124, 0.2115, 0.2122, 0.2115, 0.2033, 0.2074, 0.2085, 0.2105, 0.1987, 0.1919]","[0.19876, 0.19652, 0.19428, 0.19204, 0.1898, 0.18756, 0.18532, 0.18308, 0.18084, 0.1786, 0.17636, 0.17412, 0.17188, 0.16964, 0.1674, 0.16516, 0.16292, 0.16068, 0.15844, 0.1562, 0.15396, 0.15172, 0.14948, 0.14724, 0.19876, 0.19652, 0.19428, 0.19204, 0.1898, 0.18756]"
Qwen/Qwen2.5-3B-Instruct,XLMUSDT,21,0.0189,11.88,1,0,"[0.181, 0.1751, 0.1787, 0.1758, 0.1714, 0.1471, 0.1642, 0.1619, 0.1615, 0.1596, 0.1585, 0.1547, 0.1563, 0.1646, 0.1744, 0.1702, 0.1698, 0.1657, 0.1613, 0.1591, 0.1627, 0.161, 0.155, 0.1514, 0.1496, 0.1627, 0.1622, 0.1588, 0.159, 0.1541]","[0.18935, 0.188525, 0.1877, 0.186875, 0.18605, 0.185225, 0.1844, 0.183575, 0.18275, 0.181925, 0.1811, 0.180275, 0.17945, 0.178625, 0.1778, 0.176975, 0.17615, 0.175325, 0.1745, 0.173675, 0.17285, 0.172025, 0.1712, 0.18935, 0.188525, 0.1877, 0.186875, 0.18605, 0.185225, 0.1844]"
Qwen/Qwen2.5-3B-Instruct,XLMUSDT,21,0.0128,7.63,0,0,"[0.1557, 0.1515, 0.1595, 0.1569, 0.1522, 0.1504, 0.1482, 0.1508, 0.1586, 0.1592, 0.16, 0.1641, 0.1665, 0.1693, 0.176, 0.1736, 0.1702, 0.1654, 0.1654, 0.1621, 0.156, 0.1668, 0.1738, 0.1774, 0.1738, 0.1674, 0.168, 0.1645, 0.1674, 0.1673]","[0.153825, 0.15355, 0.153275, 0.153, 0.152725, 0.15245, 0.152175, 0.1519, 0.151625, 0.15135, 0.151075, 0.1508, 0.150525, 0.15025, 0.149975, 0.1497, 0.149425, 0.14915, 0.148875, 0.1486, 0.148325, 0.14805, 0.147775, 0.1475, 0.15355, 0.153275, 0.153, 0.152725, 0.15245, 0.152175]"
Qwen/Qwen2.5-3B-Instruct,XRPUSDT,21,0.2613,12.59,0,0,"[1.8799, 2.0069, 2.0182, 2.0909, 2.3478, 2.3042, 2.1657, 2.1232, 2.0958, 2.0907, 2.0745, 2.054, 2.1655, 2.1394, 2.0789, 2.0678, 2.0631, 1.9914, 1.986, 1.89, 1.9476, 1.9236, 1.9196, 1.9143, 1.8356, 1.9041, 1.9158, 1.9111, 1.8076, 1.7352]","[1.8328, 1.8235, 1.8144, 1.8055, 1.7968, 1.7883, 1.7799, 1.7716, 1.7634, 1.7553, 1.7473, 1.7394, 1.7316, 1.7239, 1.7163, 1.7088, 1.7014, 1.6941, 1.6869, 1.6798, 1.6728, 1.6659, 1.6591, 1.8328, 1.8235, 1.8144, 1.8055, 1.7968, 1.7883, 1.7799]"
Qwen/Qwen2.5-3B-Instruct,XRPUSDT,21,0.2232,15.95,0,0,"[1.6472, 1.5908, 1.6198, 1.5791, 1.512, 1.2146, 1.4698, 1.4231, 1.4308, 1.437, 1.3999, 1.3697, 1.3635, 1.4071, 1.5094, 1.4753, 1.4876, 1.4743, 1.4219, 1.4068, 1.4292, 1.4304, 1.3932, 1.3518, 1.3482, 1.4339, 1.4027, 1.3562, 1.3762, 1.3524]","[1.727428, 1.719656, 1.711884, 1.704112, 1.69634, 1.688568, 1.680796, 1.673024, 1.665252, 1.65748, 1.649708, 1.641936, 1.634164, 1.626392, 1.61862, 1.610848, 1.603076, 1.595304, 1.587532, 1.57976, 1.571988, 1.564216, 1.727428, 1.719656, 1.711884, 1.704112, 1.69634, 1.688568, 1.680796, 1.673024]"
Qwen/Qwen2.5-3B-Instruct,XRPUSDT,21,0.0885,6.17,0,0,"[1.39, 1.3607, 1.4309, 1.4037, 1.3633, 1.3567, 1.34, 1.3631, 1.3863, 1.3847, 1.3846, 1.3989, 1.4063, 1.4487, 1.543, 1.5182, 1.4647, 1.4475, 1.4452, 1.4086, 1.3848, 1.4323, 1.416, 1.4145, 1.3609, 1.3257, 1.3333, 1.3278, 1.3242, 1.3411]","[1.344, 1.3401, 1.3363, 1.3326, 1.3289, 1.3253, 1.3217, 1.3182, 1.3147, 1.3113, 1.3079, 1.3046, 1.3013, 1.2981, 1.2949, 1.2918, 1.2887, 1.2857, 1.2827, 1.2797, 1.2767, 1.2737, 1.2707, 1.2677, 1.344, 1.3401, 1.3363, 1.3326, 1.3289, 1.3253]"
Qwen/Qwen2.5-3B-Instruct,ADAUSDT,28,0.0473,12.1,0,0,"[0.3565, 0.3949, 0.3893, 0.4007, 0.4211, 0.4194, 0.4022, 0.3956, 0.3914, 0.3886, 0.391, 0.3862, 0.4218, 0.4143, 0.3936, 0.3955, 0.3973, 0.3758, 0.3703, 0.3507, 0.3659, 0.3594, 0.3602, 0.3583, 0.3391, 0.3521, 0.3608, 0.3583, 0.3347, 0.3208]","[0.3334, 0.3333, 0.3332, 0.3331, 0.333, 0.3329, 0.3328, 0.3327, 0.3326, 0.3325, 0.3324, 0.3323, 0.3322, 0.3321, 0.332, 0.3319, 0.3318, 0.3317, 0.3316, 0.3315, 0.3314, 0.3313, 0.3312, 0.3311, 0.331, 0.3334, 0.3333, 0.3332, 0.3331, 0.333]"
Qwen/Qwen2.5-3B-Instruct,ADAUSDT,28,0.0418,15.32,0,0,"[0.2936, 0.2858, 0.2991, 0.2917, 0.2864, 0.2455, 0.2762, 0.2721, 0.2701, 0.2699, 0.262, 0.2559, 0.2643, 0.2728, 0.295, 0.2818, 0.2858, 0.2811, 0.2735, 0.2729, 0.2849, 0.28, 0.2717, 0.2623, 0.2587, 0.2971, 0.287, 0.2776, 0.281, 0.2735]","[0.3207, 0.3205, 0.3203, 0.3201, 0.3199, 0.3197, 0.3195, 0.3193, 0.3191, 0.3189, 0.3187, 0.3185, 0.3183, 0.3181, 0.3179, 0.3177, 0.3175, 0.3173, 0.3171, 0.3169, 0.3167, 0.3165, 0.3163, 0.3161, 0.3207, 0.3205, 0.3203, 0.3201, 0.3199, 0.3197]"
Qwen/Qwen2.5-3B-Instruct,ADAUSDT,28,0.0138,5.41,0,0,"[0.2771, 0.2625, 0.2763, 0.2692, 0.259, 0.2544, 0.2493, 0.2552, 0.2621, 0.2626, 0.2636, 0.2656, 0.2634, 0.2702, 0.2904, 0.2891, 0.2742, 0.2675, 0.2661, 0.2574, 0.2506, 0.2616, 0.2664, 0.2705, 0.2547, 0.2461, 0.246, 0.2398, 0.2434, 0.2418]","[0.272892, 0.272883, 0.272875, 0.272866, 0.272858, 0.272849, 0.272841, 0.272833, 0.272824, 0.272816, 0.272807, 0.272799, 0.272791, 0.272782, 0.272774, 0.272765, 0.272757, 0.272748, 0.27274, 0.272732, 0.272723, 0.272715, 0.272706, 0.272698, 0.272689, 0.272681, 0.272892, 0.272883, 0.272875, 0.272866]"
Qwen/Qwen2.5-3B-Instruct,ALGOUSDT,28,0.0277,21.59,0,0,"[0.1202, 0.1275, 0.1279, 0.1362, 0.1396, 0.1423, 0.1364, 0.1344, 0.1332, 0.1337, 0.1323, 0.129, 0.1385, 0.1365, 0.128, 0.1303, 0.1315, 0.1228, 0.1209, 0.1143, 0.1177, 0.1188, 0.1203, 0.1186, 0.1147, 0.1221, 0.122, 0.1263, 0.1145, 0.1121]","[0.109459, 0.108408, 0.107357, 0.106306, 0.105255, 0.104204, 0.103153, 0.102102, 0.101051, 0.099999, 0.098948, 0.097897, 0.096846, 0.095795, 0.094744, 0.093693, 0.092642, 0.091591, 0.09054, 0.089489, 0.088438, 0.087387, 0.086336, 0.085285, 0.108408, 0.107357, 0.106306, 0.105255, 0.104204, 0.103153]"
Qwen/Qwen2.5-3B-Instruct,ALGOUSDT,28,0.0131,14.44,0,0,"[0.104, 0.1005, 0.1049, 0.1064, 0.1031, 0.0884, 0.0989, 0.0977, 0.0969, 0.096, 0.0917, 0.0891, 0.0918, 0.0941, 0.0997, 0.0959, 0.0947, 0.0931, 0.091, 0.0892, 0.0905, 0.0896, 0.0868, 0.0839, 0.0835, 0.091, 0.088, 0.0866, 0.0879, 0.0856]","[0.111039, 0.110564, 0.110089, 0.109614, 0.109139, 0.108664, 0.108189, 0.107714, 0.107239, 0.106764, 0.106289, 0.105814, 0.105339, 0.104864, 0.104389, 0.103914, 0.103439, 0.102964, 0.102489, 0.102014, 0.101539, 0.101064, 0.100589, 0.100114, 0.111039, 0.110564, 0.110089, 0.109614, 0.109139, 0.108664]"
Qwen/Qwen2.5-3B-Instruct,ALGOUSDT,28,0.0089,9.98,0,0,"[0.088, 0.0861, 0.0888, 0.0873, 0.0844, 0.083, 0.0818, 0.0833, 0.0853, 0.0862, 0.089, 0.0939, 0.091, 0.0926, 0.0972, 0.0947, 0.0901, 0.0893, 0.0898, 0.0868, 0.0855, 0.0875, 0.0872, 0.0875, 0.084, 0.0815, 0.0816, 0.0812, 0.0822, 0.0939]","[0.084371, 0.083856, 0.083339, 0.082819, 0.082298, 0.081776, 0.081254, 0.080731, 0.080207, 0.079682, 0.079156, 0.07863, 0.078103, 0.077575, 0.077046, 0.076516, 0.075985, 0.075453, 0.07492, 0.074386, 0.073851, 0.073315, 0.072778, 0.07224, 0.071701, 0.084371, 0.083856, 0.083339, 0.082819, 0.082298]"
Qwen/Qwen2.5-3B-Instruct,ATOMUSDT,28,0.5997,24.75,0,0,"[2.069, 2.168, 2.239, 2.34, 2.369, 2.532, 2.433, 2.461, 2.592, 2.57, 2.574, 2.487, 2.636, 2.582, 2.477, 2.494, 2.567, 2.426, 2.456, 2.295, 2.382, 2.335, 2.368, 2.334, 2.236, 2.222, 2.244, 2.237, 2.128, 2.112]","[1.9159, 1.9018, 1.8877, 1.8736, 1.8595, 1.8454, 1.8313, 1.8172, 1.8031, 1.789, 1.7749, 1.7608, 1.7467, 1.7326, 1.7185, 1.7044, 1.6903, 1.6762, 1.6621, 1.648, 1.6339, 1.6198, 1.6057, 1.5916, 1.9159, 1.9018, 1.8877, 1.8736, 1.8595, 1.8454]"
Qwen/Qwen2.5-3B-Instruct,ATOMUSDT,28,0.1726,8.39,0,0,"[1.971, 1.91, 1.982, 2.036, 1.995, 1.819, 1.987, 1.989, 1.95, 1.96, 1.922, 1.945, 1.968, 2.122, 2.186, 2.137, 2.292, 2.242, 2.346, 2.292, 2.358, 2.314, 2.25, 2.12, 1.992, 1.942, 1.879, 1.849, 1.849, 1.799]","[2.1073, 2.1026, 2.0979, 2.0932, 2.0885, 2.0838, 2.0791, 2.0744, 2.0697, 2.065, 2.0603, 2.0556, 2.0509, 2.0462, 2.0415, 2.0368, 2.0321, 2.0274, 2.0227, 2.018, 2.0133, 2.0086, 2.0039, 1.9992, 1.9945, 2.1073, 2.1026, 2.0979, 2.0932, 2.0885]"
Qwen/Qwen2.5-3B-Instruct,ATOMUSDT,28,0.1159,6.36,0,0,"[1.843, 1.814, 1.879, 1.84, 1.809, 1.785, 1.738, 1.743, 1.788, 1.84, 1.838, 1.862, 1.87, 1.861, 1.978, 1.961, 1.909, 1.811, 1.834, 1.793, 1.769, 1.786, 1.787, 1.765, 1.699, 1.676, 1.666, 1.646, 1.665, 1.707]","[1.7864, 1.7796, 1.7728, 1.766, 1.7592, 1.7524, 1.7456, 1.7388, 1.732, 1.7252, 1.7184, 1.7116, 1.7048, 1.698, 1.6912, 1.6844, 1.6776, 1.6708, 1.664, 1.6572, 1.6504, 1.6436, 1.6368, 1.63, 1.6232, 1.6164, 1.7864, 1.7796, 1.7728, 1.766]"
Qwen/Qwen2.5-3B-Instruct,AVAXUSDT,28,1.9,14.1,0,0,"[13.59, 13.82, 13.99, 14.25, 14.45, 14.59, 14.11, 13.89, 13.79, 13.74, 13.7, 13.53, 14.75, 14.6, 13.82, 13.59, 13.75, 12.98, 12.74, 12.09, 12.42, 12.2, 12.13, 12.05, 11.49, 11.72, 12.14, 12.07, 11.04, 10.87]","[12.1653, 12.0879, 12.0105, 11.9331, 11.8557, 11.7783, 11.7009, 11.6235, 11.5461, 11.4687, 11.3913, 11.3139, 11.2365, 11.1591, 11.0817, 11.0043, 10.9269, 10.8495, 10.7721, 10.6947, 10.6173, 10.5399, 10.4625, 10.3851, 12.1653, 12.0879, 12.0105, 11.9331, 11.8557, 11.7783]"
Qwen/Qwen2.5-3B-Instruct,AVAXUSDT,28,3.7817,41.83,2,1,"[10.12, 9.91, 10.14, 9.93, 9.72, 8.32, 9.28, 9.23, 9.08, 9.06, 8.76, 8.63, 8.9, 9.14, 9.59, 9.29, 9.26, 9.14, 8.86, 8.91, 9.17, 9.12, 8.87, 8.36, 8.29, 9.51, 9.31, 8.95, 9.16, 9.04]","[11.5, 11.6, 11.7, 11.8, 11.9, 12.0, 12.1, 12.2, 12.3, 12.4, 12.5, 12.6, 12.7, 12.8, 12.9, 13.0, 13.1, 13.2, 13.3, 13.4, 13.5, 13.6, 13.7, 13.8, 13.9, 14.0, 14.1, 14.2, 14.3, 14.4]"
Qwen/Qwen2.5-3B-Instruct,AVAXUSDT,28,1.0021,10.56,0,0,"[9.17, 9.18, 9.5, 9.39, 9.01, 8.91, 8.82, 9.26, 9.53, 9.55, 9.67, 9.72, 9.73, 9.95, 10.49, 10.2, 9.69, 9.48, 9.56, 9.21, 9.03, 9.56, 9.62, 9.68, 9.11, 8.79, 8.75, 8.6, 8.81, 8.91]","[8.96, 8.92, 8.88, 8.84, 8.8, 8.76, 8.72, 8.68, 8.64, 8.6, 8.56, 8.52, 8.48, 8.44, 8.4, 8.36, 8.32, 8.28, 8.24, 8.2, 8.16, 8.12, 8.08, 7.9892, 7.9384, 7.8876, 7.8368, 7.786, 7.7352, 7.6844]"
Qwen/Qwen2.5-3B-Instruct,BCHUSDT,28,39.2767,6.6,1,0,"[593.2, 609.8, 654.5, 639.1, 645.2, 638.2, 629.2, 632.0, 634.7, 643.9, 649.1, 621.7, 617.0, 597.4, 590.8, 599.5, 594.1, 591.4, 584.0, 573.2, 584.8, 599.2, 595.7, 593.6, 572.2, 578.7, 600.2, 591.1, 554.1, 553.2]","[600.422222, 600.433333, 600.444444, 600.455556, 600.466667, 600.477778, 600.488889, 600.5, 600.511111, 600.522222, 600.533333, 600.544444, 600.555556, 600.566667, 600.577778, 600.588889, 600.6, 600.611111, 600.622222, 600.633333, 600.644444, 600.655556, 600.666667, 600.677778, 600.688889, 701.433333, 701.544444, 701.655556, 701.766667, 701.877778]"
Qwen/Qwen2.5-3B-Instruct,BCHUSDT,28,72.3367,14.64,2,1,"[507.5, 516.2, 539.7, 527.1, 532.5, 453.9, 523.2, 525.1, 527.0, 533.0, 524.3, 516.2, 503.0, 563.9, 562.9, 553.5, 569.2, 563.4, 558.0, 560.4, 562.4, 564.1, 570.7, 495.8, 484.8, 492.9, 478.4, 461.5, 457.6, 441.7]","[550.0, 545.0, 555.0, 540.0, 530.0, 540.0, 545.0, 555.0, 560.0, 565.0, 570.0, 575.0, 580.0, 585.0, 590.0, 595.0, 600.0, 605.0, 610.0, 615.0, 620.0, 625.0, 630.0, 635.0, 640.0, 645.0, 650.0, 655.0, 660.0, 665.0]"
Qwen/Qwen2.5-3B-Instruct,BCHUSDT,28,24.4469,5.24,1,0,"[445.3, 443.9, 466.9, 461.6, 449.7, 450.2, 443.1, 444.6, 447.1, 455.1, 455.2, 461.0, 467.6, 469.7, 478.8, 470.7, 456.9, 455.6, 474.6, 462.6, 467.4, 478.0, 477.4, 473.6, 461.9, 472.9, 481.2, 452.7, 460.3, 466.5]","[437.971799, 437.872799, 437.773799, 437.674799, 437.575799, 437.476799, 437.377799, 437.278799, 437.179799, 437.080799, 436.981799, 436.882799, 436.783799, 436.684799, 436.585799, 436.486799, 436.387799, 436.288799, 436.189799, 436.090799, 435.991799, 435.892799, 435.793799, 435.694799, 441.7, 441.7, 437.971799, 437.872799, 437.773799, 437.674799]"
Qwen/Qwen2.5-3B-Instruct,BNBUSDT,28,53.1573,5.82,0,0,"[864.39, 881.25, 878.63, 895.43, 910.31, 917.64, 900.3, 892.26, 896.86, 907.93, 904.32, 905.78, 943.73, 948.47, 931.2, 938.16, 947.12, 932.51, 923.6, 884.2, 883.36, 888.06, 891.63, 887.17, 866.02, 879.41, 898.36, 902.91, 868.69, 858.81]","[861.66, 860.33, 859.0, 857.67, 856.34, 855.01, 853.68, 852.35, 851.02, 849.69, 848.36, 847.03, 845.7, 844.37, 843.04, 841.71, 840.38, 839.05, 837.72, 836.39, 835.06, 833.73, 832.4, 831.07, 859.33, 857.0, 854.67, 852.34, 850.01, 847.68]"
Qwen/Qwen2.5-3B-Instruct,BNBUSDT,28,215.7543,34.39,0,0,"[781.38, 758.54, 773.94, 754.78, 697.27, 608.3, 657.21, 647.0, 639.93, 636.39, 619.85, 608.11, 614.29, 618.94, 632.77, 615.16, 627.19, 617.74, 604.8, 607.83, 625.91, 625.61, 614.8, 596.41, 583.6, 629.42, 625.74, 614.03, 617.14, 617.96]","[858.78, 858.75, 858.72, 858.69, 858.66, 858.63, 858.6, 858.57, 858.54, 858.51, 858.48, 858.45, 858.42, 858.39, 858.36, 858.33, 858.3, 858.27, 858.24, 858.21, 858.18, 858.15, 858.12, 858.09, 858.81, 858.0761, 857.342261, 857.0, 856.0, 855.0]"
Qwen/Qwen2.5-3B-Instruct,BNBUSDT,28,77.4032,11.98,0,0,"[637.79, 633.56, 657.99, 647.85, 627.31, 620.26, 611.98, 634.64, 642.0, 651.46, 651.72, 655.73, 657.7, 673.77, 679.71, 668.61, 652.27, 639.15, 642.11, 630.7, 626.41, 639.11, 638.3, 647.66, 628.86, 613.95, 611.08, 606.09, 609.29, 617.43]","[607.407, 602.631, 597.855, 593.079, 588.303, 583.527, 578.751, 573.975, 569.199, 564.423, 559.647, 554.871, 550.095, 545.319, 540.543, 535.767, 530.991, 526.215, 521.439, 516.663, 511.887, 507.111, 502.335, 497.559, 607.407, 602.631, 597.855, 593.079, 588.303, 583.527]"
Qwen/Qwen2.5-3B-Instruct,BTCUSDT,28,5495.07,5.96,0,0,"[88839.04, 89995.13, 90628.01, 91529.73, 93859.71, 93747.97, 91364.16, 91099.99, 90641.28, 90504.7, 91013.65, 91296.2, 95414.0, 96951.78, 95604.8, 95550.94, 95147.77, 93673.14, 92631.0, 88427.66, 89454.73, 89559.67, 89600.26, 89225.34, 86670.36, 88347.08, 89250.0, 89299.99, 84650.16, 84260.49]","[87484.16, 87319.1, 87154.04, 86988.98, 86823.92, 86658.86, 86493.8, 86328.74, 86163.68, 85998.62, 85833.56, 85668.5, 85503.44, 85338.38, 85173.32, 85008.26, 84843.2, 84678.14, 84513.08, 84348.02, 84182.96, 84017.9, 83852.84, 83687.78, 83522.72, 87319.1, 87154.04, 86988.98, 86823.92, 86658.86]"
Qwen/Qwen2.5-3B-Instruct,BTCUSDT,28,12570.1777,18.49,1,0,"[78741.09, 76968.21, 78738.61, 75770.21, 73165.83, 62909.86, 70580.26, 69289.38, 70330.38, 70138.0, 68841.29, 67082.52, 66272.17, 68853.96, 69822.95, 68832.58, 68892.43, 67503.52, 66461.0, 67003.73, 68020.01, 67975.93, 67643.4, 64656.02, 64058.15, 67988.04, 67485.18, 65872.1, 66973.26, 65776.47]","[84024.65, 83788.81, 83552.97, 83317.13, 83081.3, 82845.46, 82609.62, 82373.78, 82137.94, 81902.1, 81666.26, 81430.42, 81194.58, 80958.74, 80722.9, 80487.06, 80251.22, 80015.38, 79779.54, 79543.7, 79307.86, 79072.02, 78836.18, 78600.34, 78364.5, 84260.49, 84260.49, 84024.65, 83788.81, 83552.97]"
Qwen/Qwen2.5-3B-Instruct,BTCUSDT,28,15349.646,22.12,0,0,"[68830.06, 68338.0, 72666.77, 70890.72, 68114.02, 67262.91, 65971.2, 68432.16, 69948.63, 70191.86, 70541.34, 70930.0, 71211.95, 72815.24, 74884.67, 73909.36, 71246.54, 69930.0, 70510.73, 68918.12, 67859.0, 70906.45, 70556.74, 71336.53, 68820.31, 66407.28, 66377.03, 66010.93, 66797.37, 68284.48]","[390000.0, 65266.32, 65226.25, 65186.18, 65146.11, 65106.04, 65065.97, 65025.9, 64985.83, 64945.76, 64905.69, 64865.62, 64825.55, 64785.48, 64745.41, 64705.34, 64665.27, 64625.2, 64585.13, 64545.06, 64504.99, 64464.92, 64424.85, 64384.78, 64344.71, 64304.64, 64264.57, 65776.47, 65776.47, 65296.39]"
Qwen/Qwen2.5-3B-Instruct,DOGEUSDT,28,0.0185,13.27,0,0,"[0.12683, 0.14188, 0.14315, 0.14953, 0.15171, 0.15055, 0.14642, 0.14194, 0.14071, 0.13965, 0.13801, 0.13662, 0.14828, 0.14718, 0.14004, 0.13813, 0.13788, 0.13164, 0.12916, 0.12336, 0.12654, 0.12437, 0.12477, 0.12423, 0.11945, 0.12236, 0.12619, 0.125, 0.11728, 0.11581]","[0.116324, 0.116286, 0.116248, 0.11621, 0.116172, 0.116134, 0.116096, 0.116058, 0.11602, 0.115982, 0.115944, 0.115906, 0.115868, 0.11583, 0.115792, 0.115754, 0.115716, 0.115678, 0.11564, 0.115602, 0.115564, 0.115526, 0.115488, 0.11545, 0.115412, 0.115324, 0.115286, 0.115248, 0.11521, 0.115172]"
Qwen/Qwen2.5-3B-Instruct,DOGEUSDT,28,0.0166,17.21,0,0,"[0.10426, 0.10426, 0.10792, 0.10602, 0.10383, 0.08849, 0.09848, 0.09823, 0.09663, 0.09611, 0.09277, 0.09112, 0.093, 0.09667, 0.11104, 0.10269, 0.10102, 0.10066, 0.09855, 0.09837, 0.10011, 0.09841, 0.09558, 0.09266, 0.09137, 0.10095, 0.09701, 0.09337, 0.09405, 0.0919]","[0.114794, 0.114791, 0.114788, 0.114785, 0.114782, 0.114779, 0.114776, 0.114773, 0.11477, 0.114767, 0.114764, 0.114761, 0.114758, 0.114755, 0.114752, 0.114749, 0.114746, 0.114743, 0.11474, 0.114737, 0.114734, 0.114731, 0.114728, 0.114725, 0.11472, 0.114717, 0.114714, 0.114711, 0.114708, 0.114705]"
Qwen/Qwen2.5-3B-Instruct,DOGEUSDT,28,0.0029,3.06,0,0,"[0.09356, 0.08997, 0.09893, 0.09356, 0.09129, 0.08993, 0.08915, 0.09049, 0.09452, 0.09288, 0.09475, 0.09596, 0.09604, 0.09738, 0.10304, 0.10015, 0.09526, 0.09354, 0.09416, 0.09135, 0.09015, 0.09415, 0.0951, 0.09618, 0.09205, 0.09011, 0.091, 0.09045, 0.09083, 0.09232]","[0.091364, 0.091361, 0.091358, 0.091355, 0.091352, 0.091349, 0.091346, 0.091343, 0.09134, 0.091337, 0.091334, 0.091331, 0.091328, 0.091325, 0.091322, 0.091319, 0.091316, 0.091313, 0.09131, 0.091307, 0.091304, 0.091301, 0.091298, 0.091295, 0.091292, 0.091286, 0.091283, 0.09128, 0.091277, 0.091274]"
Qwen/Qwen2.5-3B-Instruct,DOTUSDT,28,0.438,21.09,1,0,"[1.999, 2.166, 2.125, 2.142, 2.208, 2.235, 2.145, 2.111, 2.083, 2.093, 2.07, 2.055, 2.282, 2.226, 2.117, 2.119, 2.179, 2.065, 2.028, 1.897, 1.955, 1.927, 1.926, 1.93, 1.823, 1.875, 1.876, 1.87, 1.736, 1.69]","[1.7533, 1.7366, 1.7199, 1.7033, 1.6868, 1.6703, 1.6539, 1.6375, 1.6211, 1.6048, 1.5885, 1.5722, 1.5559, 1.5396, 1.5233, 1.507, 1.4907, 1.4744, 1.4581, 1.4418, 1.4255, 1.4092, 1.3929, 1.3766, 1.7533, 1.7366, 1.7199, 1.7033, 1.6868, 1.6703]"
Qwen/Qwen2.5-3B-Instruct,DOTUSDT,28,0.1231,9.18,0,0,"[1.547, 1.495, 1.543, 1.5, 1.461, 1.248, 1.368, 1.372, 1.337, 1.32, 1.283, 1.256, 1.283, 1.33, 1.421, 1.357, 1.376, 1.347, 1.311, 1.287, 1.341, 1.36, 1.313, 1.265, 1.238, 1.663, 1.609, 1.599, 1.662, 1.534]","[1.6739, 1.6579, 1.6419, 1.6259, 1.6099, 1.5939, 1.5779, 1.5619, 1.5459, 1.5299, 1.5139, 1.4979, 1.4819, 1.4659, 1.4499, 1.4339, 1.4179, 1.4019, 1.3859, 1.3699, 1.3539, 1.3379, 1.3219, 1.3059, 1.6739, 1.6579, 1.6419, 1.6259, 1.6099, 1.5939]"
Qwen/Qwen2.5-3B-Instruct,DOTUSDT,28,0.1005,7.41,0,0,"[1.509, 1.533, 1.541, 1.53, 1.488, 1.448, 1.452, 1.494, 1.486, 1.522, 1.518, 1.464, 1.414, 1.441, 1.64, 1.62, 1.577, 1.521, 1.499, 1.468, 1.413, 1.421, 1.401, 1.363, 1.321, 1.292, 1.259, 1.261, 1.243, 1.253]","[1.5337, 1.5334, 1.5331, 1.5328, 1.5325, 1.5322, 1.5319, 1.5316, 1.5313, 1.531, 1.5307, 1.5304, 1.5301, 1.5298, 1.5295, 1.5292, 1.5289, 1.5286, 1.5283, 1.528, 1.5277, 1.5274, 1.5271, 1.5268, 1.5271, 1.5274, 1.5277, 1.528, 1.5283, 1.5286]"
Qwen/Qwen2.5-3B-Instruct,ETCUSDT,28,0.8608,6.85,0,0,"[12.06, 12.52, 12.56, 12.82, 13.31, 13.37, 12.88, 12.61, 12.61, 12.54, 12.37, 12.26, 13.29, 13.2, 12.65, 12.76, 12.85, 12.24, 12.03, 11.54, 11.66, 11.58, 11.67, 11.59, 11.14, 11.39, 11.58, 11.55, 10.81, 10.6]","[11.479168, 11.478336, 11.477504, 11.476672, 11.47584, 11.475008, 11.474176, 11.473344, 11.472512, 11.47168, 11.470848, 11.470016, 11.469184, 11.468352, 11.46752, 11.466688, 11.465856, 11.465024, 11.464192, 11.46336, 11.462528, 11.461696, 11.460864, 11.460032, 11.4592, 11.48, 11.479168, 11.478336, 11.477504, 11.476672]"
Qwen/Qwen2.5-3B-Instruct,ETCUSDT,28,0.7504,8.68,0,0,"[9.76, 9.5, 9.81, 9.57, 9.34, 8.06, 8.84, 8.78, 8.57, 8.59, 8.33, 8.14, 8.25, 8.53, 9.0, 8.74, 8.84, 8.68, 8.44, 8.27, 8.76, 9.05, 8.52, 8.36, 8.3, 9.15, 8.86, 8.65, 8.68, 8.47]","[10.455, 10.3825, 10.31, 10.2375, 10.165, 10.0925, 10.02, 9.9475, 9.875, 9.8025, 9.73, 9.6575, 9.585, 9.5125, 9.44, 9.3675, 9.295, 9.2225, 9.15, 9.0775, 9.005, 8.9325, 8.86, 8.7875, 8.625, 8.5525, 8.48, 8.4075, 8.335, 8.2625]"
Qwen/Qwen2.5-3B-Instruct,ETCUSDT,28,1.2241,14.84,0,0,"[8.72, 8.49, 8.85, 8.65, 8.25, 8.12, 7.99, 8.16, 8.23, 8.28, 8.27, 8.49, 8.26, 8.48, 9.03, 8.86, 8.51, 8.34, 8.41, 8.18, 8.03, 8.59, 8.67, 8.68, 8.21, 8.09, 8.04, 7.95, 8.07, 8.19]","[8.3797, 8.3393, 8.2989, 8.2585, 8.2181, 8.1777, 8.1373, 8.0969, 8.0565, 8.0161, 7.9757, 7.9353, 7.8949, 7.8545, 7.8141, 7.7737, 7.7333, 7.6929, 7.6525, 7.6121, 7.5717, 7.5313, 7.4909, 7.4505, 7.4101, 30.0, 8.3797, 8.3393, 8.2989, 8.2585]"
Qwen/Qwen2.5-3B-Instruct,ETHUSDT,28,227.0763,7.15,0,0,"[3004.19, 3125.45, 3127.11, 3144.7, 3224.99, 3296.84, 3168.72, 3106.65, 3088.4, 3086.72, 3123.45, 3095.75, 3325.82, 3354.92, 3318.69, 3296.28, 3310.56, 3284.03, 3189.55, 2939.88, 2982.27, 2952.69, 2956.41, 2953.22, 2816.89, 2930.35, 3026.77, 3010.78, 2822.59, 2707.38]","[2959.87, 2953.9, 2947.94, 2941.99, 2936.05, 2930.12, 2924.2, 2918.29, 2912.4, 2906.53, 2899.68, 2892.85, 2886.03, 2879.22, 2872.42, 2865.64, 2858.87, 2852.11, 2845.36, 2838.62, 2831.89, 2825.17, 2818.46, 2811.76, 2805.07, 2808.14, 2811.22, 2814.31, 2817.41, 2820.52]"
Qwen/Qwen2.5-3B-Instruct,ETHUSDT,28,671.6443,33.58,0,0,"[2451.95, 2270.15, 2347.02, 2233.72, 2148.26, 1826.83, 2063.38, 2087.08, 2089.74, 2105.02, 2022.67, 1941.18, 1947.85, 2048.72, 2086.59, 1966.58, 1998.33, 1991.66, 1955.91, 1949.08, 1968.88, 1973.35, 1957.82, 1856.3, 1851.94, 2057.48, 2027.68, 1929.84, 1964.51, 1939.71]","[2707.34, 2707.3, 2707.26, 2707.22, 2707.18, 2707.14, 2707.1, 2707.06, 2707.02, 2706.98, 2706.94, 2706.9, 2706.86, 2706.82, 2706.78, 2706.74, 2706.7, 2706.66, 2706.62, 2706.58, 2706.54, 2706.5, 2706.46, 2706.42, 2707.34, 2707.3, 2707.26, 2707.22, 2707.18, 2707.14]"
Qwen/Qwen2.5-3B-Instruct,ETHUSDT,28,214.913,10.07,0,0,"[2027.35, 1982.8, 2127.28, 2072.86, 1978.68, 1969.59, 1937.1, 1992.98, 2036.51, 2051.97, 2073.52, 2092.22, 2096.16, 2178.3, 2352.97, 2317.39, 2203.39, 2137.81, 2146.22, 2084.87, 2053.89, 2152.03, 2156.23, 2169.02, 2060.43, 1992.75, 1994.74, 1984.64, 2026.48, 2105.43]","[1919.55, 1914.47, 1909.39, 1904.31, 1899.23, 1894.15, 1889.07, 1883.99, 1878.91, 1873.83, 1868.75, 1863.67, 1858.59, 1853.51, 1848.43, 1843.35, 1838.27, 1833.19, 1828.11, 1823.03, 1817.95, 1812.87, 1807.79, 1802.71, 1919.55, 1914.47, 1909.39, 1904.31, 1899.23, 1894.15]"
Qwen/Qwen2.5-3B-Instruct,FILUSDT,28,0.4002,28.48,2,1,"[1.483, 1.504, 1.494, 1.494, 1.569, 1.593, 1.519, 1.497, 1.488, 1.482, 1.457, 1.461, 1.576, 1.592, 1.504, 1.52, 1.551, 1.45, 1.384, 1.312, 1.348, 1.319, 1.313, 1.315, 1.251, 1.269, 1.272, 1.28, 1.194, 1.176]","[1.29, 1.25, 1.26, 1.22, 1.19, 1.23, 1.19, 1.15, 1.12, 1.16, 1.12, 1.1, 1.08, 1.06, 1.04, 1.02, 1.0, 0.98, 0.96, 0.94, 0.92, 0.9, 0.88, 0.86, 0.84, 0.82, 0.8, 0.78, 0.76, 0.74]"
Qwen/Qwen2.5-3B-Instruct,FILUSDT,28,0.0862,8.89,0,0,"[1.052, 1.035, 1.083, 1.068, 1.05, 0.883, 0.977, 0.976, 0.934, 0.938, 0.902, 0.879, 0.914, 0.958, 1.015, 0.963, 0.978, 0.96, 0.927, 0.915, 0.958, 0.97, 0.93, 0.891, 0.88, 1.062, 1.026, 0.994, 1.005, 0.964]","[1.1525, 1.1409, 1.1293, 1.1177, 1.1061, 1.0945, 1.0829, 1.0713, 1.0597, 1.0481, 1.0365, 1.0249, 1.0133, 1.0017, 0.9901, 0.9785, 0.9669, 0.9553, 0.9437, 0.9321, 0.9205, 0.9089, 0.8973, 0.8857, 0.8625, 0.8509, 0.8393, 0.8277, 0.8161, 0.8045]"
Qwen/Qwen2.5-3B-Instruct,FILUSDT,28,0.065,7.47,0,0,"[0.987, 1.0, 1.025, 1.011, 0.978, 0.952, 0.934, 0.939, 0.866, 0.878, 0.877, 0.869, 0.883, 0.895, 0.99, 0.969, 0.925, 0.895, 0.902, 0.882, 0.848, 0.923, 0.923, 0.928, 0.869, 0.839, 0.801, 0.802, 0.816, 0.832]","[0.9627, 0.9621, 0.9615, 0.9609, 0.9603, 0.9597, 0.9591, 0.9585, 0.9579, 0.9573, 0.9567, 0.9561, 0.9555, 0.9549, 0.9543, 0.9537, 0.9531, 0.9525, 0.9519, 0.9513, 0.9507, 0.9501, 0.9495, 0.9489, 0.9483, 0.964, 0.9627, 0.9621, 0.9615, 0.9609]"
Qwen/Qwen2.5-3B-Instruct,LINKUSDT,28,2.2757,17.95,0,0,"[12.6, 13.27, 13.23, 13.43, 13.9, 14.04, 13.44, 13.21, 13.14, 13.13, 13.21, 13.08, 14.06, 14.11, 13.8, 13.73, 13.75, 13.32, 12.88, 12.12, 12.4, 12.27, 12.22, 12.2, 11.52, 11.95, 12.03, 11.84, 11.13, 10.79]","[12.0621, 11.9866, 11.9111, 11.8356, 11.7601, 11.6846, 11.6091, 11.5336, 11.4581, 11.3826, 11.3071, 11.2316, 11.1561, 11.0806, 11.0051, 10.9296, 10.8541, 10.7786, 10.7031, 10.6276, 10.5521, 10.4766, 10.4011, 10.3256, 30.0, 12.0621, 11.9866, 11.9111, 11.8356, 11.7601]"
Qwen/Qwen2.5-3B-Instruct,LINKUSDT,28,4.091,46.71,2,1,"[9.99, 9.41, 9.81, 9.49, 9.25, 7.92, 8.88, 8.91, 8.83, 8.83, 8.57, 8.33, 8.41, 8.77, 9.09, 8.79, 8.94, 8.82, 8.6, 8.58, 8.95, 8.87, 8.69, 8.26, 8.19, 9.27, 9.09, 8.71, 8.85, 8.67]","[11.5, 11.6, 11.7, 11.8, 11.9, 12.0, 12.1, 12.2, 12.3, 12.4, 12.5, 12.6, 12.7, 12.8, 12.9, 13.0, 13.1, 13.2, 13.3, 13.4, 13.5, 13.6, 13.7, 13.8, 13.9, 14.0, 14.1, 14.2, 14.3, 14.4]"
Qwen/Qwen2.5-3B-Instruct,LINKUSDT,28,1.4937,16.48,0,0,"[8.96, 8.8, 9.35, 9.21, 8.8, 8.7, 8.52, 8.87, 8.99, 8.99, 9.05, 9.08, 9.17, 9.5, 9.92, 9.79, 9.22, 9.04, 9.12, 8.82, 8.68, 9.11, 9.25, 9.37, 8.91, 8.57, 8.44, 8.42, 8.62, 8.78]","[8.59, 8.55, 8.51, 8.47, 8.43, 8.4, 8.36, 8.32, 8.28, 8.24, 8.2, 8.16, 8.12, 8.08, 8.04, 8.0, 7.96, 7.92, 7.88, 7.84, 7.8, 7.76, 7.72, 7.68, 30.0, 8.59, 8.55, 8.51, 8.47, 8.43]"
Qwen/Qwen2.5-3B-Instruct,LTCUSDT,28,39.8776,54.44,1,0,"[79.97, 81.93, 82.08, 82.26, 83.46, 83.96, 81.71, 81.31, 81.49, 81.19, 78.79, 76.12, 78.18, 76.67, 72.21, 75.22, 74.92, 72.29, 70.8, 67.12, 68.48, 68.19, 68.07, 68.19, 67.3, 69.72, 70.03, 69.42, 66.24, 65.47]","[603.0, 76.356, 76.099, 75.842, 75.575, 75.308, 75.041, 74.774, 74.507, 74.24, 73.973, 73.706, 73.439, 73.172, 72.905, 72.638, 72.371, 72.104, 71.837, 71.57, 71.303, 71.036, 70.769, 70.502, 603.0, 76.356, 76.099, 75.842, 75.575, 75.308]"
Qwen/Qwen2.5-3B-Instruct,LTCUSDT,28,10.4653,19.28,0,0,"[59.53, 58.49, 60.02, 59.48, 58.89, 50.79, 55.02, 55.19, 54.53, 54.45, 53.38, 52.32, 53.15, 55.03, 55.99, 55.08, 55.13, 53.96, 53.32, 52.7, 55.19, 54.9, 53.48, 51.35, 51.15, 56.76, 55.62, 54.56, 54.4, 53.24]","[65.46, 65.45, 65.44, 65.43, 65.42, 65.41, 65.4, 65.39, 65.38, 65.37, 65.36, 65.35, 65.34, 65.33, 65.32, 65.31, 65.3, 65.29, 65.28, 65.27, 65.26, 65.25, 65.24, 65.46, 65.45, 65.44, 65.43, 65.42, 65.41, 65.4]"
Qwen/Qwen2.5-3B-Instruct,LTCUSDT,28,3.7702,6.77,0,0,"[54.61, 54.76, 56.77, 55.46, 53.81, 53.58, 52.59, 53.77, 53.87, 54.8, 54.56, 55.3, 54.98, 56.27, 58.7, 58.09, 56.08, 55.54, 56.17, 54.81, 53.51, 55.72, 56.38, 56.65, 54.59, 53.72, 53.85, 53.32, 53.34, 53.95]","[53.0415, 52.8415, 52.6415, 52.4415, 52.2415, 52.0415, 51.8415, 51.6415, 51.4415, 51.2415, 51.0415, 50.8415, 50.6415, 50.4415, 50.2415, 50.0415, 49.8415, 49.6415, 49.4415, 49.2415, 49.0415, 48.8415, 48.6415, 53.0415, 52.8415, 52.6415, 52.4415, 52.2415, 52.0415, 51.8415]"
Qwen/Qwen2.5-3B-Instruct,NEARUSDT,28,0.1461,8.67,0,0,"[1.627, 1.692, 1.711, 1.728, 1.774, 1.808, 1.722, 1.686, 1.703, 1.689, 1.702, 1.675, 1.859, 1.799, 1.722, 1.731, 1.751, 1.629, 1.597, 1.506, 1.529, 1.513, 1.509, 1.506, 1.436, 1.463, 1.49, 1.489, 1.375, 1.323]","[1.5136, 1.5134, 1.5132, 1.513, 1.5128, 1.5126, 1.5124, 1.5122, 1.512, 1.5118, 1.5116, 1.5114, 1.5112, 1.511, 1.5108, 1.5106, 1.5104, 1.5102, 1.51, 1.5098, 1.5096, 1.5094, 1.5092, 1.509, 1.5086, 1.5084, 1.5082, 1.508, 1.5078, 1.5076]"
Qwen/Qwen2.5-3B-Instruct,NEARUSDT,28,0.1917,18.27,0,0,"[1.206, 1.173, 1.2, 1.176, 1.16, 0.976, 1.087, 1.075, 1.038, 1.03, 0.993, 0.962, 0.964, 1.024, 1.086, 1.056, 1.058, 1.044, 1.017, 1.007, 1.054, 1.059, 1.022, 0.981, 0.967, 1.172, 1.127, 1.094, 1.172, 1.15]","[1.3186, 1.3141, 1.3095, 1.3048, 1.2999, 1.2949, 1.2897, 1.2844, 1.279, 1.2735, 1.2679, 1.2622, 1.2564, 1.2505, 1.2445, 1.2384, 1.2322, 1.2258, 1.2193, 1.2126, 1.2057, 1.1986, 1.1913, 1.1838, 1.1761, 1.3186, 1.3141, 1.3095, 1.3048, 1.2999]"
Qwen/Qwen2.5-3B-Instruct,NEARUSDT,28,0.149,11.21,0,0,"[1.36, 1.358, 1.311, 1.271, 1.227, 1.214, 1.212, 1.235, 1.284, 1.299, 1.368, 1.336, 1.325, 1.35, 1.49, 1.452, 1.386, 1.335, 1.316, 1.281, 1.274, 1.311, 1.292, 1.28, 1.224, 1.18, 1.173, 1.164, 1.162, 1.189]","[1.1474, 1.1466, 1.1458, 1.145, 1.1442, 1.1434, 1.1426, 1.1418, 1.141, 1.1402, 1.1394, 1.1386, 1.1378, 1.137, 1.1362, 1.1354, 1.1346, 1.1338, 1.133, 1.1322, 1.1314, 1.1306, 1.1298, 1.129, 1.1474, 1.1466, 1.1458, 1.145, 1.1442, 1.1434]"
Qwen/Qwen2.5-3B-Instruct,SOLUSDT,28,26.737,20.07,2,1,"[126.9, 132.29, 133.37, 134.12, 137.9, 141.08, 136.39, 138.37, 135.97, 135.84, 139.7, 139.22, 145.51, 146.69, 142.4, 144.89, 143.72, 137.87, 133.44, 125.8, 129.54, 128.47, 127.43, 127.21, 118.85, 124.24, 127.19, 125.35, 117.82, 117.59]","[123.45, 122.34, 121.23, 120.12, 119.01, 117.9, 116.79, 115.58, 114.37, 113.16, 111.95, 110.74, 109.53, 108.32, 107.11, 105.9, 104.69, 103.48, 102.27, 101.06, 99.85, 98.64, 97.43, 96.22, 95.01, 93.8, 92.59, 91.38, 90.17, 88.96]"
Qwen/Qwen2.5-3B-Instruct,SOLUSDT,28,49.288,57.68,2,1,"[105.58, 100.79, 104.55, 97.89, 92.12, 78.35, 87.46, 87.59, 86.99, 86.77, 82.99, 79.3, 78.4, 84.33, 88.06, 86.16, 86.45, 85.08, 81.61, 82.5, 84.67, 85.17, 82.79, 77.9, 78.99, 88.06, 85.91, 81.85, 84.35, 83.6]","[138.5, 140.2, 144.0, 147.8, 142.3, 144.5, 143.1, 142.9, 146.7, 146.2, 152.0, 153.5, 150.0, 151.5, 145.6, 141.2, 136.8, 129.3, 132.9, 131.4, 128.9, 127.4, 125.9, 123.4, 121.9, 120.4, 118.9, 117.4, 115.9, 114.4]"
Qwen/Qwen2.5-3B-Instruct,SOLUSDT,28,11.6038,13.11,0,0,"[86.64, 86.97, 90.85, 88.77, 84.7, 83.22, 81.59, 84.96, 85.88, 86.58, 86.84, 88.18, 88.03, 92.3, 96.2, 94.62, 90.08, 88.89, 89.84, 87.56, 86.2, 91.43, 90.8, 91.7, 86.53, 83.11, 82.09, 81.44, 82.54, 83.2]","[225.0, 82.955, 82.685, 82.415, 82.145, 81.875, 81.605, 81.335, 81.065, 80.795, 80.525, 80.255, 79.985, 79.715, 79.445, 79.175, 78.905, 78.635, 78.365, 78.095, 77.825, 77.555, 77.285, 77.015, 76.745, 83.225, 82.955, 82.685, 82.415, 82.145]"
Qwen/Qwen2.5-3B-Instruct,TRXUSDT,28,0.0159,5.24,0,0,"[0.2871, 0.289, 0.2956, 0.2939, 0.2922, 0.2942, 0.2981, 0.295, 0.2984, 0.3024, 0.2995, 0.2998, 0.3071, 0.3047, 0.3126, 0.3096, 0.3188, 0.3178, 0.3119, 0.297, 0.2993, 0.3054, 0.2979, 0.2954, 0.2957, 0.2966, 0.2947, 0.2954, 0.295, 0.2942]","[0.284447, 0.284394, 0.284341, 0.284288, 0.284235, 0.284183, 0.28413, 0.284077, 0.284024, 0.283971, 0.283918, 0.283866, 0.283813, 0.28376, 0.283708, 0.283655, 0.283602, 0.283549, 0.283497, 0.283444, 0.283391, 0.283339, 0.283286, 0.283233, 0.283181, 0.284447, 0.284394, 0.284341, 0.284288, 0.284235]"
Qwen/Qwen2.5-3B-Instruct,TRXUSDT,28,0.0115,4.11,0,0,"[0.2866, 0.2847, 0.2835, 0.2861, 0.2833, 0.2696, 0.2741, 0.2782, 0.2778, 0.2791, 0.2782, 0.2784, 0.28, 0.2823, 0.2826, 0.2805, 0.2846, 0.2821, 0.2788, 0.2849, 0.2854, 0.289, 0.2906, 0.2816, 0.2837, 0.2853, 0.2857, 0.2828, 0.2819, 0.2807]","[0.294102, 0.294053, 0.293999, 0.293947, 0.293895, 0.293844, 0.293794, 0.293745, 0.293696, 0.293648, 0.293599, 0.293551, 0.293503, 0.293455, 0.293408, 0.293361, 0.293314, 0.293267, 0.29322, 0.293173, 0.293126, 0.293079, 0.293032, 0.292985, 0.292938, 0.294102, 0.294053, 0.293999, 0.293947, 0.293895]"
Qwen/Qwen2.5-3B-Instruct,TRXUSDT,28,0.0424,13.7,0,0,"[0.2832, 0.2805, 0.2871, 0.2852, 0.2846, 0.2866, 0.2891, 0.2856, 0.2858, 0.2913, 0.2891, 0.2934, 0.2978, 0.2987, 0.2956, 0.3068, 0.3045, 0.3036, 0.3097, 0.3121, 0.3104, 0.3081, 0.3061, 0.3146, 0.3115, 0.3113, 0.3167, 0.322, 0.32, 0.3133]","[0.2806, 0.2805, 0.2804, 0.2803, 0.2802, 0.2801, 0.28, 0.2799, 0.2798, 0.2797, 0.2796, 0.2795, 0.2794, 0.2793, 0.2792, 0.2791, 0.279, 0.2789, 0.2788, 0.2787, 0.2786, 0.2785, 0.2784, 0.2783, 0.2807, 1.0, 0.2807, 0.2806, 0.2805, 0.2806]"
Qwen/Qwen2.5-3B-Instruct,UNIUSDT,28,0.4719,9.56,0,0,"[5.809, 6.038, 5.917, 5.85, 6.162, 6.07, 5.726, 5.488, 5.467, 5.476, 5.456, 5.367, 5.73, 5.681, 5.35, 5.315, 5.352, 5.095, 5.026, 4.803, 4.94, 4.836, 4.873, 4.855, 4.637, 4.711, 4.8, 4.82, 4.396, 4.276]","[5.6365, 5.634, 5.631, 5.6275, 5.6235, 5.6195, 5.615, 5.61, 5.6045, 5.599, 5.5925, 5.5865, 5.58, 5.573, 5.5665, 5.5595, 5.552, 5.544, 5.5355, 5.5265, 5.517, 5.507, 5.4965, 5.4855, 5.6365, 5.634, 5.631, 5.6275, 5.6235, 5.6195]"
Qwen/Qwen2.5-3B-Instruct,UNIUSDT,28,1.1484,34.0,0,0,"[3.96, 3.837, 3.925, 3.86, 3.801, 3.168, 3.552, 3.539, 3.468, 3.493, 3.36, 3.369, 3.247, 3.398, 3.629, 3.471, 3.601, 3.524, 3.403, 3.391, 3.492, 3.609, 3.491, 3.349, 3.337, 4.055, 3.879, 3.742, 3.811, 3.748]","[4.1526, 4.0919, 4.0312, 3.9705, 3.9098, 3.8491, 3.7884, 3.7277, 3.667, 3.6063, 3.5456, 3.4849, 3.4242, 3.3635, 3.3028, 3.2421, 3.1814, 3.1207, 3.06, 3.0993, 3.0386, 2.9779, 2.9172, 2.8565, 30.0, 4.1526, 4.0919, 4.0312, 3.9705, 3.9098]"
Qwen/Qwen2.5-3B-Instruct,UNIUSDT,28,1.1291,31.54,0,0,"[3.929, 3.912, 3.977, 3.97, 3.848, 3.771, 3.661, 3.861, 3.843, 3.898, 3.918, 4.004, 3.948, 4.069, 4.157, 3.957, 3.681, 3.579, 3.605, 3.486, 3.471, 3.587, 3.609, 3.708, 3.528, 3.388, 3.384, 3.355, 3.48, 3.545]","[3.7358, 3.7299, 3.7237, 3.7172, 3.7104, 3.6934, 3.6761, 3.6585, 3.6406, 3.6224, 3.6039, 3.5851, 3.566, 3.5466, 3.5269, 3.507, 3.4868, 3.4663, 3.4455, 3.4244, 3.4029, 3.3809, 3.3585, 3.3357, 30.0, 3.7358, 3.7299, 3.7237, 3.7172, 3.7104]"
Qwen/Qwen2.5-3B-Instruct,XLMUSDT,28,0.0342,15.33,0,0,"[0.2087, 0.2191, 0.2222, 0.233, 0.2526, 0.2438, 0.2342, 0.2302, 0.2284, 0.2264, 0.2244, 0.2193, 0.2386, 0.2361, 0.2285, 0.226, 0.2309, 0.2182, 0.2157, 0.207, 0.2124, 0.2115, 0.2122, 0.2115, 0.2033, 0.2074, 0.2085, 0.2105, 0.1987, 0.1919]","[0.1993, 0.1984, 0.1975, 0.1966, 0.1957, 0.1948, 0.1939, 0.193, 0.1921, 0.1912, 0.1903, 0.1894, 0.1885, 0.1876, 0.1867, 0.1858, 0.1849, 0.184, 0.1831, 0.1822, 0.1813, 0.1804, 0.1795, 0.1786, 0.1777, 0.1766, 0.1757, 0.1748, 0.1739, 0.173]"
Qwen/Qwen2.5-3B-Instruct,XLMUSDT,28,0.0198,12.39,1,0,"[0.181, 0.1751, 0.1787, 0.1758, 0.1714, 0.1471, 0.1642, 0.1619, 0.1615, 0.1596, 0.1585, 0.1547, 0.1563, 0.1646, 0.1744, 0.1702, 0.1698, 0.1657, 0.1613, 0.1591, 0.1627, 0.161, 0.155, 0.1514, 0.1496, 0.1627, 0.1622, 0.1588, 0.159, 0.1541]","[0.190556, 0.190334, 0.189912, 0.18949, 0.188968, 0.188346, 0.187624, 0.186802, 0.18588, 0.184858, 0.183836, 0.182814, 0.181792, 0.18077, 0.179748, 0.178726, 0.177704, 0.176682, 0.17566, 0.174638, 0.173616, 0.172594, 0.171572, 0.17055, 0.169528, 0.190556, 0.190334, 0.189912, 0.18949, 0.188968]"
Qwen/Qwen2.5-3B-Instruct,XLMUSDT,28,0.0197,11.77,0,0,"[0.1557, 0.1515, 0.1595, 0.1569, 0.1522, 0.1504, 0.1482, 0.1508, 0.1586, 0.1592, 0.16, 0.1641, 0.1665, 0.1693, 0.176, 0.1736, 0.1702, 0.1654, 0.1654, 0.1621, 0.156, 0.1668, 0.1738, 0.1774, 0.1738, 0.1674, 0.168, 0.1645, 0.1674, 0.1673]","[0.1523, 0.1514, 0.1505, 0.1496, 0.1487, 0.1478, 0.1469, 0.146, 0.1451, 0.1442, 0.1433, 0.1424, 0.1415, 0.1406, 0.1397, 0.1388, 0.1379, 0.137, 0.1361, 0.1352, 0.1343, 0.1334, 0.1325, 0.1316, 0.1523, 0.1514, 0.1505, 0.1496, 0.1487, 0.1478]"
Qwen/Qwen2.5-3B-Instruct,XRPUSDT,28,0.1835,8.77,0,0,"[1.8799, 2.0069, 2.0182, 2.0909, 2.3478, 2.3042, 2.1657, 2.1232, 2.0958, 2.0907, 2.0745, 2.054, 2.1655, 2.1394, 2.0789, 2.0678, 2.0631, 1.9914, 1.986, 1.89, 1.9476, 1.9236, 1.9196, 1.9143, 1.8356, 1.9041, 1.9158, 1.9111, 1.8076, 1.7352]","[1.8422, 1.8421, 1.842, 1.8419, 1.8418, 1.8417, 1.8416, 1.8415, 1.8414, 1.8413, 1.8412, 1.8411, 1.841, 1.8409, 1.8408, 1.8407, 1.8406, 1.8405, 1.8404, 1.8403, 1.8402, 1.8401, 1.84, 1.8399, 1.8398, 1.8422, 1.8421, 1.842, 1.8419, 1.8418]"
Qwen/Qwen2.5-3B-Instruct,XRPUSDT,28,0.1531,10.96,0,0,"[1.6472, 1.5908, 1.6198, 1.5791, 1.512, 1.2146, 1.4698, 1.4231, 1.4308, 1.437, 1.3999, 1.3697, 1.3635, 1.4071, 1.5094, 1.4753, 1.4876, 1.4743, 1.4219, 1.4068, 1.4292, 1.4304, 1.3932, 1.3518, 1.3482, 1.4339, 1.4027, 1.3562, 1.3762, 1.3524]","[1.7247, 1.7142, 1.6937, 1.6732, 1.6527, 1.6322, 1.6117, 1.5912, 1.5707, 1.5502, 1.5297, 1.5092, 1.4887, 1.4682, 1.4477, 1.4272, 1.4067, 1.3862, 1.3657, 1.3452, 1.3247, 1.3042, 1.2837, 1.2632, 1.7247, 1.7142, 1.6937, 1.6732, 1.6527, 1.6322]"
Qwen/Qwen2.5-3B-Instruct,XRPUSDT,28,0.0594,4.13,1,0,"[1.39, 1.3607, 1.4309, 1.4037, 1.3633, 1.3567, 1.34, 1.3631, 1.3863, 1.3847, 1.3846, 1.3989, 1.4063, 1.4487, 1.543, 1.5182, 1.4647, 1.4475, 1.4452, 1.4086, 1.3848, 1.4323, 1.416, 1.4145, 1.3609, 1.3257, 1.3333, 1.3278, 1.3242, 1.3411]","[1.3424, 1.3423, 1.3422, 1.3421, 1.342, 1.3419, 1.3418, 1.3417, 1.3416, 1.3415, 1.3414, 1.3413, 1.3412, 1.3411, 1.341, 1.3409, 1.3408, 1.3407, 1.3406, 1.3405, 1.3404, 1.3403, 1.3402, 1.3401, 1.3424, 1.3423, 1.3422, 1.3421, 1.342, 1.3419]"
