Model,Coin,Lookback,MAE_Window,MAPE_Window,Total_Attempts,Final_Style,Actual_30_Days,Predicted_30_Days
mistralai/Ministral-3-3B-Instruct-2512,ADAUSDT,1,0.0377,9.74,2,1,"[0.3565, 0.3949, 0.3893, 0.4007, 0.4211, 0.4194, 0.4022, 0.3956, 0.3914, 0.3886, 0.391, 0.3862, 0.4218, 0.4143, 0.3936, 0.3955, 0.3973, 0.3758, 0.3703, 0.3507, 0.3659, 0.3594, 0.3602, 0.3583, 0.3391, 0.3521, 0.3608, 0.3583, 0.3347, 0.3208]","[0.2, 0.3335, 0.3335, 0.3467, 0.3489, 0.3501, 0.3506, 0.351, 0.3513, 0.3515, 0.3517, 0.3518, 0.3519, 0.3521, 0.3522, 0.3523, 0.3524, 0.3525, 0.3526, 0.3527, 0.3528, 0.3529, 0.353, 0.3531, 0.3532, 0.3533, 0.3534, 0.3535, 0.3536, 0.3537]"
mistralai/Ministral-3-3B-Instruct-2512,ADAUSDT,1,0.2724,100.31,3,1,"[0.2936, 0.2858, 0.2991, 0.2917, 0.2864, 0.2455, 0.2762, 0.2721, 0.2701, 0.2699, 0.262, 0.2559, 0.2643, 0.2728, 0.295, 0.2818, 0.2858, 0.2811, 0.2735, 0.2729, 0.2849, 0.28, 0.2717, 0.2623, 0.2587, 0.2971, 0.287, 0.2776, 0.281, 0.2735]","[0.3, 0.7, 0.3208, 0.3, 1.0, 1.0, 0.3208, 0.3246, 0.3208, 1.015, 0.329, 0.3246, 1.015, 0.3338, 0.329, 1.015, 0.3389, 0.3338, 1.015, 0.3443, 0.3389, 1.015, 0.35, 0.3443, 1.015, 0.3559, 0.35, 1.015, 0.3619, 0.3559]"
mistralai/Ministral-3-3B-Instruct-2512,ADAUSDT,1,0.3073,118.15,2,1,"[0.2771, 0.2625, 0.2763, 0.2692, 0.259, 0.2544, 0.2493, 0.2552, 0.2621, 0.2626, 0.2636, 0.2656, 0.2634, 0.2702, 0.2904, 0.2891, 0.2742, 0.2675, 0.2661, 0.2574, 0.2506, 0.2616, 0.2664, 0.2705, 0.2547, 0.2461, 0.246, 0.2398, 0.2434, 0.2418]","[1.0, 1.0, 1.0, 1.0, 1.0, 1.0, 1.0, 1.0, 1.0, 0.2735, 0.2846, 0.2957, 0.3068, 0.3179, 0.329, 0.3401, 0.3512, 0.3623, 0.3734, 0.3845, 0.3956, 0.4067, 0.4178, 0.4289, 0.4399, 0.451, 0.4621, 0.4732, 0.4843, 0.4954]"
mistralai/Ministral-3-3B-Instruct-2512,ALGOUSDT,1,0.0514,41.96,4,2,"[0.1202, 0.1275, 0.1279, 0.1362, 0.1396, 0.1423, 0.1364, 0.1344, 0.1332, 0.1337, 0.1323, 0.129, 0.1385, 0.1365, 0.128, 0.1303, 0.1315, 0.1228, 0.1209, 0.1143, 0.1177, 0.1188, 0.1203, 0.1186, 0.1147, 0.1221, 0.122, 0.1263, 0.1145, 0.1121]","[0.12, 0.14, 0.16, 0.29, 0.118, 0.122, 0.127, 0.131, 0.136, 0.14, 0.145, 0.149, 0.154, 0.158, 0.163, 0.167, 0.172, 0.176, 0.181, 0.185, 0.19, 0.194, 0.199, 0.203, 0.208, 0.212, 0.217, 0.221, 0.226, 0.23]"
mistralai/Ministral-3-3B-Instruct-2512,ALGOUSDT,1,0.0313,32.61,2,1,"[0.104, 0.1005, 0.1049, 0.1064, 0.1031, 0.0884, 0.0989, 0.0977, 0.0969, 0.096, 0.0917, 0.0891, 0.0918, 0.0941, 0.0997, 0.0959, 0.0947, 0.0931, 0.091, 0.0892, 0.0905, 0.0896, 0.0868, 0.0839, 0.0835, 0.091, 0.088, 0.0866, 0.0879, 0.0856]","[0.3, 0.1121, 0.3, 0.1121, 0.1121, 0.1121, 0.1121, 0.1121, 0.1121, 0.1121, 0.1121, 0.1121, 0.1121, 0.1121, 0.1121, 0.1121, 0.1121, 0.1121, 0.1121, 0.1121, 0.1121, 0.1121, 0.1121, 0.1121, 0.1121, 0.1121, 0.1121, 0.1121, 0.1121, 0.1121]"
mistralai/Ministral-3-3B-Instruct-2512,ALGOUSDT,1,0.0309,35.89,2,1,"[0.088, 0.0861, 0.0888, 0.0873, 0.0844, 0.083, 0.0818, 0.0833, 0.0853, 0.0862, 0.089, 0.0939, 0.091, 0.0926, 0.0972, 0.0947, 0.0901, 0.0893, 0.0898, 0.0868, 0.0855, 0.0875, 0.0872, 0.0875, 0.084, 0.0815, 0.0816, 0.0812, 0.0822, 0.0939]","[0.0924, 0.0978, 0.1032, 0.0856, 0.0856, 0.0856, 0.0907, 0.0907, 0.0958, 0.0958, 0.101, 0.101, 0.1071, 0.1071, 0.1133, 0.1133, 0.1197, 0.1197, 0.1264, 0.1264, 0.1334, 0.1334, 0.1407, 0.1407, 0.1483, 0.1483, 0.1562, 0.1562, 0.1645, 0.1645]"
mistralai/Ministral-3-3B-Instruct-2512,ATOMUSDT,1,0.5992,25.05,2,1,"[2.069, 2.168, 2.239, 2.34, 2.369, 2.532, 2.433, 2.461, 2.592, 2.57, 2.574, 2.487, 2.636, 2.582, 2.477, 2.494, 2.567, 2.426, 2.456, 2.295, 2.382, 2.335, 2.368, 2.334, 2.236, 2.222, 2.244, 2.237, 2.128, 2.112]","[1.93, 1.0, 1.0, 1.93, 2.0, 1.0, 1.93, 2.0, 1.93, 1.93, 1.93, 1.93, 1.93, 1.93, 1.93, 1.93, 1.93, 1.93, 1.93, 1.93, 1.93, 1.93, 1.0, 1.93, 1.93, 1.93, 1.0, 1.93, 1.93, 1.93]"
mistralai/Ministral-3-3B-Instruct-2512,ATOMUSDT,1,0.7093,35.49,2,1,"[1.971, 1.91, 1.982, 2.036, 1.995, 1.819, 1.987, 1.989, 1.95, 1.96, 1.922, 1.945, 1.968, 2.122, 2.186, 2.137, 2.292, 2.242, 2.346, 2.292, 2.358, 2.314, 2.25, 2.12, 1.992, 1.942, 1.879, 1.849, 1.849, 1.799]","[2.112, 2.112, 2.112, 2.14766, 2.184903, 2.22395, 2.264718, 2.307211, 2.351441, 2.397441, 2.445318, 2.495076, 2.546726, 2.599378, 2.65393, 2.7094, 2.7668, 2.826241, 2.887743, 2.951326, 3.016999, 3.085773, 3.157768, 3.232994, 3.309571, 3.388539, 3.469908, 3.553788, 3.640299, 3.73045]"
mistralai/Ministral-3-3B-Instruct-2512,ATOMUSDT,1,0.3215,18.11,2,1,"[1.843, 1.814, 1.879, 1.84, 1.809, 1.785, 1.738, 1.743, 1.788, 1.84, 1.838, 1.862, 1.87, 1.861, 1.978, 1.961, 1.909, 1.811, 1.834, 1.793, 1.769, 1.786, 1.787, 1.765, 1.699, 1.676, 1.666, 1.646, 1.665, 1.707]","[2.0, 1.0, 1.0, 2.0, 1.0, 1.0, 1.799, 2.0, 1.0, 1.0, 1.845, 1.86, 1.875, 1.89, 1.905, 1.92, 1.935, 1.95, 1.965, 1.98, 1.995, 2.01, 2.025, 2.04, 2.055, 2.07, 2.085, 2.099, 2.114, 2.128]"
mistralai/Ministral-3-3B-Instruct-2512,AVAXUSDT,1,17.046,139.7,2,1,"[13.59, 13.82, 13.99, 14.25, 14.45, 14.59, 14.11, 13.89, 13.79, 13.74, 13.7, 13.53, 14.75, 14.6, 13.82, 13.59, 13.75, 12.98, 12.74, 12.09, 12.42, 12.2, 12.13, 12.05, 11.49, 11.72, 12.14, 12.07, 11.04, 10.87]","[12.32, 30.0, 13.0, 13.76, 14.54, 15.38, 16.29, 17.25, 18.26, 19.33, 20.46, 21.65, 22.91, 24.24, 25.64, 27.12, 28.67, 30.3, 31.99, 33.76, 35.62, 37.66, 39.88, 42.2, 44.69, 47.37, 49.23, 52.19, 55.35, 58.72]"
mistralai/Ministral-3-3B-Instruct-2512,AVAXUSDT,1,5.0407,55.02,2,1,"[10.12, 9.91, 10.14, 9.93, 9.72, 8.32, 9.28, 9.23, 9.08, 9.06, 8.76, 8.63, 8.9, 9.14, 9.59, 9.29, 9.26, 9.14, 8.86, 8.91, 9.17, 9.12, 8.87, 8.36, 8.29, 9.51, 9.31, 8.95, 9.16, 9.04]","[12.54, 13.21, 13.96, 30.0, 10.87, 11.03, 11.2, 11.38, 11.56, 11.75, 11.95, 12.16, 12.38, 12.6, 12.83, 13.07, 13.32, 13.58, 13.85, 14.13, 14.42, 14.72, 15.03, 15.35, 15.68, 16.02, 16.37, 16.73, 17.1, 17.48]"
mistralai/Ministral-3-3B-Instruct-2512,AVAXUSDT,1,2.893,30.9,2,1,"[9.17, 9.18, 9.5, 9.39, 9.01, 8.91, 8.82, 9.26, 9.53, 9.55, 9.67, 9.72, 9.73, 9.95, 10.49, 10.2, 9.69, 9.48, 9.56, 9.21, 9.03, 9.56, 9.62, 9.68, 9.11, 8.79, 8.75, 8.6, 8.81, 8.91]","[30.0, 8.75, 8.6, 8.45, 8.3, 8.15, 8.0, 7.85, 7.7, 7.55, 7.4, 7.25, 7.1, 7.0, 6.9, 6.8, 6.75, 6.7, 6.65, 6.6, 6.55, 6.5, 6.45, 6.4, 6.35, 6.3, 6.25, 6.2, 6.15, 6.1]"
mistralai/Ministral-3-3B-Instruct-2512,BCHUSDT,1,25.21,4.13,2,1,"[593.2, 609.8, 654.5, 639.1, 645.2, 638.2, 629.2, 632.0, 634.7, 643.9, 649.1, 621.7, 617.0, 597.4, 590.8, 599.5, 594.1, 591.4, 584.0, 573.2, 584.8, 599.2, 595.7, 593.6, 572.2, 578.7, 600.2, 591.1, 554.1, 553.2]","[599.5, 599.5, 599.5, 599.5, 599.5, 599.5, 599.5, 599.5, 599.5, 599.5, 599.5, 599.5, 599.5, 599.5, 599.5, 509.6, 599.5, 599.5, 599.5, 599.5, 599.5, 599.5, 599.5, 599.5, 599.5, 599.5, 599.5, 599.5, 599.5, 599.5]"
mistralai/Ministral-3-3B-Instruct-2512,BCHUSDT,1,60.8747,12.25,2,1,"[507.5, 516.2, 539.7, 527.1, 532.5, 453.9, 523.2, 525.1, 527.0, 533.0, 524.3, 516.2, 503.0, 563.9, 562.9, 553.5, 569.2, 563.4, 558.0, 560.4, 562.4, 564.1, 570.7, 495.8, 484.8, 492.9, 478.4, 461.5, 457.6, 441.7]","[553.2, 564.98, 569.74, 573.83, 577.27, 580.09, 582.36, 584.2, 585.69, 586.85, 587.68, 553.2, 588.29, 588.68, 588.9, 589.02, 589.07, 589.05, 589.0, 588.94, 588.88, 588.82, 588.76, 588.7, 588.64, 588.58, 588.52, 588.46, 588.4, 588.34]"
mistralai/Ministral-3-3B-Instruct-2512,BCHUSDT,1,59.8467,12.97,3,1,"[445.3, 443.9, 466.9, 461.6, 449.7, 450.2, 443.1, 444.6, 447.1, 455.1, 455.2, 461.0, 467.6, 469.7, 478.8, 470.7, 456.9, 455.6, 474.6, 462.6, 467.4, 478.0, 477.4, 473.6, 461.9, 472.9, 481.2, 452.7, 460.3, 466.5]","[452.8, 463.9, 475.0, 486.1, 497.2, 508.3, 519.4, 520.5, 521.6, 522.7, 523.8, 524.9, 526.0, 527.1, 528.2, 529.3, 530.4, 531.5, 532.6, 533.7, 534.8, 535.9, 537.0, 538.1, 539.2, 539.3, 540.4, 541.5, 542.6, 543.7]"
mistralai/Ministral-3-3B-Instruct-2512,BNBUSDT,1,65.7443,7.41,3,1,"[864.39, 881.25, 878.63, 895.43, 910.31, 917.64, 900.3, 892.26, 896.86, 907.93, 904.32, 905.78, 943.73, 948.47, 931.2, 938.16, 947.12, 932.51, 923.6, 884.2, 883.36, 888.06, 891.63, 887.17, 866.02, 879.41, 898.36, 902.91, 868.69, 858.81]","[864.3, 864.3, 870.94, 877.68, 884.44, 891.22, 898.02, 904.86, 911.74, 918.67, 925.65, 932.69, 939.78, 946.92, 954.09, 961.31, 968.59, 975.92, 983.31, 990.76, 998.27, 1005.84, 1013.47, 1021.16, 1028.91, 1036.72, 1044.59, 1052.52, 1060.51, 1068.56]"
mistralai/Ministral-3-3B-Instruct-2512,BNBUSDT,1,547.072,87.79,2,1,"[781.38, 758.54, 773.94, 754.78, 697.27, 608.3, 657.21, 647.0, 639.93, 636.39, 619.85, 608.11, 614.29, 618.94, 632.77, 615.16, 627.19, 617.74, 604.8, 607.83, 625.91, 625.61, 614.8, 596.41, 583.6, 629.42, 625.74, 614.03, 617.14, 617.96]","[879.46, 899.99, 920.53, 941.16, 961.89, 982.73, 1003.66, 1024.7, 1045.83, 1067.07, 1088.41, 1109.85, 1131.4, 1153.04, 1174.78, 1196.63, 1218.58, 1240.63, 1262.78, 1285.03, 1307.38, 1329.83, 1352.38, 1375.03, 1397.78, 1420.63, 1443.58, 1466.63, 1489.78, 1513.03]"
mistralai/Ministral-3-3B-Instruct-2512,BNBUSDT,1,20.6267,3.19,2,1,"[637.79, 633.56, 657.99, 647.85, 627.31, 620.26, 611.98, 634.64, 642.0, 651.46, 651.72, 655.73, 657.7, 673.77, 679.71, 668.61, 652.27, 639.15, 642.11, 630.7, 626.41, 639.11, 638.3, 647.66, 628.86, 613.95, 611.08, 606.09, 609.29, 617.43]","[617.96, 618.45, 618.94, 619.43, 620.02, 620.61, 621.2, 621.8, 622.4, 623.0, 623.6, 624.2, 624.8, 625.4, 626.0, 626.6, 627.2, 627.8, 628.4, 629.0, 629.6, 630.2, 630.8, 631.4, 632.0, 632.6, 633.2, 633.8, 634.4, 635.0]"
mistralai/Ministral-3-3B-Instruct-2512,BTCUSDT,1,3377.0947,3.66,3,1,"[88839.04, 89995.13, 90628.01, 91529.73, 93859.71, 93747.97, 91364.16, 91099.99, 90641.28, 90504.7, 91013.65, 91296.2, 95414.0, 96951.78, 95604.8, 95550.94, 95147.77, 93673.14, 92631.0, 88427.66, 89454.73, 89559.67, 89600.26, 89225.34, 86670.36, 88347.08, 89250.0, 89299.99, 84650.16, 84260.49]","[87648.22, 87698.22, 87748.22, 87798.22, 87848.22, 87898.22, 87948.22, 87998.22, 88048.22, 88098.22, 88148.22, 88198.22, 88248.22, 88298.22, 88348.22, 88398.22, 88448.22, 88498.22, 88548.22, 88598.22, 88648.22, 88698.22, 88748.22, 88798.22, 88848.22, 88898.22, 88948.22, 88998.22, 89048.22, 89098.22]"
mistralai/Ministral-3-3B-Instruct-2512,BTCUSDT,1,22422.272,33.09,2,1,"[78741.09, 76968.21, 78738.61, 75770.21, 73165.83, 62909.86, 70580.26, 69289.38, 70330.38, 70138.0, 68841.29, 67082.52, 66272.17, 68853.96, 69822.95, 68832.58, 68892.43, 67503.52, 66461.0, 67003.73, 68020.01, 67975.93, 67643.4, 64656.02, 64058.15, 67988.04, 67485.18, 65872.1, 66973.26, 65776.47]","[84260.49, 84760.49, 85260.49, 85760.49, 86260.49, 86760.49, 87260.49, 87760.49, 88260.49, 88760.49, 89260.49, 89760.49, 90260.49, 90760.49, 91260.49, 91760.49, 92260.49, 92760.49, 93260.49, 93760.49, 94260.49, 94760.49, 95260.49, 95760.49, 96260.49, 96760.49, 97260.49, 97760.49, 98260.49, 98760.49]"
mistralai/Ministral-3-3B-Instruct-2512,BTCUSDT,1,2912.694,4.12,2,1,"[68830.06, 68338.0, 72666.77, 70890.72, 68114.02, 67262.91, 65971.2, 68432.16, 69948.63, 70191.86, 70541.34, 70930.0, 71211.95, 72815.24, 74884.67, 73909.36, 71246.54, 69930.0, 70510.73, 68918.12, 67859.0, 70906.45, 70556.74, 71336.53, 68820.31, 66407.28, 66377.03, 66010.93, 66797.37, 68284.48]","[65890.0, 65995.0, 66100.0, 66205.0, 66310.0, 66415.0, 66520.0, 66625.0, 66730.0, 66835.0, 66940.0, 67045.0, 67150.0, 67255.0, 67360.0, 67465.0, 67570.0, 67675.0, 67780.0, 67885.0, 67990.0, 68095.0, 68200.0, 68305.0, 68410.0, 68515.0, 68620.0, 68725.0, 68830.0, 68935.0]"
mistralai/Ministral-3-3B-Instruct-2512,DOGEUSDT,1,0.0277,19.95,2,1,"[0.12683, 0.14188, 0.14315, 0.14953, 0.15171, 0.15055, 0.14642, 0.14194, 0.14071, 0.13965, 0.13801, 0.13662, 0.14828, 0.14718, 0.14004, 0.13813, 0.13788, 0.13164, 0.12916, 0.12336, 0.12654, 0.12437, 0.12477, 0.12423, 0.11945, 0.12236, 0.12619, 0.125, 0.11728, 0.11581]","[0.2, 0.1, 0.1, 0.11747, 0.1, 0.1, 0.2, 0.11747, 0.1, 0.1, 0.2, 0.10349, 0.10349, 0.10586, 0.10729, 0.10877, 0.10939, 0.11006, 0.11079, 0.11157, 0.11239, 0.12209, 0.12299, 0.12393, 0.12491, 0.12593, 0.12699, 0.12809, 0.12923, 0.13042]"
mistralai/Ministral-3-3B-Instruct-2512,DOGEUSDT,1,0.0293,29.98,2,1,"[0.10426, 0.10426, 0.10792, 0.10602, 0.10383, 0.08849, 0.09848, 0.09823, 0.09663, 0.09611, 0.09277, 0.09112, 0.093, 0.09667, 0.11104, 0.10269, 0.10102, 0.10066, 0.09855, 0.09837, 0.10011, 0.09841, 0.09558, 0.09266, 0.09137, 0.10095, 0.09701, 0.09337, 0.09405, 0.0919]","[0.2, 0.11581, 0.11581, 0.11581, 0.2, 0.11581, 0.2, 0.11581, 0.11581, 0.11581, 0.2, 0.11581, 0.11581, 0.11581, 0.11581, 0.11591, 0.11601, 0.11611, 0.11621, 0.11631, 0.11641, 0.11651, 0.11661, 0.11671, 0.11681, 0.11691, 0.11701, 0.11711, 0.11721, 0.11731]"
mistralai/Ministral-3-3B-Instruct-2512,DOGEUSDT,1,0.0099,10.68,2,1,"[0.09356, 0.08997, 0.09893, 0.09356, 0.09129, 0.08993, 0.08915, 0.09049, 0.09452, 0.09288, 0.09475, 0.09596, 0.09604, 0.09738, 0.10304, 0.10015, 0.09526, 0.09354, 0.09416, 0.09135, 0.09015, 0.09415, 0.0951, 0.09618, 0.09205, 0.09011, 0.091, 0.09045, 0.09083, 0.09232]","[0.2, 0.0919, 0.0919, 0.0919, 0.0919, 0.0919, 0.2, 0.0919, 0.0919, 0.0919, 0.0919, 0.0919, 0.0919, 0.0919, 0.0919, 0.0919, 0.0919, 0.0919, 0.0919, 0.0919, 0.0919, 0.0919, 0.0919, 0.0919, 0.0919, 0.0919, 0.0919, 0.0919, 0.0919, 0.0919]"
mistralai/Ministral-3-3B-Instruct-2512,DOTUSDT,1,0.9678,46.15,2,1,"[1.999, 2.166, 2.125, 2.142, 2.208, 2.235, 2.145, 2.111, 2.083, 2.093, 2.07, 2.055, 2.282, 2.226, 2.117, 2.119, 2.179, 2.065, 2.028, 1.897, 1.955, 1.927, 1.926, 1.93, 1.823, 1.875, 1.876, 1.87, 1.736, 1.69]","[2.0, 1.0, 1.0, 2.0, 1.0, 1.0, 1.654, 1.623, 1.601, 1.579, 1.558, 1.537, 1.516, 1.495, 1.474, 1.453, 13.442, 1.432, 1.411, 1.39, 1.369, 1.348, 1.327, 1.306, 1.285, 1.264, 2.0, 1.0, 1.0, 1.75]"
mistralai/Ministral-3-3B-Instruct-2512,DOTUSDT,1,0.9758,70.55,2,1,"[1.547, 1.495, 1.543, 1.5, 1.461, 1.248, 1.368, 1.372, 1.337, 1.32, 1.283, 1.256, 1.283, 1.33, 1.421, 1.357, 1.376, 1.347, 1.311, 1.287, 1.341, 1.36, 1.313, 1.265, 1.238, 1.663, 1.609, 1.599, 1.662, 1.534]","[1.69, 1.0, 1.74, 1.79, 1.84, 1.89, 1.94, 1.99, 2.04, 2.09, 2.14, 2.19, 2.24, 2.29, 2.34, 2.39, 2.44, 2.49, 2.54, 2.59, 2.64, 2.69, 2.74, 2.79, 2.84, 2.89, 2.94, 2.99, 3.04, 3.09]"
mistralai/Ministral-3-3B-Instruct-2512,DOTUSDT,1,0.4613,32.16,2,1,"[1.509, 1.533, 1.541, 1.53, 1.488, 1.448, 1.452, 1.494, 1.486, 1.522, 1.518, 1.464, 1.414, 1.441, 1.64, 1.62, 1.577, 1.521, 1.499, 1.468, 1.413, 1.421, 1.401, 1.363, 1.321, 1.292, 1.259, 1.261, 1.243, 1.253]","[1.536, 1.538, 1.54, 1.542, 1.544, 1.546, 1.548, 1.55, 1.552, 1.554, 1.556, 1.558, 1.56, 1.562, 1.564, 1.566, 1.568, 1.57, 1.572, 11.574, 1.576, 1.578, 1.58, 1.582, 1.584, 1.586, 1.588, 1.59, 1.592, 1.594]"
mistralai/Ministral-3-3B-Instruct-2512,ETCUSDT,1,1.4533,11.76,2,1,"[12.06, 12.52, 12.56, 12.82, 13.31, 13.37, 12.88, 12.61, 12.61, 12.54, 12.37, 12.26, 13.29, 13.2, 12.65, 12.76, 12.85, 12.24, 12.03, 11.54, 11.66, 11.58, 11.67, 11.59, 11.14, 11.39, 11.58, 11.55, 10.81, 10.6]","[11.48, 30.0, 11.48, 11.51, 11.54, 11.57, 11.6, 11.63, 11.66, 11.69, 11.72, 11.75, 11.78, 11.81, 11.84, 11.87, 11.9, 11.93, 11.96, 11.99, 12.02, 12.05, 12.08, 12.11, 12.14, 12.17, 12.2, 12.23, 12.26, 12.29]"
mistralai/Ministral-3-3B-Instruct-2512,ETCUSDT,1,5.9963,66.45,1,0,"[9.76, 9.5, 9.81, 9.57, 9.34, 8.06, 8.84, 8.78, 8.57, 8.59, 8.33, 8.14, 8.25, 8.53, 9.0, 8.74, 8.84, 8.68, 8.44, 8.27, 8.76, 9.05, 8.52, 8.36, 8.3, 9.15, 8.86, 8.65, 8.68, 8.47]","[78.0, 10.9, 11.02, 11.14, 11.26, 11.38, 11.5, 11.62, 11.74, 11.86, 11.98, 12.1, 12.22, 12.34, 12.46, 12.58, 12.7, 12.82, 12.94, 13.06, 13.18, 13.3, 13.42, 13.54, 13.66, 13.78, 13.9, 13.99, 14.11, 14.23]"
mistralai/Ministral-3-3B-Instruct-2512,ETCUSDT,1,3.7613,44.3,2,1,"[8.72, 8.49, 8.85, 8.65, 8.25, 8.12, 7.99, 8.16, 8.23, 8.28, 8.27, 8.49, 8.26, 8.48, 9.03, 8.86, 8.51, 8.34, 8.41, 8.18, 8.03, 8.59, 8.67, 8.68, 8.21, 8.09, 8.04, 7.95, 8.07, 8.19]","[30.0, 8.47, 30.0, 8.47, 30.0, 9.67, 10.12, 10.48, 10.77, 11.0, 11.18, 11.3, 11.37, 11.4, 11.39, 11.34, 11.25, 11.12, 10.95, 10.74, 10.5, 10.23, 9.93, 9.6, 9.25, 8.88, 8.5, 8.1, 7.7, 7.3]"
mistralai/Ministral-3-3B-Instruct-2512,ETHUSDT,1,201.837,6.73,2,1,"[3004.19, 3125.45, 3127.11, 3144.7, 3224.99, 3296.84, 3168.72, 3106.65, 3088.4, 3086.72, 3123.45, 3095.75, 3325.82, 3354.92, 3318.69, 3296.28, 3310.56, 3284.03, 3189.55, 2939.88, 2982.27, 2952.69, 2956.41, 2953.22, 2816.89, 2930.35, 3026.77, 3010.78, 2822.59, 2707.38]","[2971.64, 2984.47, 2997.3, 3010.13, 3022.96, 3035.8, 3048.63, 3061.46, 3074.3, 3087.13, 3099.97, 3112.8, 3125.63, 3138.46, 3151.3, 3164.13, 3176.97, 3189.8, 3202.63, 3215.46, 3228.3, 3241.13, 3253.97, 3266.8, 3279.63, 3292.46, 3305.3, 3318.13, 3330.97, 3343.8]"
mistralai/Ministral-3-3B-Instruct-2512,ETHUSDT,1,526.8133,26.28,2,1,"[2451.95, 2270.15, 2347.02, 2233.72, 2148.26, 1826.83, 2063.38, 2087.08, 2089.74, 2105.02, 2022.67, 1941.18, 1947.85, 2048.72, 2086.59, 1966.58, 1998.33, 1991.66, 1955.91, 1949.08, 1968.88, 1973.35, 1957.82, 1856.3, 1851.94, 2057.48, 2027.68, 1929.84, 1964.51, 1939.71]","[2695.45, 2683.52, 2671.6, 2659.68, 2647.75, 2635.83, 2623.9, 2611.97, 2600.04, 2588.11, 2576.18, 2564.25, 2552.32, 2540.39, 2528.46, 2516.53, 2504.6, 2492.67, 2480.74, 2468.81, 2456.88, 2444.95, 2433.02, 2421.09, 2409.16, 2397.23, 2690.2, 2673.15, 2656.1, 2639.05]"
mistralai/Ministral-3-3B-Instruct-2512,ETHUSDT,1,123.7903,5.75,4,2,"[2027.35, 1982.8, 2127.28, 2072.86, 1978.68, 1969.59, 1937.1, 1992.98, 2036.51, 2051.97, 2073.52, 2092.22, 2096.16, 2178.3, 2352.97, 2317.39, 2203.39, 2137.81, 2146.22, 2084.87, 2053.89, 2152.03, 2156.23, 2169.02, 2060.43, 1992.75, 1994.74, 1984.64, 2026.48, 2105.43]","[1942.5, 1945.6, 1948.8, 2000.0, 1942.5, 1943.1, 1944.8, 1946.2, 1947.9, 1949.5, 1951.2, 1952.9, 1954.6, 1956.3, 1958.0, 1959.7, 1961.4, 1963.1, 1964.8, 1966.5, 1968.2, 1969.9, 1971.6, 1973.3, 1975.0, 1976.7, 1978.4, 1979.9, 1981.6, 1983.3]"
mistralai/Ministral-3-3B-Instruct-2512,FILUSDT,1,0.5168,36.89,2,1,"[1.483, 1.504, 1.494, 1.494, 1.569, 1.593, 1.519, 1.497, 1.488, 1.482, 1.457, 1.461, 1.576, 1.592, 1.504, 1.52, 1.551, 1.45, 1.384, 1.312, 1.348, 1.319, 1.313, 1.315, 1.251, 1.269, 1.272, 1.28, 1.194, 1.176]","[1.0, 1.0, 1.0, 1.0, 1.0, 1.0, 1.298, 1.303, 1.308, 1.313, 1.318, 1.323, 1.328, 1.333, 1.338, 1.343, 1.348, 1.0, 1.0, 1.0, 10.0, 1.295, 1.298, 1.301, 1.304, 1.307, 1.309, 1.312, 1.315, 1.318]"
mistralai/Ministral-3-3B-Instruct-2512,FILUSDT,1,0.28,29.4,2,1,"[1.052, 1.035, 1.083, 1.068, 1.05, 0.883, 0.977, 0.976, 0.934, 0.938, 0.902, 0.879, 0.914, 0.958, 1.015, 0.963, 0.978, 0.96, 0.927, 0.915, 0.958, 0.97, 0.93, 0.891, 0.88, 1.062, 1.026, 0.994, 1.005, 0.964]","[1.176, 1.0, 1.0, 1.176, 1.0, 1.0, 1.1845, 1.193, 1.2016, 1.2102, 1.2188, 1.2274, 1.236, 1.2446, 1.2532, 1.2618, 1.2704, 1.279, 1.2876, 1.2962, 1.3048, 1.3134, 1.322, 1.3306, 1.3392, 1.3478, 1.3564, 1.365, 1.3736, 1.3822]"
mistralai/Ministral-3-3B-Instruct-2512,FILUSDT,1,0.3991,44.14,2,1,"[0.987, 1.0, 1.025, 1.011, 0.978, 0.952, 0.934, 0.939, 0.866, 0.878, 0.877, 0.869, 0.883, 0.895, 0.99, 0.969, 0.925, 0.895, 0.902, 0.882, 0.848, 0.923, 0.923, 0.928, 0.869, 0.839, 0.801, 0.802, 0.816, 0.832]","[2.0, 1.0, 1.0, 2.0, 1.0, 1.0, 0.964, 1.0, 1.0, 2.0, 1.0, 1.0, 2.0, 1.0, 1.0, 1.0, 0.964, 2.0, 0.964, 0.914, 3.0, 0.914, 0.934, 4.0, 0.934, 0.854, 0.854, 0.924, 0.964, 0.958]"
mistralai/Ministral-3-3B-Instruct-2512,LINKUSDT,1,1.573,12.39,3,1,"[12.6, 13.27, 13.23, 13.43, 13.9, 14.04, 13.44, 13.21, 13.14, 13.13, 13.21, 13.08, 14.06, 14.11, 13.8, 13.73, 13.75, 13.32, 12.88, 12.12, 12.4, 12.27, 12.22, 12.2, 11.52, 11.95, 12.03, 11.84, 11.13, 10.79]","[30.0, 12.21, 12.24, 12.27, 12.3, 12.33, 12.36, 12.39, 12.42, 12.45, 12.48, 12.51, 12.54, 12.57, 12.6, 12.63, 12.66, 12.69, 12.72, 12.75, 12.78, 12.81, 12.84, 12.87, 12.9, 12.93, 12.96, 12.99, 13.02, 13.05]"
mistralai/Ministral-3-3B-Instruct-2512,LINKUSDT,1,2.76,30.78,2,1,"[9.99, 9.41, 9.81, 9.49, 9.25, 7.92, 8.88, 8.91, 8.83, 8.83, 8.57, 8.33, 8.41, 8.77, 9.09, 8.79, 8.94, 8.82, 8.6, 8.58, 8.95, 8.87, 8.69, 8.26, 8.19, 9.27, 9.09, 8.71, 8.85, 8.67]","[10.79, 10.79, 30.0, 10.79, 10.84, 10.86, 10.88, 10.9, 10.91, 10.93, 10.94, 10.95, 10.97, 10.98, 10.99, 11.0, 11.01, 11.02, 11.03, 11.04, 11.05, 11.06, 11.07, 11.08, 11.09, 11.1, 11.11, 11.12, 11.13, 11.14]"
mistralai/Ministral-3-3B-Instruct-2512,LINKUSDT,1,1.5663,17.53,2,1,"[8.96, 8.8, 9.35, 9.21, 8.8, 8.7, 8.52, 8.87, 8.99, 8.99, 9.05, 9.08, 9.17, 9.5, 9.92, 9.79, 9.22, 9.04, 9.12, 8.82, 8.68, 9.11, 9.25, 9.37, 8.91, 8.57, 8.44, 8.42, 8.62, 8.78]","[8.67, 8.67, 30.0, 8.67, 8.69, 8.71, 8.73, 8.75, 8.77, 8.79, 8.81, 8.83, 8.85, 8.87, 8.89, 9.0, 9.02, 9.04, 9.06, 9.08, 9.1, 9.12, 9.14, 9.16, 9.18, 9.2, 5.0, 23.0, 9.22, 9.24]"
mistralai/Ministral-3-3B-Instruct-2512,LTCUSDT,1,27.9713,39.62,2,1,"[79.97, 81.93, 82.08, 82.26, 83.46, 83.96, 81.71, 81.31, 81.49, 81.19, 78.79, 76.12, 78.18, 76.67, 72.21, 75.22, 74.92, 72.29, 70.8, 67.12, 68.48, 68.19, 68.07, 68.19, 67.3, 69.72, 70.03, 69.42, 66.24, 65.47]","[79.42, 81.15, 82.89, 84.63, 86.37, 88.11, 89.85, 91.59, 93.33, 95.07, 96.81, 98.55, 100.29, 102.03, 103.77, 105.51, 107.25, 108.99, 110.73, 112.47, 114.21, 115.95, 117.69, 119.43, 111.18, 112.92, 114.66, 116.4, 118.14, 119.88]"
mistralai/Ministral-3-3B-Instruct-2512,LTCUSDT,1,17.9843,33.03,1,0,"[59.53, 58.49, 60.02, 59.48, 58.89, 50.79, 55.02, 55.19, 54.53, 54.45, 53.38, 52.32, 53.15, 55.03, 55.99, 55.08, 55.13, 53.96, 53.32, 52.7, 55.19, 54.9, 53.48, 51.35, 51.15, 56.76, 55.62, 54.56, 54.4, 53.24]","[89.0, 66.32, 66.75, 67.18, 67.61, 68.04, 68.47, 68.89, 69.32, 69.75, 70.18, 70.61, 71.04, 71.47, 71.9, 72.33, 72.76, 73.19, 73.62, 74.05, 74.48, 74.91, 75.34, 75.77, 76.2, 76.63, 77.06, 77.49, 77.92, 78.35]"
mistralai/Ministral-3-3B-Instruct-2512,LTCUSDT,1,2.2763,4.11,1,0,"[54.61, 54.76, 56.77, 55.46, 53.81, 53.58, 52.59, 53.77, 53.87, 54.8, 54.56, 55.3, 54.98, 56.27, 58.7, 58.09, 56.08, 55.54, 56.17, 54.81, 53.51, 55.72, 56.38, 56.65, 54.59, 53.72, 53.85, 53.32, 53.34, 53.95]","[28.0, 53.32, 53.37, 53.42, 53.47, 53.52, 53.57, 53.62, 53.67, 53.72, 53.77, 53.82, 53.87, 53.92, 53.97, 54.02, 54.07, 54.12, 54.17, 54.22, 54.27, 54.32, 54.37, 54.42, 54.47, 54.52, 54.57, 54.62, 54.67, 54.72]"
mistralai/Ministral-3-3B-Instruct-2512,NEARUSDT,1,0.4435,26.26,2,1,"[1.627, 1.692, 1.711, 1.728, 1.774, 1.808, 1.722, 1.686, 1.703, 1.689, 1.702, 1.675, 1.859, 1.799, 1.722, 1.731, 1.751, 1.629, 1.597, 1.506, 1.529, 1.513, 1.509, 1.506, 1.436, 1.463, 1.49, 1.489, 1.375, 1.323]","[1.0, 1.0, 1.514, 1.0, 1.0, 1.514, 0.8, 1.0, 1.2112, 2.0, 1.0, 1.514, 0.8, 1.2112, 1.27696, 3.0, 1.0, 1.514, 0.8, 1.27696, 1.313568, 1.2112, 1.27696, 1.313568, 1.339704, 1.35968, 1.375648, 1.388896, 1.400152, 1.409672]"
mistralai/Ministral-3-3B-Instruct-2512,NEARUSDT,1,0.2607,24.84,2,1,"[1.206, 1.173, 1.2, 1.176, 1.16, 0.976, 1.087, 1.075, 1.038, 1.03, 0.993, 0.962, 0.964, 1.024, 1.086, 1.056, 1.058, 1.044, 1.017, 1.007, 1.054, 1.059, 1.022, 0.981, 0.967, 1.172, 1.127, 1.094, 1.172, 1.15]","[1.323, 1.0, 1.0, 1.323, 0.7, 1.323, 1.323, 1.0, 1.323, 0.7, 1.323, 1.323, 1.323, 1.323, 1.323, 1.323, 1.323, 1.323, 1.323, 1.323, 1.323, 1.323, 1.323, 1.323, 1.323, 1.323, 1.323, 1.323, 1.323, 1.323]"
mistralai/Ministral-3-3B-Instruct-2512,NEARUSDT,1,0.1194,8.93,2,1,"[1.36, 1.358, 1.311, 1.271, 1.227, 1.214, 1.212, 1.235, 1.284, 1.299, 1.368, 1.336, 1.325, 1.35, 1.49, 1.452, 1.386, 1.335, 1.316, 1.281, 1.274, 1.311, 1.292, 1.28, 1.224, 1.18, 1.173, 1.164, 1.162, 1.189]","[1.15, 1.15, 1.0, 1.15, 1.164, 1.1708, 1.17496, 1.177856, 1.180045, 1.181838, 1.183245, 1.18515, 1.185707, 1.186016, 1.186084, 1.185947, 1.185615, 1.1851, 1.18442, 1.183606, 1.18267, 1.181617, 1.180458, 1.179193, 1.177823, 1.17636, 1.174813, 1.17318, 1.171463, 1.169668]"
mistralai/Ministral-3-3B-Instruct-2512,SOLUSDT,1,10.771,7.98,0,0,"[126.9, 132.29, 133.37, 134.12, 137.9, 141.08, 136.39, 138.37, 135.97, 135.84, 139.7, 139.22, 145.51, 146.69, 142.4, 144.89, 143.72, 137.87, 133.44, 125.8, 129.54, 128.47, 127.43, 127.21, 118.85, 124.24, 127.19, 125.35, 117.82, 117.59]","[78.0, 124.91, 125.04, 125.17, 125.29, 125.42, 125.55, 125.68, 125.81, 125.94, 126.07, 126.2, 126.33, 126.46, 126.59, 126.72, 126.85, 126.98, 127.11, 127.24, 127.37, 127.5, 127.63, 127.76, 127.89, 128.02, 128.15, 128.28, 128.41, 128.54]"
mistralai/Ministral-3-3B-Instruct-2512,SOLUSDT,1,36.7047,43.38,2,1,"[105.58, 100.79, 104.55, 97.89, 92.12, 78.35, 87.46, 87.59, 86.99, 86.77, 82.99, 79.3, 78.4, 84.33, 88.06, 86.16, 86.45, 85.08, 81.61, 82.5, 84.67, 85.17, 82.79, 77.9, 78.99, 88.06, 85.91, 81.85, 84.35, 83.6]","[118.6, 119.4, 120.2, 121.0, 121.8, 119.9, 120.7, 121.5, 122.3, 121.4, 122.2, 123.0, 122.1, 123.0, 123.8, 122.9, 123.7, 124.5, 123.6, 124.4, 125.2, 124.3, 125.1, 125.9, 125.0, 125.8, 126.6, 125.7, 126.5, 127.3]"
mistralai/Ministral-3-3B-Instruct-2512,SOLUSDT,1,5.3355,6.18,2,1,"[86.64, 86.97, 90.85, 88.77, 84.7, 83.22, 81.59, 84.96, 85.88, 86.58, 86.84, 88.18, 88.03, 92.3, 96.2, 94.62, 90.08, 88.89, 89.84, 87.56, 86.2, 91.43, 90.8, 91.7, 86.53, 83.11, 82.09, 81.44, 82.54, 83.2]","[83.6, 84.576, 84.9048, 85.18872, 85.392656, 85.523549, 85.608348, 85.650074, 55.960494, 83.6, 84.136, 84.672, 85.208, 85.744, 86.28, 86.816, 87.352, 87.888, 88.424, 88.96, 89.5, 90.04, 90.58, 91.12, 91.66, 92.2, 92.74, 93.28, 93.82, 94.36]"
mistralai/Ministral-3-3B-Instruct-2512,TRXUSDT,1,0.2173,73.82,2,1,"[0.2871, 0.289, 0.2956, 0.2939, 0.2922, 0.2942, 0.2981, 0.295, 0.2984, 0.3024, 0.2995, 0.2998, 0.3071, 0.3047, 0.3126, 0.3096, 0.3188, 0.3178, 0.3119, 0.297, 0.2993, 0.3054, 0.2979, 0.2954, 0.2957, 0.2966, 0.2947, 0.2954, 0.295, 0.2942]","[1.0, 1.0, 1.0, 1.0, 1.0, 1.0, 0.2845, 1.0, 1.0, 1.0, 0.3, 0.297, 0.3, 0.296, 0.303, 0.299, 0.301, 0.304, 0.298, 0.302, 0.305, 0.3, 0.303, 0.299, 0.304, 0.301, 0.302, 0.305, 0.3, 0.303]"
mistralai/Ministral-3-3B-Instruct-2512,TRXUSDT,1,0.2342,83.33,2,1,"[0.2866, 0.2847, 0.2835, 0.2861, 0.2833, 0.2696, 0.2741, 0.2782, 0.2778, 0.2791, 0.2782, 0.2784, 0.28, 0.2823, 0.2826, 0.2805, 0.2846, 0.2821, 0.2788, 0.2849, 0.2854, 0.289, 0.2906, 0.2816, 0.2837, 0.2853, 0.2857, 0.2828, 0.2819, 0.2807]","[1.0, 1.0, 1.0, 1.0, 1.0, 1.0, 0.2942, 1.0, 1.0, 1.0, 0.287, 0.291, 0.295, 0.296, 0.299, 0.301, 0.303, 0.305, 0.307, 0.309, 0.311, 0.313, 0.315, 0.317, 0.319, 0.321, 0.323, 0.325, 0.327, 0.329]"
mistralai/Ministral-3-3B-Instruct-2512,TRXUSDT,1,0.0322,10.76,2,1,"[0.2832, 0.2805, 0.2871, 0.2852, 0.2846, 0.2866, 0.2891, 0.2856, 0.2858, 0.2913, 0.2891, 0.2934, 0.2978, 0.2987, 0.2956, 0.3068, 0.3045, 0.3036, 0.3097, 0.3121, 0.3104, 0.3081, 0.3061, 0.3146, 0.3115, 0.3113, 0.3167, 0.322, 0.32, 0.3133]","[0.3, 0.2807, 0.2946, 0.2959, 0.2967, 0.2973, 0.2978, 0.2983, 0.2987, 0.2991, 0.2995, 0.2998, 0.3, 1.0, 0.3001, 0.3004, 0.3007, 0.3009, 0.3012, 0.3014, 0.3017, 0.3019, 0.3021, 0.3023, 0.3024, 0.3026, 0.3027, 0.3029, 0.303, 0.3031]"
mistralai/Ministral-3-3B-Instruct-2512,UNIUSDT,1,1.6539,30.72,2,1,"[5.809, 6.038, 5.917, 5.85, 6.162, 6.07, 5.726, 5.488, 5.467, 5.476, 5.456, 5.367, 5.73, 5.681, 5.35, 5.315, 5.352, 5.095, 5.026, 4.803, 4.94, 4.836, 4.873, 4.855, 4.637, 4.711, 4.8, 4.82, 4.396, 4.276]","[5.64, 5.64, 30.0, 5.64, 5.64, 5.64, 5.64, 6.0784, 6.0784, 6.0784, 6.0784, 6.1134, 6.1134, 6.1134, 6.1134, 6.1134, 6.1134, 6.1134, 6.1134, 6.1134, 6.1134, 6.1134, 6.1134, 6.1134, 6.1134, 6.1134, 6.1134, 6.1134, 6.1134, 6.1134]"
mistralai/Ministral-3-3B-Instruct-2512,UNIUSDT,1,4.6432,128.13,2,1,"[3.96, 3.837, 3.925, 3.86, 3.801, 3.168, 3.552, 3.539, 3.468, 3.493, 3.36, 3.369, 3.247, 3.398, 3.629, 3.471, 3.601, 3.524, 3.403, 3.391, 3.492, 3.609, 3.491, 3.349, 3.337, 4.055, 3.879, 3.742, 3.811, 3.748]","[30.0, 4.5896, 4.79434, 4.99908, 5.20382, 5.40956, 5.6153, 5.82104, 6.02688, 6.23372, 6.44056, 6.6474, 6.85424, 7.06108, 7.26792, 7.47476, 7.6816, 7.88844, 8.09528, 8.30212, 8.50896, 8.7158, 8.92264, 9.12948, 9.33632, 9.54316, 9.75, 9.95684, 10.16368, 10.37052]"
mistralai/Ministral-3-3B-Instruct-2512,UNIUSDT,1,1.6936,46.69,2,1,"[3.929, 3.912, 3.977, 3.97, 3.848, 3.771, 3.661, 3.861, 3.843, 3.898, 3.918, 4.004, 3.948, 4.069, 4.157, 3.957, 3.681, 3.579, 3.605, 3.486, 3.471, 3.587, 3.609, 3.708, 3.528, 3.388, 3.384, 3.355, 3.48, 3.545]","[2.0, 2.0, 2.0, 3.95, 4.06, 4.17, 4.28, 4.39, 4.5, 4.61, 4.72, 4.83, 4.94, 5.05, 5.16, 5.27, 5.38, 5.49, 5.6, 5.71, 5.82, 5.93, 6.04, 6.15, 6.26, 6.37, 6.48, 6.59, 6.7, 6.81]"
mistralai/Ministral-3-3B-Instruct-2512,XLMUSDT,1,0.1927,84.57,2,1,"[0.2087, 0.2191, 0.2222, 0.233, 0.2526, 0.2438, 0.2342, 0.2302, 0.2284, 0.2264, 0.2244, 0.2193, 0.2386, 0.2361, 0.2285, 0.226, 0.2309, 0.2182, 0.2157, 0.207, 0.2124, 0.2115, 0.2122, 0.2115, 0.2033, 0.2074, 0.2085, 0.2105, 0.1987, 0.1919]","[1.0, 1.0, 1.0, 1.0, 1.0, 1.0, 0.201, 0.204, 0.207, 0.21, 0.213, 0.216, 0.219, 0.222, 0.228, 0.231, 1.0, 0.20301, 0.20604, 0.2091, 0.21228, 0.21557, 0.2189, 0.22234, 0.22589, 0.2295, 0.23323, 0.23701, 0.24089, 0.24488]"
mistralai/Ministral-3-3B-Instruct-2512,XLMUSDT,1,0.0255,15.98,2,1,"[0.181, 0.1751, 0.1787, 0.1758, 0.1714, 0.1471, 0.1642, 0.1619, 0.1615, 0.1596, 0.1585, 0.1547, 0.1563, 0.1646, 0.1744, 0.1702, 0.1698, 0.1657, 0.1613, 0.1591, 0.1627, 0.161, 0.155, 0.1514, 0.1496, 0.1627, 0.1622, 0.1588, 0.159, 0.1541]","[0.1875, 0.1846, 0.1817, 0.1889, 0.196, 0.1931, 0.1902, 0.1873, 0.1844, 0.1815, 0.1887, 0.1958, 0.1929, 0.1901, 0.1872, 0.1843, 0.1814, 0.1886, 0.1957, 0.1928, 0.1899, 0.187, 0.1842, 0.1813, 0.1885, 0.1956, 0.1927, 0.1898, 0.1869, 0.1841]"
mistralai/Ministral-3-3B-Instruct-2512,XLMUSDT,1,0.0157,9.59,3,1,"[0.1557, 0.1515, 0.1595, 0.1569, 0.1522, 0.1504, 0.1482, 0.1508, 0.1586, 0.1592, 0.16, 0.1641, 0.1665, 0.1693, 0.176, 0.1736, 0.1702, 0.1654, 0.1654, 0.1621, 0.156, 0.1668, 0.1738, 0.1774, 0.1738, 0.1674, 0.168, 0.1645, 0.1674, 0.1673]","[0.2, 0.1541, 0.2, 0.1541, 0.2, 0.1541, 0.1541, 0.1541, 0.2, 0.1541, 0.1541, 0.1541, 0.1541, 0.1541, 0.154101, 0.154102, 0.154103, 0.154104, 0.154105, 0.154106, 0.154107, 0.154108, 0.154109, 0.15411, 0.154111, 0.154112, 0.154114, 0.154115, 0.154116, 0.154117]"
mistralai/Ministral-3-3B-Instruct-2512,XRPUSDT,1,0.2896,13.95,2,1,"[1.8799, 2.0069, 2.0182, 2.0909, 2.3478, 2.3042, 2.1657, 2.1232, 2.0958, 2.0907, 2.0745, 2.054, 2.1655, 2.1394, 2.0789, 2.0678, 2.0631, 1.9914, 1.986, 1.89, 1.9476, 1.9236, 1.9196, 1.9143, 1.8356, 1.9041, 1.9158, 1.9111, 1.8076, 1.7352]","[1.8423, 1.0, 1.0, 1.8423, 1.8423, 2.0, 1.8423, 1.0, 1.0, 1.8423, 1.8423, 1.8423, 1.8423, 1.8423, 1.8423, 1.8423, 1.8423, 1.8423, 1.8423, 1.8423, 1.8423, 1.8423, 1.8423, 1.8423, 1.8423, 1.8423, 1.8423, 1.8423, 1.8423, 1.8423]"
mistralai/Ministral-3-3B-Instruct-2512,XRPUSDT,1,1.7468,123.96,2,1,"[1.6472, 1.5908, 1.6198, 1.5791, 1.512, 1.2146, 1.4698, 1.4231, 1.4308, 1.437, 1.3999, 1.3697, 1.3635, 1.4071, 1.5094, 1.4753, 1.4876, 1.4743, 1.4219, 1.4068, 1.4292, 1.4304, 1.3932, 1.3518, 1.3482, 1.4339, 1.4027, 1.3562, 1.3762, 1.3524]","[1.0, 1.0, 1.0, 1.846, 1.957, 2.068, 2.179, 2.29, 2.401, 2.512, 2.623, 2.734, 2.845, 2.956, 3.067, 3.178, 3.289, 3.4, 3.511, 3.622, 3.733, 3.844, 3.955, 4.066, 4.177, 4.288, 4.399, 4.51, 4.621, 4.732]"
mistralai/Ministral-3-3B-Instruct-2512,XRPUSDT,1,0.2785,19.78,2,1,"[1.39, 1.3607, 1.4309, 1.4037, 1.3633, 1.3567, 1.34, 1.3631, 1.3863, 1.3847, 1.3846, 1.3989, 1.4063, 1.4487, 1.543, 1.5182, 1.4647, 1.4475, 1.4452, 1.4086, 1.3848, 1.4323, 1.416, 1.4145, 1.3609, 1.3257, 1.3333, 1.3278, 1.3242, 1.3411]","[1.0, 1.0, 1.0, 1.0, 1.3524, 0.7, 1.0, 1.09668, 2.0, 2.0, 1.0, 1.3524, 0.7, 1.09668, 1.13237, 1.09668, 1.13237, 1.15736, 1.18145, 1.20474, 1.22733, 1.24922, 1.27041, 1.29109, 1.31126, 1.33082, 1.35078, 1.37013, 1.38908, 1.40762]"
mistralai/Ministral-3-3B-Instruct-2512,ADAUSDT,14,0.2021,53.9,2,1,"[0.3565, 0.3949, 0.3893, 0.4007, 0.4211, 0.4194, 0.4022, 0.3956, 0.3914, 0.3886, 0.391, 0.3862, 0.4218, 0.4143, 0.3936, 0.3955, 0.3973, 0.3758, 0.3703, 0.3507, 0.3659, 0.3594, 0.3602, 0.3583, 0.3391, 0.3521, 0.3608, 0.3583, 0.3347, 0.3208]","[0.35, 0.36, 1.0, 1.0, 1.0, 0.3514, 0.3767, 0.373, 0.3662, 0.3711, 0.3628, 0.3566, 0.3434, 0.3496, 0.37, 0.3688, 0.3532, 0.3335, 1.0, 1.0, 1.0, 0.3583, 0.3767, 0.3514, 0.3335, 0.85, 1.0, 1.0, 0.3335, 0.3335]"
mistralai/Ministral-3-3B-Instruct-2512,ADAUSDT,14,0.2314,83.08,2,1,"[0.2936, 0.2858, 0.2991, 0.2917, 0.2864, 0.2455, 0.2762, 0.2721, 0.2701, 0.2699, 0.262, 0.2559, 0.2643, 0.2728, 0.295, 0.2818, 0.2858, 0.2811, 0.2735, 0.2729, 0.2849, 0.28, 0.2717, 0.2623, 0.2587, 0.2971, 0.287, 0.2776, 0.281, 0.2735]","[0.3659, 0.3594, 0.3973, 0.3758, 0.3703, 0.3507, 0.3594, 0.3602, 0.3583, 0.3521, 0.3608, 0.3583, 0.3208, 1.0, 1.0, 1.0, 1.0, 1.0, 1.0, 1.0, 0.4, 0.3208, 0.3283, 0.336, 0.3437, 0.3514, 0.3591, 0.3668, 0.3745, 0.3822]"
mistralai/Ministral-3-3B-Instruct-2512,ADAUSDT,14,0.0387,14.76,2,1,"[0.2771, 0.2625, 0.2763, 0.2692, 0.259, 0.2544, 0.2493, 0.2552, 0.2621, 0.2626, 0.2636, 0.2656, 0.2634, 0.2702, 0.2904, 0.2891, 0.2742, 0.2675, 0.2661, 0.2574, 0.2506, 0.2616, 0.2664, 0.2705, 0.2547, 0.2461, 0.246, 0.2398, 0.2434, 0.2418]","[0.268, 0.265, 0.259, 0.256, 0.253, 0.25, 0.247, 0.244, 0.241, 0.238, 0.235, 0.232, 0.23, 0.227, 0.224, 0.221, 0.218, 0.215, 0.212, 0.209, 0.206, 0.203, 0.2, 0.197, 0.194, 0.191, 0.188, 0.185, 0.185, 0.275]"
mistralai/Ministral-3-3B-Instruct-2512,ALGOUSDT,14,0.0165,12.81,2,1,"[0.1202, 0.1275, 0.1279, 0.1362, 0.1396, 0.1423, 0.1364, 0.1344, 0.1332, 0.1337, 0.1323, 0.129, 0.1385, 0.1365, 0.128, 0.1303, 0.1315, 0.1228, 0.1209, 0.1143, 0.1177, 0.1188, 0.1203, 0.1186, 0.1147, 0.1221, 0.122, 0.1263, 0.1145, 0.1121]","[0.11, 0.116234, 0.115789, 0.115345, 0.114897, 0.114456, 0.114012, 0.113578, 0.113145, 0.112712, 0.112289, 0.111867, 0.111445, 0.111023, 0.110601, 0.11018, 0.10976, 0.10934, 0.10892, 0.108501, 0.108082, 0.107663, 0.107245, 0.106827, 0.10641, 0.106003, 0.105597, 0.105191, 0.104786, 0.104381]"
mistralai/Ministral-3-3B-Instruct-2512,ALGOUSDT,14,0.029,31.79,2,1,"[0.104, 0.1005, 0.1049, 0.1064, 0.1031, 0.0884, 0.0989, 0.0977, 0.0969, 0.096, 0.0917, 0.0891, 0.0918, 0.0941, 0.0997, 0.0959, 0.0947, 0.0931, 0.091, 0.0892, 0.0905, 0.0896, 0.0868, 0.0839, 0.0835, 0.091, 0.088, 0.0866, 0.0879, 0.0856]","[0.125, 0.126, 0.12, 0.1121, 0.1145, 0.1263, 0.122, 0.1221, 0.1202, 0.1205, 0.1208, 0.121, 0.1213, 0.1215, 0.1218, 0.122, 0.1222, 0.1225, 0.1227, 0.123, 0.1232, 0.1235, 0.1237, 0.124, 0.1242, 0.1245, 0.1247, 0.125, 0.1252, 0.1255]"
mistralai/Ministral-3-3B-Instruct-2512,ALGOUSDT,14,0.0077,8.55,2,1,"[0.088, 0.0861, 0.0888, 0.0873, 0.0844, 0.083, 0.0818, 0.0833, 0.0853, 0.0862, 0.089, 0.0939, 0.091, 0.0926, 0.0972, 0.0947, 0.0901, 0.0893, 0.0898, 0.0868, 0.0855, 0.0875, 0.0872, 0.0875, 0.084, 0.0815, 0.0816, 0.0812, 0.0822, 0.0939]","[0.0853, 0.0849, 0.0845, 0.0841, 0.0837, 0.0833, 0.0829, 0.0821, 0.0817, 0.0813, 0.0805, 0.0801, 0.0793, 0.0789, 0.0785, 0.0781, 0.0777, 0.0773, 0.0769, 0.0761, 0.0757, 0.0749, 0.0741, 0.0737, 0.0862, 0.0858, 0.0854, 0.085, 0.0846, 0.0842]"
mistralai/Ministral-3-3B-Instruct-2512,ATOMUSDT,14,0.6442,26.41,2,1,"[2.069, 2.168, 2.239, 2.34, 2.369, 2.532, 2.433, 2.461, 2.592, 2.57, 2.574, 2.487, 2.636, 2.582, 2.477, 2.494, 2.567, 2.426, 2.456, 2.295, 2.382, 2.335, 2.368, 2.334, 2.236, 2.222, 2.244, 2.237, 2.128, 2.112]","[1.98, 2.0, 1.852, 1.965, 1.983, 1.942, 1.971, 1.982, 1.957, 2.08, 2.074, 1.965, 1.93, 1.0, 1.0, 1.0, 1.0, 1.0, 1.0, 1.0, 1.9322, 1.9293, 1.9306, 1.9325, 1.9344, 1.9363, 1.9382, 1.9401, 1.942, 1.9439]"
mistralai/Ministral-3-3B-Instruct-2512,ATOMUSDT,14,0.1948,9.42,2,1,"[1.971, 1.91, 1.982, 2.036, 1.995, 1.819, 1.987, 1.989, 1.95, 1.96, 1.922, 1.945, 1.968, 2.122, 2.186, 2.137, 2.292, 2.242, 2.346, 2.292, 2.358, 2.314, 2.25, 2.12, 1.992, 1.942, 1.879, 1.849, 1.849, 1.799]","[2.2, 2.3, 2.1, 2.0, 3.0, 2.105, 2.098, 2.09, 2.083, 2.076, 2.069, 2.062, 2.055, 2.048, 2.041, 2.034, 2.027, 2.02, 2.013, 2.006, 1.999, 1.992, 1.985, 1.978, 1.971, 1.964, 1.957, 1.95, 1.943, 1.936]"
mistralai/Ministral-3-3B-Instruct-2512,ATOMUSDT,14,0.5583,29.99,2,1,"[1.843, 1.814, 1.879, 1.84, 1.809, 1.785, 1.738, 1.743, 1.788, 1.84, 1.838, 1.862, 1.87, 1.861, 1.978, 1.961, 1.909, 1.811, 1.834, 1.793, 1.769, 1.786, 1.787, 1.765, 1.699, 1.676, 1.666, 1.646, 1.665, 1.707]","[2.3, 2.32, 14.0, 1.79, 1.78, 1.77, 1.76, 1.75, 1.74, 1.73, 1.72, 1.71, 1.7, 1.69, 1.68, 1.67, 1.66, 1.65, 1.64, 1.63, 1.62, 1.61, 1.6, 1.59, 1.58, 1.57, 1.56, 1.55, 1.54, 1.53]"
mistralai/Ministral-3-3B-Instruct-2512,AVAXUSDT,14,2.4517,18.39,2,1,"[13.59, 13.82, 13.99, 14.25, 14.45, 14.59, 14.11, 13.89, 13.79, 13.74, 13.7, 13.53, 14.75, 14.6, 13.82, 13.59, 13.75, 12.98, 12.74, 12.09, 12.42, 12.2, 12.13, 12.05, 11.49, 11.72, 12.14, 12.07, 11.04, 10.87]","[12.75, 12.8, 11.44, 12.26, 12.21, 12.14, 12.42, 12.18, 12.1, 9.0, 12.34, 12.69, 12.64, 12.38, 12.58, 12.32, 30.0, 30.0, 12.45, 12.5, 12.55, 12.6, 12.65, 12.7, 12.75, 12.8, 12.85, 12.9, 12.95, 13.0]"
mistralai/Ministral-3-3B-Instruct-2512,AVAXUSDT,14,2.4053,25.05,2,1,"[10.12, 9.91, 10.14, 9.93, 9.72, 8.32, 9.28, 9.23, 9.08, 9.06, 8.76, 8.63, 8.9, 9.14, 9.59, 9.29, 9.26, 9.14, 8.86, 8.91, 9.17, 9.12, 8.87, 8.36, 8.29, 9.51, 9.31, 8.95, 9.16, 9.04]","[12.6, 12.4, 30.0, 30.0, 12.0, 10.87, 11.0, 10.9, 10.8, 10.7, 10.6, 10.5, 10.4, 10.3, 10.2, 10.1, 10.0, 9.9, 9.8, 9.7, 9.6, 9.5, 9.4, 9.3, 9.2, 9.1, 9.0, 8.9, 8.8, 8.7]"
mistralai/Ministral-3-3B-Instruct-2512,AVAXUSDT,14,3.34,34.96,2,1,"[9.17, 9.18, 9.5, 9.39, 9.01, 8.91, 8.82, 9.26, 9.53, 9.55, 9.67, 9.72, 9.73, 9.95, 10.49, 10.2, 9.69, 9.48, 9.56, 9.21, 9.03, 9.56, 9.62, 9.68, 9.11, 8.79, 8.75, 8.6, 8.81, 8.91]","[9.3, 9.4, 30.0, 9.26, 9.14, 8.86, 8.91, 9.17, 9.12, 8.87, 36.0, 8.29, 9.51, 9.31, 8.95, 9.16, 9.04, 30.0, 30.0, 9.21, 9.08, 8.95, 9.02, 9.1, 9.18, 9.25, 9.31, 9.38, 9.45, 9.52]"
mistralai/Ministral-3-3B-Instruct-2512,BCHUSDT,14,24.2267,4.0,2,1,"[593.2, 609.8, 654.5, 639.1, 645.2, 638.2, 629.2, 632.0, 634.7, 643.9, 649.1, 621.7, 617.0, 597.4, 590.8, 599.5, 594.1, 591.4, 584.0, 573.2, 584.8, 599.2, 595.7, 593.6, 572.2, 578.7, 600.2, 591.1, 554.1, 553.2]","[600.0, 605.0, 610.0, 600.5, 602.3, 604.0, 605.7, 607.3, 700.0, 590.0, 625.0, 610.0, 610.0, 610.0, 595.0, 596.5, 598.0, 599.5, 601.0, 602.5, 604.0, 605.5, 607.0, 608.5, 609.5, 610.0, 610.5, 611.0, 611.5, 612.0]"
mistralai/Ministral-3-3B-Instruct-2512,BCHUSDT,14,63.6633,12.84,2,1,"[507.5, 516.2, 539.7, 527.1, 532.5, 453.9, 523.2, 525.1, 527.0, 533.0, 524.3, 516.2, 503.0, 563.9, 562.9, 553.5, 569.2, 563.4, 558.0, 560.4, 562.4, 564.1, 570.7, 495.8, 484.8, 492.9, 478.4, 461.5, 457.6, 441.7]","[553.2, 591.1, 600.2, 578.7, 572.2, 553.2, 591.1, 600.2, 578.7, 572.2, 580.0, 585.0, 580.0, 582.0, 578.0, 581.0, 583.0, 586.0, 584.0, 587.0, 585.0, 588.0, 590.0, 592.0, 595.0, 598.0, 600.0, 603.0, 605.0, 607.0]"
mistralai/Ministral-3-3B-Instruct-2512,BCHUSDT,14,58.5833,12.68,2,1,"[445.3, 443.9, 466.9, 461.6, 449.7, 450.2, 443.1, 444.6, 447.1, 455.1, 455.2, 461.0, 467.6, 469.7, 478.8, 470.7, 456.9, 455.6, 474.6, 462.6, 467.4, 478.0, 477.4, 473.6, 461.9, 472.9, 481.2, 452.7, 460.3, 466.5]","[575.3, 578.7, 437.2, 442.8, 448.3, 453.9, 459.5, 465.1, 470.7, 476.3, 481.9, 487.5, 493.1, 498.7, 504.3, 509.9, 515.5, 521.1, 526.7, 532.3, 537.9, 543.5, 549.1, 554.7, 560.3, 565.9, 571.5, 577.1, 582.7, 588.3]"
mistralai/Ministral-3-3B-Instruct-2512,BNBUSDT,14,31.8657,3.52,2,1,"[864.39, 881.25, 878.63, 895.43, 910.31, 917.64, 900.3, 892.26, 896.86, 907.93, 904.32, 905.78, 943.73, 948.47, 931.2, 938.16, 947.12, 932.51, 923.6, 884.2, 883.36, 888.06, 891.63, 887.17, 866.02, 879.41, 898.36, 902.91, 868.69, 858.81]","[845.04, 846.58, 829.64, 868.23, 870.15, 872.08, 873.99, 875.87, 877.75, 879.63, 881.5, 883.37, 885.24, 887.11, 888.98, 890.85, 892.72, 894.59, 896.46, 898.33, 900.2, 902.07, 903.94, 905.81, 907.68, 909.55, 911.42, 913.29, 915.16, 917.03]"
mistralai/Ministral-3-3B-Instruct-2512,BNBUSDT,14,223.642,35.26,2,1,"[781.38, 758.54, 773.94, 754.78, 697.27, 608.3, 657.21, 647.0, 639.93, 636.39, 619.85, 608.11, 614.29, 618.94, 632.77, 615.16, 627.19, 617.74, 604.8, 607.83, 625.91, 625.61, 614.8, 596.41, 583.6, 629.42, 625.74, 614.03, 617.14, 617.96]","[947.12, 932.51, 923.6, 947.12, 932.51, 923.6, 884.2, 883.36, 888.06, 887.17, 866.02, 879.41, 898.36, 902.91, 858.81, 854.12, 850.45, 846.78, 843.11, 839.44, 835.77, 832.1, 828.43, 824.76, 821.1, 817.43, 813.76, 810.1, 806.43, 802.76]"
mistralai/Ministral-3-3B-Instruct-2512,BNBUSDT,14,19.6543,3.02,2,1,"[637.79, 633.56, 657.99, 647.85, 627.31, 620.26, 611.98, 634.64, 642.0, 651.46, 651.72, 655.73, 657.7, 673.77, 679.71, 668.61, 652.27, 639.15, 642.11, 630.7, 626.41, 639.11, 638.3, 647.66, 628.86, 613.95, 611.08, 606.09, 609.29, 617.43]","[632.5, 630.8, 628.9, 627.1, 625.3, 623.9, 622.5, 621.2, 620.0, 628.5, 627.3, 626.1, 625.0, 623.8, 622.7, 621.6, 620.5, 619.4, 618.3, 617.2, 616.1, 615.0, 614.0, 613.0, 612.1, 611.2, 610.3, 609.4, 608.5, 607.6]"
mistralai/Ministral-3-3B-Instruct-2512,BTCUSDT,14,3407.9863,3.69,2,1,"[88839.04, 89995.13, 90628.01, 91529.73, 93859.71, 93747.97, 91364.16, 91099.99, 90641.28, 90504.7, 91013.65, 91296.2, 95414.0, 96951.78, 95604.8, 95550.94, 95147.77, 93673.14, 92631.0, 88427.66, 89454.73, 89559.67, 89600.26, 89225.34, 86670.36, 88347.08, 89250.0, 89299.99, 84650.16, 84260.49]","[88658.86, 88620.79, 87486.0, 85516.41, 88136.94, 88360.9, 88658.86, 88620.79, 87669.45, 87225.27, 87369.56, 87877.01, 87237.13, 88485.49, 87648.22, 88700.12, 88743.21, 88786.34, 88829.5, 88872.67, 88915.83, 88959.0, 89002.17, 89045.34, 89088.51, 89131.68, 89174.85, 89218.02, 89261.19, 89304.36]"
mistralai/Ministral-3-3B-Instruct-2512,BTCUSDT,14,13171.782,19.24,2,1,"[78741.09, 76968.21, 78738.61, 75770.21, 73165.83, 62909.86, 70580.26, 69289.38, 70330.38, 70138.0, 68841.29, 67082.52, 66272.17, 68853.96, 69822.95, 68832.58, 68892.43, 67503.52, 66461.0, 67003.73, 68020.01, 67975.93, 67643.4, 64656.02, 64058.15, 67988.04, 67485.18, 65872.1, 66973.26, 65776.47]","[90000.0, 89500.0, 89000.0, 84800.0, 84500.0, 84200.0, 83900.0, 83600.0, 83300.0, 83000.0, 82700.0, 82400.0, 82100.0, 81800.0, 81500.0, 81200.0, 80900.0, 80600.0, 80300.0, 79900.0, 79600.0, 79300.0, 79000.0, 79200.0, 79500.0, 79800.0, 80100.0, 80400.0, 80700.0, 81000.0]"
mistralai/Ministral-3-3B-Instruct-2512,BTCUSDT,14,3059.3373,4.31,2,1,"[68830.06, 68338.0, 72666.77, 70890.72, 68114.02, 67262.91, 65971.2, 68432.16, 69948.63, 70191.86, 70541.34, 70930.0, 71211.95, 72815.24, 74884.67, 73909.36, 71246.54, 69930.0, 70510.73, 68918.12, 67859.0, 70906.45, 70556.74, 71336.53, 68820.31, 66407.28, 66377.03, 66010.93, 66797.37, 68284.48]","[68000.0, 67800.0, 68892.43, 67503.52, 66461.0, 67003.73, 67975.93, 67643.4, 64656.02, 67988.04, 67485.18, 65872.1, 65776.47, 65872.1, 66016.3, 66160.5, 66304.7, 66449.0, 66593.3, 66737.6, 66882.0, 67026.4, 67170.8, 67315.2, 67459.6, 67604.0, 67748.4, 67892.8, 68037.2, 68181.6]"
mistralai/Ministral-3-3B-Instruct-2512,DOGEUSDT,14,0.0208,14.9,2,1,"[0.12683, 0.14188, 0.14315, 0.14953, 0.15171, 0.15055, 0.14642, 0.14194, 0.14071, 0.13965, 0.13801, 0.13662, 0.14828, 0.14718, 0.14004, 0.13813, 0.13788, 0.13164, 0.12916, 0.12336, 0.12654, 0.12437, 0.12477, 0.12423, 0.11945, 0.12236, 0.12619, 0.125, 0.11728, 0.11581]","[0.125, 0.126, 0.116, 0.115, 0.114, 0.113, 0.112, 0.111, 0.11, 0.109, 0.108, 0.107, 0.106, 0.107, 0.108, 0.109, 0.11, 0.111, 0.112, 0.113, 0.114, 0.115, 0.116, 0.117, 0.118, 0.119, 0.12, 0.121, 0.122, 0.123]"
mistralai/Ministral-3-3B-Instruct-2512,DOGEUSDT,14,0.0379,40.14,2,1,"[0.10426, 0.10426, 0.10792, 0.10602, 0.10383, 0.08849, 0.09848, 0.09823, 0.09663, 0.09611, 0.09277, 0.09112, 0.093, 0.09667, 0.11104, 0.10269, 0.10102, 0.10066, 0.09855, 0.09837, 0.10011, 0.09841, 0.09558, 0.09266, 0.09137, 0.10095, 0.09701, 0.09337, 0.09405, 0.0919]","[0.13788, 0.13164, 0.12916, 0.12336, 0.12437, 0.12477, 0.12423, 0.12236, 0.12619, 0.125, 0.11581, 0.6, 0.116123, 0.115846, 0.116299, 0.116376, 0.116428, 0.116471, 0.116514, 0.116557, 0.1166, 0.116643, 0.116686, 0.116729, 0.116772, 0.116815, 0.116858, 0.116901, 0.116944, 0.116987]"
mistralai/Ministral-3-3B-Instruct-2512,DOGEUSDT,14,0.0045,4.82,3,1,"[0.09356, 0.08997, 0.09893, 0.09356, 0.09129, 0.08993, 0.08915, 0.09049, 0.09452, 0.09288, 0.09475, 0.09596, 0.09604, 0.09738, 0.10304, 0.10015, 0.09526, 0.09354, 0.09416, 0.09135, 0.09015, 0.09415, 0.0951, 0.09618, 0.09205, 0.09011, 0.091, 0.09045, 0.09083, 0.09232]","[0.0937, 0.0928, 0.0915, 0.0902, 0.0895, 0.0901, 0.091, 0.092, 0.0935, 0.0945, 0.0955, 0.0965, 0.0975, 0.0985, 0.0995, 0.1005, 0.1015, 0.0995, 0.1005, 0.1015, 0.1025, 0.1035, 0.1009, 0.1019, 0.1029, 0.1039, 0.1049, 0.0928, 0.092, 0.0915]"
mistralai/Ministral-3-3B-Instruct-2512,DOTUSDT,14,0.3051,14.8,2,1,"[1.999, 2.166, 2.125, 2.142, 2.208, 2.235, 2.145, 2.111, 2.083, 2.093, 2.07, 2.055, 2.282, 2.226, 2.117, 2.119, 2.179, 2.065, 2.028, 1.897, 1.955, 1.927, 1.926, 1.93, 1.823, 1.875, 1.876, 1.87, 1.736, 1.69]","[1.79, 1.8, 1.81, 1.759, 1.849, 1.832, 1.802, 1.784, 1.765, 1.738, 1.685, 1.723, 1.91, 1.851, 1.824, 1.811, 1.789, 1.91, 3.0, 3.0, 1.811, 1.789, 1.811, 1.789, 2.0, 1.8, 1.8, 1.795, 1.79, 1.785]"
mistralai/Ministral-3-3B-Instruct-2512,DOTUSDT,14,3.2371,212.74,2,1,"[1.547, 1.495, 1.543, 1.5, 1.461, 1.248, 1.368, 1.372, 1.337, 1.32, 1.283, 1.256, 1.283, 1.33, 1.421, 1.357, 1.376, 1.347, 1.311, 1.287, 1.341, 1.36, 1.313, 1.265, 1.238, 1.663, 1.609, 1.599, 1.662, 1.534]","[1.74, 1.75, 14.0, 1.68, 1.67, 1.66, 1.65, 1.64, 1.63, 1.62, 1.61, 1.6, 1.59, 1.58, 1.57, 1.56, 1.55, 1.54, 1.53, 1.52, 1.51, 1.5, 1.49, 1.48, 14.77, 14.76, 14.75, 14.74, 14.73, 14.72]"
mistralai/Ministral-3-3B-Instruct-2512,DOTUSDT,14,0.1959,13.32,2,1,"[1.509, 1.533, 1.541, 1.53, 1.488, 1.448, 1.452, 1.494, 1.486, 1.522, 1.518, 1.464, 1.414, 1.441, 1.64, 1.62, 1.577, 1.521, 1.499, 1.468, 1.413, 1.421, 1.401, 1.363, 1.321, 1.292, 1.259, 1.261, 1.243, 1.253]","[1.25, 1.27, 2.0, 1.0, 1.0, 2.0, 1.0, 1.0, 1.55, 1.52, 1.5, 1.48, 1.46, 1.44, 1.42, 1.4, 1.38, 1.36, 1.34, 1.32, 1.3, 1.28, 1.26, 1.24, 1.22, 1.2, 1.18, 1.16, 1.14, 1.12]"
mistralai/Ministral-3-3B-Instruct-2512,ETCUSDT,14,4.741,38.01,2,1,"[12.06, 12.52, 12.56, 12.82, 13.31, 13.37, 12.88, 12.61, 12.61, 12.54, 12.37, 12.26, 13.29, 13.2, 12.65, 12.76, 12.85, 12.24, 12.03, 11.54, 11.66, 11.58, 11.67, 11.59, 11.14, 11.39, 11.58, 11.55, 10.81, 10.6]","[12.35, 12.37, 12.21, 14.0, 30.0, 30.0, 11.63, 12.35, 12.37, 12.21, 12.27, 12.07, 12.01, 11.65, 72.0, 12.23, 12.2, 11.93, 11.88, 11.48, 30.0, 30.0, 11.48, 11.55, 11.62, 11.69, 11.76, 11.83, 11.9, 11.97]"
mistralai/Ministral-3-3B-Instruct-2512,ETCUSDT,14,1.202,13.81,2,1,"[9.76, 9.5, 9.81, 9.57, 9.34, 8.06, 8.84, 8.78, 8.57, 8.59, 8.33, 8.14, 8.25, 8.53, 9.0, 8.74, 8.84, 8.68, 8.44, 8.27, 8.76, 9.05, 8.52, 8.36, 8.3, 9.15, 8.86, 8.65, 8.68, 8.47]","[11.67, 11.59, 11.14, 10.75, 10.68, 10.59, 10.52, 10.45, 10.38, 10.31, 10.24, 10.17, 10.1, 9.99, 9.92, 9.85, 9.78, 9.71, 9.64, 9.57, 9.5, 9.43, 9.36, 9.29, 9.22, 9.15, 9.08, 9.01, 8.94, 8.87]"
mistralai/Ministral-3-3B-Instruct-2512,ETCUSDT,14,14.915,179.09,2,1,"[8.72, 8.49, 8.85, 8.65, 8.25, 8.12, 7.99, 8.16, 8.23, 8.28, 8.27, 8.49, 8.26, 8.48, 9.03, 8.86, 8.51, 8.34, 8.41, 8.18, 8.03, 8.59, 8.67, 8.68, 8.21, 8.09, 8.04, 7.95, 8.07, 8.19]","[8.9, 9.0, 14.0, 30.0, 68.0, 8.84, 44.0, 8.68, 27.0, 8.44, 8.27, 5.0, 8.76, 52.0, 9.05, 36.0, 8.52, 30.0, 8.36, 15.0, 8.3, 9.15, 65.0, 8.86, 68.0, 8.65, 47.0, 8.68, 30.0, 30.0]"
mistralai/Ministral-3-3B-Instruct-2512,ETHUSDT,14,168.965,5.37,2,1,"[3004.19, 3125.45, 3127.11, 3144.7, 3224.99, 3296.84, 3168.72, 3106.65, 3088.4, 3086.72, 3123.45, 3095.75, 3325.82, 3354.92, 3318.69, 3296.28, 3310.56, 3284.03, 3189.55, 2939.88, 2982.27, 2952.69, 2956.41, 2953.22, 2816.89, 2930.35, 3026.77, 3010.78, 2822.59, 2707.38]","[2950.91, 2937.9, 2973.69, 2971.64, 2973.2, 2974.8, 2976.4, 2978.0, 2979.6, 2981.2, 2982.8, 2984.4, 2986.0, 2987.6, 2989.2, 2990.8, 2992.4, 2994.0, 2995.6, 2997.2, 2998.8, 3000.4, 3002.0, 3003.6, 3005.2, 3006.8, 3008.4, 3010.0, 3011.6, 3013.2]"
mistralai/Ministral-3-3B-Instruct-2512,ETHUSDT,14,932.7953,46.59,2,1,"[2451.95, 2270.15, 2347.02, 2233.72, 2148.26, 1826.83, 2063.38, 2087.08, 2089.74, 2105.02, 2022.67, 1941.18, 1947.85, 2048.72, 2086.59, 1966.58, 1998.33, 1991.66, 1955.91, 1949.08, 1968.88, 1973.35, 1957.82, 1856.3, 1851.94, 2057.48, 2027.68, 1929.84, 1964.51, 1939.71]","[3310.56, 2707.38, 2707.38, 2822.59, 2822.59, 2850.0, 2822.59, 2850.0, 2875.0, 2900.0, 2925.0, 3050.0, 3075.0, 3100.0, 2825.0, 2840.0, 2860.0, 2880.0, 2950.0, 2970.0, 3000.0, 3020.0, 3040.0, 3060.0, 3080.0, 3100.0, 3120.0, 3140.0, 3160.0, 3180.0]"
mistralai/Ministral-3-3B-Instruct-2512,ETHUSDT,14,89.6443,4.25,2,1,"[2027.35, 1982.8, 2127.28, 2072.86, 1978.68, 1969.59, 1937.1, 1992.98, 2036.51, 2051.97, 2073.52, 2092.22, 2096.16, 2178.3, 2352.97, 2317.39, 2203.39, 2137.81, 2146.22, 2084.87, 2053.89, 2152.03, 2156.23, 2169.02, 2060.43, 1992.75, 1994.74, 1984.64, 2026.48, 2105.43]","[1900.0, 2057.48, 1850.0, 2000.0, 1980.0, 1990.0, 2000.0, 2010.0, 2020.0, 2030.0, 2040.0, 2050.0, 2060.0, 2070.0, 2075.0, 2080.0, 2085.0, 2090.0, 2095.0, 2100.0, 2110.0, 2120.0, 2130.0, 2140.0, 2150.0, 2160.0, 2170.0, 2180.0, 2190.0, 2200.0]"
mistralai/Ministral-3-3B-Instruct-2512,FILUSDT,14,0.1972,13.45,2,1,"[1.483, 1.504, 1.494, 1.494, 1.569, 1.593, 1.519, 1.497, 1.488, 1.482, 1.457, 1.461, 1.576, 1.592, 1.504, 1.52, 1.551, 1.45, 1.384, 1.312, 1.348, 1.319, 1.313, 1.315, 1.251, 1.269, 1.272, 1.28, 1.194, 1.176]","[1.0, 1.0, 1.0, 1.345, 1.352, 1.36, 1.368, 1.375, 1.382, 1.397, 1.404, 1.411, 1.0, 1.0, 1.0, 1.325, 1.33, 1.335, 1.34, 1.345, 1.35, 1.355, 1.36, 1.365, 1.37, 1.375, 1.38, 1.385, 1.39, 1.395]"
mistralai/Ministral-3-3B-Instruct-2512,FILUSDT,14,0.2257,23.89,3,1,"[1.052, 1.035, 1.083, 1.068, 1.05, 0.883, 0.977, 0.976, 0.934, 0.938, 0.902, 0.879, 0.914, 0.958, 1.015, 0.963, 0.978, 0.96, 0.927, 0.915, 0.958, 0.97, 0.93, 0.891, 0.88, 1.062, 1.026, 0.994, 1.005, 0.964]","[1.551, 1.176, 1.0, 1.0, 2.0, 1.0, 1.0, 1.0, 1.0, 1.0, 1.0, 3.0, 1.0, 1.0, 1.0, 1.168, 1.162, 1.155, 1.148, 1.141, 1.134, 1.127, 1.12, 1.113, 1.106, 1.099, 1.092, 1.085, 1.078, 1.071]"
mistralai/Ministral-3-3B-Instruct-2512,FILUSDT,14,0.095,11.04,2,1,"[0.987, 1.0, 1.025, 1.011, 0.978, 0.952, 0.934, 0.939, 0.866, 0.878, 0.877, 0.869, 0.883, 0.895, 0.99, 0.969, 0.925, 0.895, 0.902, 0.882, 0.848, 0.923, 0.923, 0.928, 0.869, 0.839, 0.801, 0.802, 0.816, 0.832]","[0.98, 0.97, 1.0, 1.0, 0.985, 0.978, 0.962, 0.955, 0.968, 0.972, 0.935, 0.905, 0.892, 1.05, 1.028, 1.0, 1.01, 0.968, 0.972, 0.98, 0.99, 1.005, 1.018, 1.03, 1.04, 1.05, 1.06, 1.07, 1.08, 1.09]"
mistralai/Ministral-3-3B-Instruct-2512,LINKUSDT,14,1.3653,10.36,2,1,"[12.6, 13.27, 13.23, 13.43, 13.9, 14.04, 13.44, 13.21, 13.14, 13.13, 13.21, 13.08, 14.06, 14.11, 13.8, 13.73, 13.75, 13.32, 12.88, 12.12, 12.4, 12.27, 12.22, 12.2, 11.52, 11.95, 12.03, 11.84, 11.13, 10.79]","[12.56, 12.6, 12.3, 12.5, 30.0, 12.45, 12.48, 12.5, 12.52, 12.53, 12.55, 12.56, 12.57, 12.58, 12.6, 12.61, 12.62, 12.63, 12.64, 12.65, 12.66, 12.67, 12.68, 12.69, 12.7, 12.71, 12.72, 12.73, 12.74, 12.75]"
mistralai/Ministral-3-3B-Instruct-2512,LINKUSDT,14,1.337,15.06,2,1,"[9.99, 9.41, 9.81, 9.49, 9.25, 7.92, 8.88, 8.91, 8.83, 8.83, 8.57, 8.33, 8.41, 8.77, 9.09, 8.79, 8.94, 8.82, 8.6, 8.58, 8.95, 8.87, 8.69, 8.26, 8.19, 9.27, 9.09, 8.71, 8.85, 8.67]","[11.6, 11.5, 11.4, 10.45, 10.2, 9.95, 9.7, 9.45, 9.2, 9.0, 8.8, 8.6, 8.45, 8.3, 8.15, 8.0, 7.85, 7.7, 7.55, 7.4, 7.25, 7.1, 6.95, 6.8, 6.65, 6.5, 6.35, 6.2, 6.05, 5.9]"
mistralai/Ministral-3-3B-Instruct-2512,LINKUSDT,14,1.636,18.21,2,1,"[8.96, 8.8, 9.35, 9.21, 8.8, 8.7, 8.52, 8.87, 8.99, 8.99, 9.05, 9.08, 9.17, 9.5, 9.92, 9.79, 9.22, 9.04, 9.12, 8.82, 8.68, 9.11, 9.25, 9.37, 8.91, 8.57, 8.44, 8.42, 8.62, 8.78]","[8.94, 8.82, 8.6, 30.0, 8.67, 8.71, 8.85, 8.95, 9.09, 9.27, 9.46, 9.56, 9.65, 9.75, 9.85, 9.95, 10.05, 10.15, 10.25, 10.35, 10.45, 10.55, 10.65, 10.75, 10.85, 10.95, 11.05, 11.15, 10.98, 10.89]"
mistralai/Ministral-3-3B-Instruct-2512,LTCUSDT,14,6.797,9.44,2,1,"[79.97, 81.93, 82.08, 82.26, 83.46, 83.96, 81.71, 81.31, 81.49, 81.19, 78.79, 76.12, 78.18, 76.67, 72.21, 75.22, 74.92, 72.29, 70.8, 67.12, 68.48, 68.19, 68.07, 68.19, 67.3, 69.72, 70.03, 69.42, 66.24, 65.47]","[78.5, 79.0, 74.29, 77.49, 77.84, 76.79, 77.05, 77.01, 75.79, 71.0, 76.87, 80.33, 78.73, 78.32, 78.89, 76.85, 76.85, 77.12, 77.35, 77.68, 77.92, 78.15, 78.39, 78.63, 78.87, 79.11, 79.35, 79.59, 79.83, 80.07]"
mistralai/Ministral-3-3B-Instruct-2512,LTCUSDT,14,13.62,25.02,2,1,"[59.53, 58.49, 60.02, 59.48, 58.89, 50.79, 55.02, 55.19, 54.53, 54.45, 53.38, 52.32, 53.15, 55.03, 55.99, 55.08, 55.13, 53.96, 53.32, 52.7, 55.19, 54.9, 53.48, 51.35, 51.15, 56.76, 55.62, 54.56, 54.4, 53.24]","[75.0, 74.8, 65.62, 65.31, 64.98, 65.15, 65.43, 65.7, 65.97, 66.24, 66.51, 66.78, 67.05, 67.32, 67.59, 67.86, 68.13, 68.4, 68.67, 68.94, 69.21, 69.48, 69.75, 70.02, 70.29, 70.56, 70.83, 71.1, 71.37, 71.64]"
mistralai/Ministral-3-3B-Instruct-2512,LTCUSDT,14,3.7137,6.67,2,1,"[54.61, 54.76, 56.77, 55.46, 53.81, 53.58, 52.59, 53.77, 53.87, 54.8, 54.56, 55.3, 54.98, 56.27, 58.7, 58.09, 56.08, 55.54, 56.17, 54.81, 53.51, 55.72, 56.38, 56.65, 54.59, 53.72, 53.85, 53.32, 53.34, 53.95]","[55.13, 53.96, 53.32, 55.13, 53.96, 53.32, 52.7, 55.19, 54.9, 53.48, 51.35, 56.76, 55.62, 54.56, 54.4, 53.24, 30.0, 30.0, 53.08, 52.85, 52.62, 52.39, 52.16, 51.93, 51.7, 51.47, 51.24, 51.01, 50.78, 50.55]"
mistralai/Ministral-3-3B-Instruct-2512,NEARUSDT,14,0.3869,23.82,2,1,"[1.627, 1.692, 1.711, 1.728, 1.774, 1.808, 1.722, 1.686, 1.703, 1.689, 1.702, 1.675, 1.859, 1.799, 1.722, 1.731, 1.751, 1.629, 1.597, 1.506, 1.529, 1.513, 1.509, 1.506, 1.436, 1.463, 1.49, 1.489, 1.375, 1.323]","[1.427, 1.539, 1.523, 1.509, 1.505, 1.455, 1.439, 1.519, 1.595, 1.524, 1.516, 1.514, 2.0, 1.0, 1.0, 2.0, 1.0, 1.0, 4.0, 4.0, 1.0, 1.518, 1.521, 1.515, 1.508, 1.503, 1.497, 1.49, 1.483, 1.487]"
mistralai/Ministral-3-3B-Instruct-2512,NEARUSDT,14,0.7407,66.7,2,1,"[1.206, 1.173, 1.2, 1.176, 1.16, 0.976, 1.087, 1.075, 1.038, 1.03, 0.993, 0.962, 0.964, 1.024, 1.086, 1.056, 1.058, 1.044, 1.017, 1.007, 1.054, 1.059, 1.022, 0.981, 0.967, 1.172, 1.127, 1.094, 1.172, 1.15]","[1.48, 1.46, 1.45, 1.0, 14.0, 2.0, 3.0, 1.323, 1.318, 1.315, 1.312, 1.309, 1.306, 1.303, 1.299, 1.296, 1.293, 1.29, 1.287, 1.284, 1.281, 1.278, 1.275, 1.272, 1.269, 1.266, 1.263, 1.26, 1.257, 1.254]"
mistralai/Ministral-3-3B-Instruct-2512,NEARUSDT,14,0.2287,17.46,2,1,"[1.36, 1.358, 1.311, 1.271, 1.227, 1.214, 1.212, 1.235, 1.284, 1.299, 1.368, 1.336, 1.325, 1.35, 1.49, 1.452, 1.386, 1.335, 1.316, 1.281, 1.274, 1.311, 1.292, 1.28, 1.224, 1.18, 1.173, 1.164, 1.162, 1.189]","[1.0, 1.185, 1.178, 1.17, 1.163, 1.156, 1.149, 1.142, 1.135, 1.128, 1.121, 1.172, 1.114, 1.107, 1.1, 0.993, 0.986, 0.979, 0.972, 0.965, 0.958, 0.951, 0.968, 0.975, 0.982, 0.99, 1.0, 1.01, 1.02, 1.03]"
mistralai/Ministral-3-3B-Instruct-2512,SOLUSDT,14,10.2353,7.49,2,1,"[126.9, 132.29, 133.37, 134.12, 137.9, 141.08, 136.39, 138.37, 135.97, 135.84, 139.7, 139.22, 145.51, 146.69, 142.4, 144.89, 143.72, 137.87, 133.44, 125.8, 129.54, 128.47, 127.43, 127.21, 118.85, 124.24, 127.19, 125.35, 117.82, 117.59]","[122.5, 123.0, 119.6, 126.27, 125.81, 126.03, 124.01, 122.53, 120.06, 124.73, 125.27, 123.28, 124.65, 124.3, 124.8, 125.2, 125.7, 126.1, 126.5, 126.8, 127.1, 127.3, 127.5, 127.6, 127.7, 127.8, 127.9, 128.0, 128.1, 128.2]"
mistralai/Ministral-3-3B-Instruct-2512,SOLUSDT,14,57.0313,67.42,2,1,"[105.58, 100.79, 104.55, 97.89, 92.12, 78.35, 87.46, 87.59, 86.99, 86.77, 82.99, 79.3, 78.4, 84.33, 88.06, 86.16, 86.45, 85.08, 81.61, 82.5, 84.67, 85.17, 82.79, 77.9, 78.99, 88.06, 85.91, 81.85, 84.35, 83.6]","[136.2, 135.8, 121.5, 123.1, 125.7, 127.3, 129.0, 130.6, 132.2, 133.8, 135.4, 137.0, 138.6, 140.2, 141.8, 143.4, 145.0, 146.6, 148.2, 149.8, 151.4, 153.0, 154.6, 156.2, 157.8, 159.4, 161.0, 162.6, 164.2, 165.8]"
mistralai/Ministral-3-3B-Instruct-2512,SOLUSDT,14,7.9613,9.01,2,1,"[86.64, 86.97, 90.85, 88.77, 84.7, 83.22, 81.59, 84.96, 85.88, 86.58, 86.84, 88.18, 88.03, 92.3, 96.2, 94.62, 90.08, 88.89, 89.84, 87.56, 86.2, 91.43, 90.8, 91.7, 86.53, 83.11, 82.09, 81.44, 82.54, 83.2]","[86.45, 85.08, 81.61, 82.5, 84.67, 82.79, 77.9, 78.99, 88.06, 81.85, 84.35, 83.6, 83.56, 82.79, 81.85, 80.91, 80.0, 79.14, 78.33, 77.57, 76.86, 76.2, 75.6, 75.05, 74.55, 74.1, 73.7, 73.35, 73.05, 72.8]"
mistralai/Ministral-3-3B-Instruct-2512,TRXUSDT,14,0.008,2.62,2,1,"[0.2871, 0.289, 0.2956, 0.2939, 0.2922, 0.2942, 0.2981, 0.295, 0.2984, 0.3024, 0.2995, 0.2998, 0.3071, 0.3047, 0.3126, 0.3096, 0.3188, 0.3178, 0.3119, 0.297, 0.2993, 0.3054, 0.2979, 0.2954, 0.2957, 0.2966, 0.2947, 0.2954, 0.295, 0.2942]","[0.2868, 0.2872, 0.2875, 0.288, 0.2885, 0.289, 0.2895, 0.29, 0.2905, 0.291, 0.2915, 0.292, 0.2925, 0.293, 0.2935, 0.294, 0.2945, 0.295, 0.2955, 0.296, 0.2965, 0.297, 0.2975, 0.298, 0.2985, 0.299, 0.2995, 0.3, 0.3005, 0.301]"
mistralai/Ministral-3-3B-Instruct-2512,TRXUSDT,14,0.1356,48.16,2,1,"[0.2866, 0.2847, 0.2835, 0.2861, 0.2833, 0.2696, 0.2741, 0.2782, 0.2778, 0.2791, 0.2782, 0.2784, 0.28, 0.2823, 0.2826, 0.2805, 0.2846, 0.2821, 0.2788, 0.2849, 0.2854, 0.289, 0.2906, 0.2816, 0.2837, 0.2853, 0.2857, 0.2828, 0.2819, 0.2807]","[0.2965, 0.2967, 0.297, 0.3188, 0.3178, 0.3119, 0.297, 0.3054, 0.2979, 0.2954, 0.2966, 0.2947, 0.2954, 0.2942, 1.0, 1.0, 1.0, 1.0, 1.0, 0.4, 0.2938, 0.2933, 0.2928, 0.2923, 0.2918, 0.2913, 0.2908, 0.2903, 0.2898, 0.2893]"
mistralai/Ministral-3-3B-Instruct-2512,TRXUSDT,14,0.0915,30.17,2,1,"[0.2832, 0.2805, 0.2871, 0.2852, 0.2846, 0.2866, 0.2891, 0.2856, 0.2858, 0.2913, 0.2891, 0.2934, 0.2978, 0.2987, 0.2956, 0.3068, 0.3045, 0.3036, 0.3097, 0.3121, 0.3104, 0.3081, 0.3061, 0.3146, 0.3115, 0.3113, 0.3167, 0.322, 0.32, 0.3133]","[0.286, 0.287, 0.282, 0.281, 0.28, 0.279, 0.278, 0.277, 0.276, 0.275, 0.274, 0.273, 0.274, 0.276, 1.0, 1.0, 1.0, 0.274, 0.274, 0.274, 0.274, 0.274, 0.274, 0.274, 0.274, 0.274, 0.274, 0.275, 0.275, 0.275]"
mistralai/Ministral-3-3B-Instruct-2512,UNIUSDT,14,3.0945,57.52,3,1,"[5.809, 6.038, 5.917, 5.85, 6.162, 6.07, 5.726, 5.488, 5.467, 5.476, 5.456, 5.367, 5.73, 5.681, 5.35, 5.315, 5.352, 5.095, 5.026, 4.803, 4.94, 4.836, 4.873, 4.855, 4.637, 4.711, 4.8, 4.82, 4.396, 4.276]","[6.0, 5.9, 30.0, 4.96, 5.319, 6.262, 6.117, 6.018, 5.578, 5.815, 5.829, 5.967, 5.995, 5.926, 5.64, 30.0, 30.0, 5.595, 5.638, 5.681, 5.724, 5.767, 5.81, 5.853, 5.896, 5.939, 5.982, 6.025, 6.068, 6.111]"
mistralai/Ministral-3-3B-Instruct-2512,UNIUSDT,14,2.8235,76.05,2,1,"[3.96, 3.837, 3.925, 3.86, 3.801, 3.168, 3.552, 3.539, 3.468, 3.493, 3.36, 3.369, 3.247, 3.398, 3.629, 3.471, 3.601, 3.524, 3.403, 3.391, 3.492, 3.609, 3.491, 3.349, 3.337, 4.055, 3.879, 3.742, 3.811, 3.748]","[4.873, 4.855, 4.637, 30.0, 30.0, 4.276, 4.312, 4.348, 4.384, 4.42, 4.456, 4.492, 4.528, 4.564, 4.6, 4.636, 4.672, 4.708, 4.744, 4.78, 4.816, 4.852, 4.888, 4.924, 4.96, 5.006, 5.052, 5.098, 5.144, 5.19]"
mistralai/Ministral-3-3B-Instruct-2512,UNIUSDT,14,1.1136,28.82,2,1,"[3.929, 3.912, 3.977, 3.97, 3.848, 3.771, 3.661, 3.861, 3.843, 3.898, 3.918, 4.004, 3.948, 4.069, 4.157, 3.957, 3.681, 3.579, 3.605, 3.486, 3.471, 3.587, 3.609, 3.708, 3.528, 3.388, 3.384, 3.355, 3.48, 3.545]","[3.7, 3.8, 2.0, 3.748, 3.748, 3.748, 3.748, 3.748, 3.748, 30.0, 3.824, 3.809, 3.804, 3.799, 3.794, 3.789, 3.784, 3.779, 3.774, 3.769, 3.764, 3.759, 3.754, 3.749, 3.744, 3.739, 3.734, 3.729, 3.724, 3.719]"
mistralai/Ministral-3-3B-Instruct-2512,XLMUSDT,14,0.0177,8.15,2,1,"[0.2087, 0.2191, 0.2222, 0.233, 0.2526, 0.2438, 0.2342, 0.2302, 0.2284, 0.2264, 0.2244, 0.2193, 0.2386, 0.2361, 0.2285, 0.226, 0.2309, 0.2182, 0.2157, 0.207, 0.2124, 0.2115, 0.2122, 0.2115, 0.2033, 0.2074, 0.2085, 0.2105, 0.1987, 0.1919]","[0.215, 0.214, 0.209, 0.21, 0.212, 0.213, 0.215, 0.216, 0.217, 0.218, 0.219, 0.22, 0.221, 0.222, 0.223, 0.224, 0.225, 0.226, 0.227, 0.228, 0.229, 0.23, 0.231, 0.232, 0.233, 0.234, 0.235, 0.236, 0.237, 0.238]"
mistralai/Ministral-3-3B-Instruct-2512,XLMUSDT,14,0.144,86.93,2,1,"[0.181, 0.1751, 0.1787, 0.1758, 0.1714, 0.1471, 0.1642, 0.1619, 0.1615, 0.1596, 0.1585, 0.1547, 0.1563, 0.1646, 0.1744, 0.1702, 0.1698, 0.1657, 0.1613, 0.1591, 0.1627, 0.161, 0.155, 0.1514, 0.1496, 0.1627, 0.1622, 0.1588, 0.159, 0.1541]","[0.216, 0.215, 1.0, 1.0, 1.0, 1.0, 0.2, 0.21, 0.209, 0.208, 0.207, 0.206, 0.205, 0.204, 0.203, 0.202, 0.201, 0.2, 0.199, 0.198, 0.197, 0.196, 0.195, 0.194, 0.193, 0.192, 0.191, 0.19, 0.189, 0.188]"
mistralai/Ministral-3-3B-Instruct-2512,XLMUSDT,14,0.0206,12.32,2,1,"[0.1557, 0.1515, 0.1595, 0.1569, 0.1522, 0.1504, 0.1482, 0.1508, 0.1586, 0.1592, 0.16, 0.1641, 0.1665, 0.1693, 0.176, 0.1736, 0.1702, 0.1654, 0.1654, 0.1621, 0.156, 0.1668, 0.1738, 0.1774, 0.1738, 0.1674, 0.168, 0.1645, 0.1674, 0.1673]","[0.165, 0.163, 0.157, 0.156, 0.155, 0.154, 0.153, 0.152, 0.151, 0.15, 0.149, 0.148, 0.147, 0.146, 0.145, 0.144, 0.143, 0.142, 0.141, 0.14, 0.139, 0.138, 0.137, 0.136, 0.135, 0.134, 0.133, 0.132, 0.131, 0.13]"
mistralai/Ministral-3-3B-Instruct-2512,XRPUSDT,14,0.7629,36.95,2,1,"[1.8799, 2.0069, 2.0182, 2.0909, 2.3478, 2.3042, 2.1657, 2.1232, 2.0958, 2.0907, 2.0745, 2.054, 2.1655, 2.1394, 2.0789, 2.0678, 2.0631, 1.9914, 1.986, 1.89, 1.9476, 1.9236, 1.9196, 1.9143, 1.8356, 1.9041, 1.9158, 1.9111, 1.8076, 1.7352]","[1.85, 1.86, 14.0, 1.0, 1.85, 1.87, 5.0, 5.0, 1.86, 1.86, 1.86, 1.86, 1.86, 1.86, 1.86, 1.86, 1.86, 1.86, 1.86, 1.86, 1.86, 1.86, 1.86, 1.86, 1.86, 1.86, 1.86, 1.86, 1.86, 1.86]"
mistralai/Ministral-3-3B-Instruct-2512,XRPUSDT,14,0.1379,9.82,2,1,"[1.6472, 1.5908, 1.6198, 1.5791, 1.512, 1.2146, 1.4698, 1.4231, 1.4308, 1.437, 1.3999, 1.3697, 1.3635, 1.4071, 1.5094, 1.4753, 1.4876, 1.4743, 1.4219, 1.4068, 1.4292, 1.4304, 1.3932, 1.3518, 1.3482, 1.4339, 1.4027, 1.3562, 1.3762, 1.3524]","[1.72, 1.71, 1.7, 1.69, 1.68, 1.67, 1.66, 1.65, 1.64, 1.63, 1.62, 1.61, 1.6, 1.59, 1.58, 1.57, 1.56, 1.55, 1.54, 1.53, 1.52, 1.51, 1.5, 1.49, 1.48, 1.47, 1.46, 1.45, 1.44, 1.43]"
mistralai/Ministral-3-3B-Instruct-2512,XRPUSDT,14,0.4111,29.66,2,1,"[1.39, 1.3607, 1.4309, 1.4037, 1.3633, 1.3567, 1.34, 1.3631, 1.3863, 1.3847, 1.3846, 1.3989, 1.4063, 1.4487, 1.543, 1.5182, 1.4647, 1.4475, 1.4452, 1.4086, 1.3848, 1.4323, 1.416, 1.4145, 1.3609, 1.3257, 1.3333, 1.3278, 1.3242, 1.3411]","[1.45, 1.46, 1.0, 1.0, 1.0, 1.4876, 1.4743, 1.4219, 1.4068, 1.4292, 1.4304, 1.3932, 1.3518, 1.3482, 1.4339, 1.4027, 1.3562, 1.3762, 1.3524, 5.0, 5.0, 1.3524, 1.3762, 1.4027, 1.4339, 1.4743, 2.0, 2.0, 1.0, 2.0]"
mistralai/Ministral-3-3B-Instruct-2512,ADAUSDT,21,0.0523,13.64,2,1,"[0.3565, 0.3949, 0.3893, 0.4007, 0.4211, 0.4194, 0.4022, 0.3956, 0.3914, 0.3886, 0.391, 0.3862, 0.4218, 0.4143, 0.3936, 0.3955, 0.3973, 0.3758, 0.3703, 0.3507, 0.3659, 0.3594, 0.3602, 0.3583, 0.3391, 0.3521, 0.3608, 0.3583, 0.3347, 0.3208]","[0.337, 0.342, 0.35, 0.37, 0.348, 0.346, 0.344, 0.342, 0.34, 0.338, 0.336, 0.334, 0.332, 0.33, 0.328, 0.326, 0.324, 0.322, 0.32, 0.318, 0.316, 0.314, 0.312, 0.31, 0.308, 0.306, 0.304, 0.302, 0.3, 0.298]"
mistralai/Ministral-3-3B-Instruct-2512,ADAUSDT,21,0.4035,146.51,2,1,"[0.2936, 0.2858, 0.2991, 0.2917, 0.2864, 0.2455, 0.2762, 0.2721, 0.2701, 0.2699, 0.262, 0.2559, 0.2643, 0.2728, 0.295, 0.2818, 0.2858, 0.2811, 0.2735, 0.2729, 0.2849, 0.28, 0.2717, 0.2623, 0.2587, 0.2971, 0.287, 0.2776, 0.281, 0.2735]","[0.365, 0.368, 0.3886, 0.391, 0.3862, 0.4218, 0.4143, 0.3936, 0.3973, 0.3758, 0.3703, 0.3507, 0.3659, 0.3602, 0.3583, 0.3391, 0.3521, 0.3608, 0.3347, 0.3208, 2.0, 1.0, 1.0, 1.0, 2.0, 1.0, 1.0, 2.0, 1.0, 1.0]"
mistralai/Ministral-3-3B-Instruct-2512,ADAUSDT,21,0.1899,73.0,2,1,"[0.2771, 0.2625, 0.2763, 0.2692, 0.259, 0.2544, 0.2493, 0.2552, 0.2621, 0.2626, 0.2636, 0.2656, 0.2634, 0.2702, 0.2904, 0.2891, 0.2742, 0.2675, 0.2661, 0.2574, 0.2506, 0.2616, 0.2664, 0.2705, 0.2547, 0.2461, 0.246, 0.2398, 0.2434, 0.2418]","[0.275, 0.278, 0.2699, 0.262, 0.2559, 0.2643, 0.295, 0.2818, 0.2858, 0.2735, 0.2729, 0.2849, 0.2717, 0.2623, 0.2587, 0.287, 0.2776, 0.281, 1.0, 1.0, 1.0, 1.0, 1.0, 1.0, 1.0, 0.4, 0.2745, 0.2732, 0.2728, 0.2735]"
mistralai/Ministral-3-3B-Instruct-2512,ALGOUSDT,21,0.0131,10.06,2,1,"[0.1202, 0.1275, 0.1279, 0.1362, 0.1396, 0.1423, 0.1364, 0.1344, 0.1332, 0.1337, 0.1323, 0.129, 0.1385, 0.1365, 0.128, 0.1303, 0.1315, 0.1228, 0.1209, 0.1143, 0.1177, 0.1188, 0.1203, 0.1186, 0.1147, 0.1221, 0.122, 0.1263, 0.1145, 0.1121]","[0.1298, 0.1228, 0.1189, 0.1154, 0.1114, 0.1073, 0.1149, 0.1115, 0.1118, 0.1138, 0.1148, 0.1183, 0.1203, 0.1173, 0.1149, 0.1105, 0.1068, 0.1082, 0.1097, 0.1112, 0.1127, 0.1142, 0.1157, 0.1172, 0.1187, 0.1202, 0.1217, 0.1232, 0.1247, 0.1262]"
mistralai/Ministral-3-3B-Instruct-2512,ALGOUSDT,21,0.0368,40.52,2,1,"[0.104, 0.1005, 0.1049, 0.1064, 0.1031, 0.0884, 0.0989, 0.0977, 0.0969, 0.096, 0.0917, 0.0891, 0.0918, 0.0941, 0.0997, 0.0959, 0.0947, 0.0931, 0.091, 0.0892, 0.0905, 0.0896, 0.0868, 0.0839, 0.0835, 0.091, 0.088, 0.0866, 0.0879, 0.0856]","[0.1168, 0.1155, 0.1172, 0.1189, 0.1205, 0.1218, 0.1232, 0.1245, 0.1258, 0.1269, 0.128, 0.1288, 0.1295, 0.1302, 0.1309, 0.1316, 0.1323, 0.133, 0.1337, 0.1344, 0.1351, 0.1358, 0.1365, 0.1372, 0.1379, 0.1386, 0.1393, 0.1399, 0.1406, 0.1413]"
mistralai/Ministral-3-3B-Instruct-2512,ALGOUSDT,21,0.0047,5.26,2,1,"[0.088, 0.0861, 0.0888, 0.0873, 0.0844, 0.083, 0.0818, 0.0833, 0.0853, 0.0862, 0.089, 0.0939, 0.091, 0.0926, 0.0972, 0.0947, 0.0901, 0.0893, 0.0898, 0.0868, 0.0855, 0.0875, 0.0872, 0.0875, 0.084, 0.0815, 0.0816, 0.0812, 0.0822, 0.0939]","[0.0852, 0.0848, 0.0845, 0.084, 0.0835, 0.083, 0.0825, 0.082, 0.0815, 0.081, 0.0818, 0.0822, 0.0825, 0.0828, 0.083, 0.0833, 0.0835, 0.0838, 0.084, 0.0842, 0.0845, 0.0848, 0.085, 0.0852, 0.0855, 0.0857, 0.0859, 0.0861, 0.0863, 0.0865]"
mistralai/Ministral-3-3B-Instruct-2512,ATOMUSDT,21,0.7136,30.36,2,1,"[2.069, 2.168, 2.239, 2.34, 2.369, 2.532, 2.433, 2.461, 2.592, 2.57, 2.574, 2.487, 2.636, 2.582, 2.477, 2.494, 2.567, 2.426, 2.456, 2.295, 2.382, 2.335, 2.368, 2.334, 2.236, 2.222, 2.244, 2.237, 2.128, 2.112]","[2.0, 2.02, 2.185, 2.14, 2.183, 2.103, 2.05, 1.944, 1.852, 1.965, 1.983, 1.95, 1.971, 1.982, 1.957, 2.08, 2.074, 1.965, 1.967, 1.93, 1.0, 1.0, 1.0, 1.0, 1.0, 1.0, 1.0, 4.0, 4.0, 1.925]"
mistralai/Ministral-3-3B-Instruct-2512,ATOMUSDT,21,0.281,13.36,2,1,"[1.971, 1.91, 1.982, 2.036, 1.995, 1.819, 1.987, 1.989, 1.95, 1.96, 1.922, 1.945, 1.968, 2.122, 2.186, 2.137, 2.292, 2.242, 2.346, 2.292, 2.358, 2.314, 2.25, 2.12, 1.992, 1.942, 1.879, 1.849, 1.849, 1.799]","[2.3, 2.28, 2.0, 3.0, 2.1, 2.08, 2.06, 2.04, 2.02, 2.0, 1.98, 1.96, 1.94, 1.92, 1.9, 1.88, 1.86, 1.84, 1.82, 1.8, 1.78, 1.76, 1.74, 1.72, 1.7, 1.68, 1.66, 1.64, 1.62, 1.6]"
mistralai/Ministral-3-3B-Instruct-2512,ATOMUSDT,21,0.1246,6.78,2,1,"[1.843, 1.814, 1.879, 1.84, 1.809, 1.785, 1.738, 1.743, 1.788, 1.84, 1.838, 1.862, 1.87, 1.861, 1.978, 1.961, 1.909, 1.811, 1.834, 1.793, 1.769, 1.786, 1.787, 1.765, 1.699, 1.676, 1.666, 1.646, 1.665, 1.707]","[1.805, 1.773, 1.748, 1.722, 1.7, 1.683, 1.669, 1.659, 1.652, 1.648, 1.647, 1.648, 1.65, 1.653, 1.657, 1.661, 1.666, 1.671, 1.676, 1.681, 1.686, 1.691, 1.696, 1.702, 1.708, 1.714, 1.72, 1.726, 1.732, 1.738]"
mistralai/Ministral-3-3B-Instruct-2512,AVAXUSDT,21,7.2913,59.62,2,1,"[13.59, 13.82, 13.99, 14.25, 14.45, 14.59, 14.11, 13.89, 13.79, 13.74, 13.7, 13.53, 14.75, 14.6, 13.82, 13.59, 13.75, 12.98, 12.74, 12.09, 12.42, 12.2, 12.13, 12.05, 11.49, 11.72, 12.14, 12.07, 11.04, 10.87]","[12.75, 12.8, 13.42, 13.1, 13.37, 12.88, 12.34, 12.35, 11.87, 11.44, 26.0, 12.21, 12.14, 12.42, 12.18, 12.1, 12.09, 12.34, 69.0, 12.64, 12.38, 12.58, 12.32, 30.0, 95.0, 30.0, 12.45, 12.48, 12.5, 12.53]"
mistralai/Ministral-3-3B-Instruct-2512,AVAXUSDT,21,1.995,21.38,2,1,"[10.12, 9.91, 10.14, 9.93, 9.72, 8.32, 9.28, 9.23, 9.08, 9.06, 8.76, 8.63, 8.9, 9.14, 9.59, 9.29, 9.26, 9.14, 8.86, 8.91, 9.17, 9.12, 8.87, 8.36, 8.29, 9.51, 9.31, 8.95, 9.16, 9.04]","[10.5, 10.7, 30.0, 10.78, 10.65, 10.52, 10.4, 10.3, 10.2, 10.1, 10.0, 9.9, 9.8, 9.85, 9.95, 10.05, 10.15, 10.25, 10.35, 10.45, 10.55, 10.65, 10.75, 10.85, 10.95, 11.05, 11.15, 11.25, 11.35, 11.45]"
mistralai/Ministral-3-3B-Instruct-2512,AVAXUSDT,21,1.1217,11.65,2,1,"[9.17, 9.18, 9.5, 9.39, 9.01, 8.91, 8.82, 9.26, 9.53, 9.55, 9.67, 9.72, 9.73, 9.95, 10.49, 10.2, 9.69, 9.48, 9.56, 9.21, 9.03, 9.56, 9.62, 9.68, 9.11, 8.79, 8.75, 8.6, 8.81, 8.91]","[9.3, 9.2, 9.06, 8.76, 8.63, 8.9, 9.14, 9.59, 9.29, 9.26, 9.14, 8.91, 9.17, 9.12, 8.87, 8.36, 8.29, 9.51, 9.31, 8.95, 9.16, 9.04, 30.0, 9.38, 9.25, 9.12, 9.0, 8.95, 9.0, 9.05]"
mistralai/Ministral-3-3B-Instruct-2512,BCHUSDT,21,39.9133,6.51,2,1,"[593.2, 609.8, 654.5, 639.1, 645.2, 638.2, 629.2, 632.0, 634.7, 643.9, 649.1, 621.7, 617.0, 597.4, 590.8, 599.5, 594.1, 591.4, 584.0, 573.2, 584.8, 599.2, 595.7, 593.6, 572.2, 578.7, 600.2, 591.1, 554.1, 553.2]","[580.0, 585.0, 574.3, 581.9, 558.3, 536.1, 546.3, 546.7, 565.9, 624.9, 592.1, 591.1, 590.4, 572.5, 568.7, 589.8, 594.9, 623.4, 622.4, 599.2, 595.8, 599.5, 574.3, 581.9, 558.3, 536.1, 546.3, 546.7, 624.9, 592.1]"
mistralai/Ministral-3-3B-Instruct-2512,BCHUSDT,21,66.5933,13.42,2,1,"[507.5, 516.2, 539.7, 527.1, 532.5, 453.9, 523.2, 525.1, 527.0, 533.0, 524.3, 516.2, 503.0, 563.9, 562.9, 553.5, 569.2, 563.4, 558.0, 560.4, 562.4, 564.1, 570.7, 495.8, 484.8, 492.9, 478.4, 461.5, 457.6, 441.7]","[643.9, 649.1, 621.7, 617.0, 590.8, 599.5, 594.1, 584.0, 573.2, 584.8, 595.7, 593.6, 571.3, 569.8, 570.2, 571.5, 572.8, 574.1, 575.4, 576.7, 578.0, 579.3, 580.6, 581.9, 583.2, 584.5, 585.8, 587.1, 588.4, 589.7]"
mistralai/Ministral-3-3B-Instruct-2512,BCHUSDT,21,81.4733,17.59,2,1,"[445.3, 443.9, 466.9, 461.6, 449.7, 450.2, 443.1, 444.6, 447.1, 455.1, 455.2, 461.0, 467.6, 469.7, 478.8, 470.7, 456.9, 455.6, 474.6, 462.6, 467.4, 478.0, 477.4, 473.6, 461.9, 472.9, 481.2, 452.7, 460.3, 466.5]","[575.2, 578.1, 438.2, 445.1, 452.3, 459.8, 467.5, 474.9, 482.1, 489.3, 496.7, 504.2, 511.6, 519.0, 526.4, 533.9, 541.3, 548.7, 556.1, 563.5, 570.9, 578.3, 585.7, 593.1, 600.5, 607.9, 615.3, 622.7, 630.1, 637.5]"
mistralai/Ministral-3-3B-Instruct-2512,BNBUSDT,21,41.7493,4.55,2,1,"[864.39, 881.25, 878.63, 895.43, 910.31, 917.64, 900.3, 892.26, 896.86, 907.93, 904.32, 905.78, 943.73, 948.47, 931.2, 938.16, 947.12, 932.51, 923.6, 884.2, 883.36, 888.06, 891.63, 887.17, 866.02, 879.41, 898.36, 902.91, 868.69, 858.81]","[870.0, 868.0, 885.91, 881.58, 896.82, 877.27, 858.6, 843.07, 830.07, 856.17, 854.17, 858.66, 844.3, 846.58, 829.64, 845.04, 859.32, 852.46, 861.65, 864.3, 866.32, 865.32, 864.32, 863.32, 862.32, 861.32, 860.32, 859.32, 858.32, 857.32]"
mistralai/Ministral-3-3B-Instruct-2512,BNBUSDT,21,265.7987,42.32,2,1,"[781.38, 758.54, 773.94, 754.78, 697.27, 608.3, 657.21, 647.0, 639.93, 636.39, 619.85, 608.11, 614.29, 618.94, 632.77, 615.16, 627.19, 617.74, 604.8, 607.83, 625.91, 625.61, 614.8, 596.41, 583.6, 629.42, 625.74, 614.03, 617.14, 617.96]","[910.0, 912.0, 875.0, 878.0, 882.0, 885.0, 887.0, 890.0, 893.0, 895.0, 897.0, 900.0, 902.0, 904.0, 906.0, 908.0, 910.0, 912.0, 914.0, 916.0, 918.0, 920.0, 922.0, 924.0, 926.0, 928.0, 930.0, 932.0, 934.0, 936.0]"
mistralai/Ministral-3-3B-Instruct-2512,BNBUSDT,21,24.261,3.72,2,1,"[637.79, 633.56, 657.99, 647.85, 627.31, 620.26, 611.98, 634.64, 642.0, 651.46, 651.72, 655.73, 657.7, 673.77, 679.71, 668.61, 652.27, 639.15, 642.11, 630.7, 626.41, 639.11, 638.3, 647.66, 628.86, 613.95, 611.08, 606.09, 609.29, 617.43]","[630.0, 628.0, 636.39, 619.85, 608.11, 614.29, 618.94, 632.77, 627.19, 617.74, 604.8, 607.83, 625.91, 614.8, 596.41, 583.6, 629.42, 625.74, 614.03, 617.14, 617.96, 615.38, 613.47, 611.56, 609.65, 607.74, 605.83, 603.92, 602.01, 600.1]"
mistralai/Ministral-3-3B-Instruct-2512,BTCUSDT,21,3574.633,3.97,2,1,"[88839.04, 89995.13, 90628.01, 91529.73, 93859.71, 93747.97, 91364.16, 91099.99, 90641.28, 90504.7, 91013.65, 91296.2, 95414.0, 96951.78, 95604.8, 95550.94, 95147.77, 93673.14, 92631.0, 88427.66, 89454.73, 89559.67, 89600.26, 89225.34, 86670.36, 88347.08, 89250.0, 89299.99, 84650.16, 84260.49]","[88892.5, 89205.8, 90018.1, 90320.7, 88274.12, 88589.65, 89012.34, 89345.78, 89789.21, 89956.43, 90231.87, 90478.52, 90725.98, 90973.65, 91221.32, 91468.99, 91716.75, 91964.42, 92212.1, 92460.87, 92709.64, 92958.41, 93207.18, 93456.95, 93706.73, 93956.5, 94206.28, 94456.05, 94706.83, 94957.6]"
mistralai/Ministral-3-3B-Instruct-2512,BTCUSDT,21,11028.4487,16.17,2,1,"[78741.09, 76968.21, 78738.61, 75770.21, 73165.83, 62909.86, 70580.26, 69289.38, 70330.38, 70138.0, 68841.29, 67082.52, 66272.17, 68853.96, 69822.95, 68832.58, 68892.43, 67503.52, 66461.0, 67003.73, 68020.01, 67975.93, 67643.4, 64656.02, 64058.15, 67988.04, 67485.18, 65872.1, 66973.26, 65776.47]","[84100.0, 83800.0, 84000.0, 83700.0, 83400.0, 83100.0, 82800.0, 82500.0, 82200.0, 81900.0, 81600.0, 81300.0, 81000.0, 80700.0, 80400.0, 79900.0, 79600.0, 79300.0, 79000.0, 78700.0, 78400.0, 78100.0, 77800.0, 77500.0, 77200.0, 76900.0, 76600.0, 76300.0, 76000.0, 75700.0]"
mistralai/Ministral-3-3B-Instruct-2512,BTCUSDT,21,2159.643,3.09,2,1,"[68830.06, 68338.0, 72666.77, 70890.72, 68114.02, 67262.91, 65971.2, 68432.16, 69948.63, 70191.86, 70541.34, 70930.0, 71211.95, 72815.24, 74884.67, 73909.36, 71246.54, 69930.0, 70510.73, 68918.12, 67859.0, 70906.45, 70556.74, 71336.53, 68820.31, 66407.28, 66377.03, 66010.93, 66797.37, 68284.48]","[68892.43, 68832.58, 67643.4, 67988.04, 68020.01, 68135.0, 68250.0, 68365.0, 68480.0, 68600.0, 68720.0, 68841.29, 68960.0, 69080.0, 69200.0, 69320.0, 69440.0, 69560.0, 69680.0, 69800.0, 69920.0, 70040.0, 70160.0, 70280.0, 70400.0, 70520.0, 70640.0, 70760.0, 70880.0, 70990.0]"
mistralai/Ministral-3-3B-Instruct-2512,DOGEUSDT,21,0.0228,16.79,2,1,"[0.12683, 0.14188, 0.14315, 0.14953, 0.15171, 0.15055, 0.14642, 0.14194, 0.14071, 0.13965, 0.13801, 0.13662, 0.14828, 0.14718, 0.14004, 0.13813, 0.13788, 0.13164, 0.12916, 0.12336, 0.12654, 0.12437, 0.12477, 0.12423, 0.11945, 0.12236, 0.12619, 0.125, 0.11728, 0.11581]","[0.1215, 0.1208, 0.1202, 0.1195, 0.1188, 0.1181, 0.1174, 0.1167, 0.116, 0.1153, 0.1146, 0.1139, 0.1132, 0.1125, 0.1118, 0.1111, 0.1104, 0.1097, 0.109, 0.1083, 0.1076, 0.1069, 0.1062, 0.1055, 0.1048, 0.1041, 0.1034, 0.1027, 0.102, 0.1013]"
mistralai/Ministral-3-3B-Instruct-2512,DOGEUSDT,21,0.0095,9.74,2,1,"[0.10426, 0.10426, 0.10792, 0.10602, 0.10383, 0.08849, 0.09848, 0.09823, 0.09663, 0.09611, 0.09277, 0.09112, 0.093, 0.09667, 0.11104, 0.10269, 0.10102, 0.10066, 0.09855, 0.09837, 0.10011, 0.09841, 0.09558, 0.09266, 0.09137, 0.10095, 0.09701, 0.09337, 0.09405, 0.0919]","[0.121, 0.1205, 0.1195, 0.1185, 0.1175, 0.1165, 0.1155, 0.1145, 0.1135, 0.1125, 0.1115, 0.1105, 0.1095, 0.1085, 0.1075, 0.1065, 0.1055, 0.1045, 0.1035, 0.1025, 0.1015, 0.1005, 0.0995, 0.0985, 0.0975, 0.0965, 0.0955, 0.0945, 0.0935, 0.0925]"
mistralai/Ministral-3-3B-Instruct-2512,DOGEUSDT,21,0.0142,15.61,2,1,"[0.09356, 0.08997, 0.09893, 0.09356, 0.09129, 0.08993, 0.08915, 0.09049, 0.09452, 0.09288, 0.09475, 0.09596, 0.09604, 0.09738, 0.10304, 0.10015, 0.09526, 0.09354, 0.09416, 0.09135, 0.09015, 0.09415, 0.0951, 0.09618, 0.09205, 0.09011, 0.091, 0.09045, 0.09083, 0.09232]","[0.1, 0.102, 0.104, 0.09611, 0.09277, 0.09112, 0.093, 0.09667, 0.10269, 0.10102, 0.10066, 0.09855, 0.10011, 0.09841, 0.09558, 0.09266, 0.10095, 0.09701, 0.09337, 0.09405, 0.4, 0.09152, 0.09115, 0.0908, 0.09045, 0.0901, 0.08975, 0.0894, 0.08905, 0.0887]"
mistralai/Ministral-3-3B-Instruct-2512,DOTUSDT,21,0.4116,20.07,2,1,"[1.999, 2.166, 2.125, 2.142, 2.208, 2.235, 2.145, 2.111, 2.083, 2.093, 2.07, 2.055, 2.282, 2.226, 2.117, 2.119, 2.179, 2.065, 2.028, 1.897, 1.955, 1.927, 1.926, 1.93, 1.823, 1.875, 1.876, 1.87, 1.736, 1.69]","[1.775, 1.76, 1.745, 1.73, 1.72, 1.715, 1.705, 1.695, 1.685, 1.675, 1.665, 1.655, 1.645, 1.635, 1.625, 1.615, 1.605, 1.595, 1.585, 1.575, 1.565, 1.555, 1.545, 1.535, 1.525, 1.515, 1.505, 1.495, 1.485, 1.475]"
mistralai/Ministral-3-3B-Instruct-2512,DOTUSDT,21,0.6022,43.95,2,1,"[1.547, 1.495, 1.543, 1.5, 1.461, 1.248, 1.368, 1.372, 1.337, 1.32, 1.283, 1.256, 1.283, 1.33, 1.421, 1.357, 1.376, 1.347, 1.311, 1.287, 1.341, 1.36, 1.313, 1.265, 1.238, 1.663, 1.609, 1.599, 1.662, 1.534]","[1.64, 1.68, 1.0, 2.093, 2.07, 2.055, 2.282, 2.226, 2.117, 2.119, 2.179, 2.065, 2.028, 1.955, 1.927, 1.926, 1.93, 1.823, 1.875, 1.876, 1.87, 1.736, 1.69, 2.0, 2.093, 2.07, 2.055, 2.282, 2.226, 2.117]"
mistralai/Ministral-3-3B-Instruct-2512,DOTUSDT,21,0.2381,16.64,2,1,"[1.509, 1.533, 1.541, 1.53, 1.488, 1.448, 1.452, 1.494, 1.486, 1.522, 1.518, 1.464, 1.414, 1.441, 1.64, 1.62, 1.577, 1.521, 1.499, 1.468, 1.413, 1.421, 1.401, 1.363, 1.321, 1.292, 1.259, 1.261, 1.243, 1.253]","[1.25, 1.26, 1.0, 1.32, 1.283, 1.256, 1.283, 1.33, 1.357, 1.376, 1.347, 1.311, 1.341, 1.36, 1.313, 1.265, 1.663, 1.609, 1.599, 1.662, 1.0, 1.0, 1.0, 1.0, 1.0, 1.0, 1.0, 1.0, 1.0, 1.0]"
mistralai/Ministral-3-3B-Instruct-2512,ETCUSDT,21,2.5297,20.11,2,1,"[12.06, 12.52, 12.56, 12.82, 13.31, 13.37, 12.88, 12.61, 12.61, 12.54, 12.37, 12.26, 13.29, 13.2, 12.65, 12.76, 12.85, 12.24, 12.03, 11.54, 11.66, 11.58, 11.67, 11.59, 11.14, 11.39, 11.58, 11.55, 10.81, 10.6]","[12.45, 12.5, 30.0, 30.0, 30.0, 11.52, 11.57, 11.62, 11.67, 11.72, 11.77, 11.82, 11.87, 11.92, 11.97, 12.02, 12.07, 12.12, 12.17, 12.22, 12.27, 12.32, 12.37, 12.42, 12.47, 12.52, 12.57, 12.62, 12.67, 12.72]"
mistralai/Ministral-3-3B-Instruct-2512,ETCUSDT,21,1.7403,19.18,2,1,"[9.76, 9.5, 9.81, 9.57, 9.34, 8.06, 8.84, 8.78, 8.57, 8.59, 8.33, 8.14, 8.25, 8.53, 9.0, 8.74, 8.84, 8.68, 8.44, 8.27, 8.76, 9.05, 8.52, 8.36, 8.3, 9.15, 8.86, 8.65, 8.68, 8.47]","[11.59, 11.67, 11.58, 30.0, 10.45, 10.3, 10.15, 10.0, 9.85, 9.7, 9.55, 9.4, 9.25, 9.1, 8.95, 8.8, 8.65, 8.5, 8.35, 8.2, 8.05, 7.9, 7.75, 7.6, 7.45, 7.3, 7.15, 7.0, 6.85, 6.7]"
mistralai/Ministral-3-3B-Instruct-2512,ETCUSDT,21,6.2293,74.47,2,1,"[8.72, 8.49, 8.85, 8.65, 8.25, 8.12, 7.99, 8.16, 8.23, 8.28, 8.27, 8.49, 8.26, 8.48, 9.03, 8.86, 8.51, 8.34, 8.41, 8.18, 8.03, 8.59, 8.67, 8.68, 8.21, 8.09, 8.04, 7.95, 8.07, 8.19]","[8.7, 8.8, 30.0, 8.59, 8.33, 8.14, 8.25, 8.53, 9.0, 8.74, 8.84, 8.68, 44.0, 8.27, 8.76, 9.05, 8.52, 8.36, 8.3, 9.15, 8.86, 65.0, 8.68, 8.47, 30.0, 30.0, 30.0, 8.89, 8.73, 8.57]"
mistralai/Ministral-3-3B-Instruct-2512,ETHUSDT,21,203.7323,6.52,2,1,"[3004.19, 3125.45, 3127.11, 3144.7, 3224.99, 3296.84, 3168.72, 3106.65, 3088.4, 3086.72, 3123.45, 3095.75, 3325.82, 3354.92, 3318.69, 3296.28, 3310.56, 3284.03, 3189.55, 2939.88, 2982.27, 2952.69, 2956.41, 2953.22, 2816.89, 2930.35, 3026.77, 3010.78, 2822.59, 2707.38]","[2950.91, 2937.9, 3237.39, 3084.86, 3114.64, 3063.5, 2964.85, 2833.49, 2828.57, 2979.5, 2977.93, 3009.49, 2965.02, 2947.47, 2903.95, 2949.05, 2950.91, 2937.9, 2973.69, 2971.64, 2023.0, 2969.78, 2976.89, 2983.95, 2989.96, 2995.97, 3001.98, 3007.99, 3013.99, 3019.99]"
mistralai/Ministral-3-3B-Instruct-2512,ETHUSDT,21,922.231,46.17,2,1,"[2451.95, 2270.15, 2347.02, 2233.72, 2148.26, 1826.83, 2063.38, 2087.08, 2089.74, 2105.02, 2022.67, 1941.18, 1947.85, 2048.72, 2086.59, 1966.58, 1998.33, 1991.66, 1955.91, 1949.08, 1968.88, 1973.35, 1957.82, 1856.3, 1851.94, 2057.48, 2027.68, 1929.84, 1964.51, 1939.71]","[2750.12, 2785.34, 2810.76, 2835.98, 2861.29, 2886.61, 2912.03, 2937.45, 2962.87, 2988.3, 2750.12, 2785.34, 2810.76, 2835.98, 2861.29, 2886.61, 2912.03, 2937.45, 2962.87, 2988.3, 3013.72, 3039.15, 3064.68, 3089.21, 3114.74, 3139.37, 3164.0, 3188.63, 3213.26, 3237.9]"
mistralai/Ministral-3-3B-Instruct-2512,ETHUSDT,21,135.7703,6.45,2,1,"[2027.35, 1982.8, 2127.28, 2072.86, 1978.68, 1969.59, 1937.1, 1992.98, 2036.51, 2051.97, 2073.52, 2092.22, 2096.16, 2178.3, 2352.97, 2317.39, 2203.39, 2137.81, 2146.22, 2084.87, 2053.89, 2152.03, 2156.23, 2169.02, 2060.43, 1992.75, 1994.74, 1984.64, 2026.48, 2105.43]","[2050.0, 2055.0, 1975.0, 1980.0, 1985.0, 1987.0, 1990.0, 1992.0, 1995.0, 1997.0, 2000.0, 2002.0, 1999.0, 2001.0, 2003.0, 2005.0, 2007.0, 2009.0, 2200.0, 2210.0, 2220.0, 2230.0, 2240.0, 2250.0, 2260.0, 2270.0, 2280.0, 2290.0, 2300.0, 2310.0]"
mistralai/Ministral-3-3B-Instruct-2512,FILUSDT,21,0.2775,18.82,2,1,"[1.483, 1.504, 1.494, 1.494, 1.569, 1.593, 1.519, 1.497, 1.488, 1.482, 1.457, 1.461, 1.576, 1.592, 1.504, 1.52, 1.551, 1.45, 1.384, 1.312, 1.348, 1.319, 1.313, 1.315, 1.251, 1.269, 1.272, 1.28, 1.194, 1.176]","[1.3, 1.28, 1.0, 1.0, 1.0, 1.0, 2.0, 3.0, 1.32, 1.31, 1.3, 1.29, 1.28, 1.27, 1.26, 1.25, 1.24, 1.23, 1.22, 1.21, 1.2, 1.19, 1.18, 1.17, 1.16, 1.15, 1.14, 1.13, 1.12, 1.11]"
mistralai/Ministral-3-3B-Instruct-2512,FILUSDT,21,0.4667,44.75,2,1,"[1.052, 1.035, 1.083, 1.068, 1.05, 0.883, 0.977, 0.976, 0.934, 0.938, 0.902, 0.879, 0.914, 0.958, 1.015, 0.963, 0.978, 0.96, 0.927, 0.915, 0.958, 0.97, 0.93, 0.891, 0.88, 1.062, 1.026, 0.994, 1.005, 0.964]","[1.168, 1.162, 11.45, 1.0, 1.0, 1.0, 1.165, 1.158, 1.15, 1.143, 1.136, 1.129, 1.122, 1.115, 1.108, 1.101, 1.094, 1.087, 1.08, 1.073, 1.066, 1.059, 1.052, 1.045, 1.038, 1.031, 1.024, 1.017, 1.01, 1.003]"
mistralai/Ministral-3-3B-Instruct-2512,FILUSDT,21,0.0854,9.73,2,1,"[0.987, 1.0, 1.025, 1.011, 0.978, 0.952, 0.934, 0.939, 0.866, 0.878, 0.877, 0.869, 0.883, 0.895, 0.99, 0.969, 0.925, 0.895, 0.902, 0.882, 0.848, 0.923, 0.923, 0.928, 0.869, 0.839, 0.801, 0.802, 0.816, 0.832]","[0.95, 0.96, 0.9, 1.0, 1.062, 1.062, 1.062, 1.0, 0.98, 0.97, 0.96, 0.95, 0.94, 0.93, 0.92, 0.91, 0.9, 0.91, 0.92, 0.93, 0.94, 0.95, 0.96, 0.97, 0.98, 0.99, 1.0, 1.01, 1.02, 1.03]"
mistralai/Ministral-3-3B-Instruct-2512,LINKUSDT,21,5.761,45.35,2,1,"[12.6, 13.27, 13.23, 13.43, 13.9, 14.04, 13.44, 13.21, 13.14, 13.13, 13.21, 13.08, 14.06, 14.11, 13.8, 13.73, 13.75, 13.32, 12.88, 12.12, 12.4, 12.27, 12.22, 12.2, 11.52, 11.95, 12.03, 11.84, 11.13, 10.79]","[12.6, 12.7, 30.0, 12.0, 14.07, 13.63, 13.74, 13.28, 12.85, 12.93, 12.27, 93.0, 12.54, 12.56, 12.44, 12.58, 12.39, 12.28, 7.0, 12.19, 12.52, 12.5, 12.3, 12.42, 12.21, 30.0, 30.0, 30.0, 12.18, 12.05]"
mistralai/Ministral-3-3B-Instruct-2512,LINKUSDT,21,2.0477,22.64,2,1,"[9.99, 9.41, 9.81, 9.49, 9.25, 7.92, 8.88, 8.91, 8.83, 8.83, 8.57, 8.33, 8.41, 8.77, 9.09, 8.79, 8.94, 8.82, 8.6, 8.58, 8.95, 8.87, 8.69, 8.26, 8.19, 9.27, 9.09, 8.71, 8.85, 8.67]","[10.5, 10.6, 30.0, 10.6, 10.5, 10.4, 10.3, 10.2, 10.1, 10.0, 9.9, 9.8, 9.7, 9.8, 9.9, 10.0, 10.1, 10.2, 10.3, 10.4, 10.5, 10.6, 10.7, 10.6, 10.5, 10.4, 10.3, 10.2, 10.1, 10.0]"
mistralai/Ministral-3-3B-Instruct-2512,LINKUSDT,21,1.785,20.06,2,1,"[8.96, 8.8, 9.35, 9.21, 8.8, 8.7, 8.52, 8.87, 8.99, 8.99, 9.05, 9.08, 9.17, 9.5, 9.92, 9.79, 9.22, 9.04, 9.12, 8.82, 8.68, 9.11, 9.25, 9.37, 8.91, 8.57, 8.44, 8.42, 8.62, 8.78]","[9.2, 9.1, 30.0, 8.5, 9.0, 9.27, 30.0, 8.92, 8.95, 9.0, 9.03, 9.06, 9.1, 9.13, 9.16, 9.19, 9.22, 9.25, 9.28, 9.31, 9.34, 9.37, 9.4, 9.43, 9.46, 9.49, 9.52, 9.55, 9.58, 9.61]"
mistralai/Ministral-3-3B-Instruct-2512,LTCUSDT,21,6.925,9.93,2,1,"[79.97, 81.93, 82.08, 82.26, 83.46, 83.96, 81.71, 81.31, 81.49, 81.19, 78.79, 76.12, 78.18, 76.67, 72.21, 75.22, 74.92, 72.29, 70.8, 67.12, 68.48, 68.19, 68.07, 68.19, 67.3, 69.72, 70.03, 69.42, 66.24, 65.47]","[79.25, 79.5, 80.12, 80.78, 81.35, 79.98, 80.45, 80.82, 81.2, 81.58, 78.12, 78.45, 79.01, 79.56, 79.87, 78.92, 79.38, 79.75, 80.12, 80.48, 80.85, 81.23, 81.59, 81.96, 82.32, 81.89, 82.26, 82.63, 82.99, 83.35]"
mistralai/Ministral-3-3B-Instruct-2512,LTCUSDT,21,14.4437,26.4,2,1,"[59.53, 58.49, 60.02, 59.48, 58.89, 50.79, 55.02, 55.19, 54.53, 54.45, 53.38, 52.32, 53.15, 55.03, 55.99, 55.08, 55.13, 53.96, 53.32, 52.7, 55.19, 54.9, 53.48, 51.35, 51.15, 56.76, 55.62, 54.56, 54.4, 53.24]","[68.21, 68.45, 81.19, 78.79, 76.12, 78.18, 76.67, 72.21, 74.92, 72.29, 70.8, 67.12, 48.0, 68.19, 68.07, 68.19, 67.3, 72.0, 70.03, 69.42, 66.24, 65.47, 65.21, 64.98, 65.05, 65.23, 65.31, 65.4, 65.49, 65.58]"
mistralai/Ministral-3-3B-Instruct-2512,LTCUSDT,21,0.9997,1.79,2,1,"[54.61, 54.76, 56.77, 55.46, 53.81, 53.58, 52.59, 53.77, 53.87, 54.8, 54.56, 55.3, 54.98, 56.27, 58.7, 58.09, 56.08, 55.54, 56.17, 54.81, 53.51, 55.72, 56.38, 56.65, 54.59, 53.72, 53.85, 53.32, 53.34, 53.95]","[53.67, 53.85, 54.03, 54.2, 54.35, 53.98, 54.12, 54.28, 54.4, 54.55, 54.7, 54.85, 54.95, 55.05, 55.15, 55.2, 55.25, 54.9, 54.75, 54.6, 54.45, 54.3, 54.2, 54.1, 53.95, 53.8, 53.7, 53.65, 53.55, 53.45]"
mistralai/Ministral-3-3B-Instruct-2512,NEARUSDT,21,0.2696,16.7,2,1,"[1.627, 1.692, 1.711, 1.728, 1.774, 1.808, 1.722, 1.686, 1.703, 1.689, 1.702, 1.675, 1.859, 1.799, 1.722, 1.731, 1.751, 1.629, 1.597, 1.506, 1.529, 1.513, 1.509, 1.506, 1.436, 1.463, 1.49, 1.489, 1.375, 1.323]","[1.5, 1.52, 1.0, 1.0, 1.0, 1.673, 1.637, 1.664, 1.591, 1.545, 1.57, 1.427, 1.539, 1.523, 1.509, 1.505, 1.455, 1.439, 1.519, 1.595, 1.582, 1.516, 1.514, 1.0, 1.0, 1.0, 1.0, 1.0, 1.0, 1.512]"
mistralai/Ministral-3-3B-Instruct-2512,NEARUSDT,21,0.1447,14.0,2,1,"[1.206, 1.173, 1.2, 1.176, 1.16, 0.976, 1.087, 1.075, 1.038, 1.03, 0.993, 0.962, 0.964, 1.024, 1.086, 1.056, 1.058, 1.044, 1.017, 1.007, 1.054, 1.059, 1.022, 0.981, 0.967, 1.172, 1.127, 1.094, 1.172, 1.15]","[1.3, 1.28, 1.26, 1.25, 1.23, 1.22, 1.2, 1.19, 1.18, 1.3, 1.28, 1.27, 1.26, 1.25, 1.24, 1.23, 1.22, 1.21, 1.2, 1.19, 1.18, 1.17, 1.16, 1.15, 1.14, 1.13, 1.12, 1.11, 1.1, 1.09]"
mistralai/Ministral-3-3B-Instruct-2512,NEARUSDT,21,0.3208,24.59,2,1,"[1.36, 1.358, 1.311, 1.271, 1.227, 1.214, 1.212, 1.235, 1.284, 1.299, 1.368, 1.336, 1.325, 1.35, 1.49, 1.452, 1.386, 1.335, 1.316, 1.281, 1.274, 1.311, 1.292, 1.28, 1.224, 1.18, 1.173, 1.164, 1.162, 1.189]","[1.03, 0.993, 0.962, 0.964, 1.024, 1.056, 1.058, 1.044, 1.017, 1.054, 1.059, 1.022, 0.981, 1.172, 1.127, 1.094, 1.172, 1.0, 1.0, 1.0, 1.0, 1.0, 1.0, 4.0, 1.0, 1.145, 1.137, 1.129, 1.121, 1.113]"
mistralai/Ministral-3-3B-Instruct-2512,SOLUSDT,21,9.5657,6.99,2,1,"[126.9, 132.29, 133.37, 134.12, 137.9, 141.08, 136.39, 138.37, 135.97, 135.84, 139.7, 139.22, 145.51, 146.69, 142.4, 144.89, 143.72, 137.87, 133.44, 125.8, 129.54, 128.47, 127.43, 127.21, 118.85, 124.24, 127.19, 125.35, 117.82, 117.59]","[130.5, 129.8, 136.41, 132.27, 133.14, 129.4, 127.81, 129.15, 123.27, 119.6, 126.27, 125.81, 125.93, 124.01, 122.53, 120.06, 122.26, 124.73, 125.27, 123.28, 125.01, 124.65, 136.41, 132.27, 133.14, 129.4, 127.81, 129.15, 123.27, 119.6]"
mistralai/Ministral-3-3B-Instruct-2512,SOLUSDT,21,27.4437,32.14,2,1,"[105.58, 100.79, 104.55, 97.89, 92.12, 78.35, 87.46, 87.59, 86.99, 86.77, 82.99, 79.3, 78.4, 84.33, 88.06, 86.16, 86.45, 85.08, 81.61, 82.5, 84.67, 85.17, 82.79, 77.9, 78.99, 88.06, 85.91, 81.85, 84.35, 83.6]","[135.84, 139.7, 116.5, 115.8, 115.2, 114.7, 114.2, 113.7, 113.2, 112.7, 112.2, 111.7, 135.84, 139.7, 117.59, 116.5, 115.2, 113.9, 112.6, 111.3, 110.0, 108.7, 107.4, 106.1, 104.8, 103.5, 102.2, 100.9, 99.6, 98.3]"
mistralai/Ministral-3-3B-Instruct-2512,SOLUSDT,21,3.528,3.94,2,1,"[86.64, 86.97, 90.85, 88.77, 84.7, 83.22, 81.59, 84.96, 85.88, 86.58, 86.84, 88.18, 88.03, 92.3, 96.2, 94.62, 90.08, 88.89, 89.84, 87.56, 86.2, 91.43, 90.8, 91.7, 86.53, 83.11, 82.09, 81.44, 82.54, 83.2]","[85.0, 84.5, 84.2, 85.3, 86.1, 86.8, 87.2, 87.5, 88.0, 87.8, 87.5, 87.2, 86.9, 86.6, 86.3, 85.9, 85.5, 85.2, 84.9, 84.6, 84.3, 84.0, 83.7, 83.4, 83.1, 82.8, 82.5, 82.2, 81.9, 81.6]"
mistralai/Ministral-3-3B-Instruct-2512,TRXUSDT,21,0.0789,27.04,2,1,"[0.2871, 0.289, 0.2956, 0.2939, 0.2922, 0.2942, 0.2981, 0.295, 0.2984, 0.3024, 0.2995, 0.2998, 0.3071, 0.3047, 0.3126, 0.3096, 0.3188, 0.3178, 0.3119, 0.297, 0.2993, 0.3054, 0.2979, 0.2954, 0.2957, 0.2966, 0.2947, 0.2954, 0.295, 0.2942]","[1.0, 1.0, 1.0, 0.2868, 0.2875, 0.2882, 0.2889, 0.2896, 0.2903, 0.291, 0.2917, 0.2924, 0.2931, 0.2938, 0.2945, 0.2952, 0.2959, 0.2966, 0.2973, 0.298, 0.2987, 0.2994, 0.3001, 0.2998, 0.3005, 0.3012, 0.3019, 0.3026, 0.3033, 0.304]"
mistralai/Ministral-3-3B-Instruct-2512,TRXUSDT,21,0.0202,7.17,2,1,"[0.2866, 0.2847, 0.2835, 0.2861, 0.2833, 0.2696, 0.2741, 0.2782, 0.2778, 0.2791, 0.2782, 0.2784, 0.28, 0.2823, 0.2826, 0.2805, 0.2846, 0.2821, 0.2788, 0.2849, 0.2854, 0.289, 0.2906, 0.2816, 0.2837, 0.2853, 0.2857, 0.2828, 0.2819, 0.2807]","[0.3, 0.301, 0.296, 0.2955, 0.2962, 0.297, 0.2975, 0.298, 0.2985, 0.299, 0.2995, 0.3, 0.3005, 0.301, 0.3015, 0.302, 0.3025, 0.303, 0.3035, 0.304, 0.3045, 0.305, 0.3055, 0.3065, 0.307, 0.3075, 0.308, 0.3085, 0.309, 0.3095]"
mistralai/Ministral-3-3B-Instruct-2512,TRXUSDT,21,0.0112,3.62,2,1,"[0.2832, 0.2805, 0.2871, 0.2852, 0.2846, 0.2866, 0.2891, 0.2856, 0.2858, 0.2913, 0.2891, 0.2934, 0.2978, 0.2987, 0.2956, 0.3068, 0.3045, 0.3036, 0.3097, 0.3121, 0.3104, 0.3081, 0.3061, 0.3146, 0.3115, 0.3113, 0.3167, 0.322, 0.32, 0.3133]","[0.2865, 0.287, 0.28, 0.28, 0.29, 0.2865, 0.287, 0.2875, 0.288, 0.2885, 0.289, 0.2895, 0.29, 0.2905, 0.291, 0.2915, 0.292, 0.2918, 0.2922, 0.2925, 0.2927, 0.293, 0.2932, 0.2935, 0.2937, 0.294, 0.2938, 0.2942, 0.2945, 0.2943]"
mistralai/Ministral-3-3B-Instruct-2512,UNIUSDT,21,1.4753,30.0,2,1,"[5.809, 6.038, 5.917, 5.85, 6.162, 6.07, 5.726, 5.488, 5.467, 5.476, 5.456, 5.367, 5.73, 5.681, 5.35, 5.315, 5.352, 5.095, 5.026, 4.803, 4.94, 4.836, 4.873, 4.855, 4.637, 4.711, 4.8, 4.82, 4.396, 4.276]","[5.548, 5.422, 5.5, 5.6, 5.926, 5.995, 6.065, 6.135, 6.205, 6.275, 6.345, 6.415, 6.485, 6.555, 6.625, 6.695, 6.765, 6.835, 6.905, 6.975, 7.045, 7.115, 7.185, 7.255, 7.325, 7.395, 7.465, 7.535, 7.605, 7.675]"
mistralai/Ministral-3-3B-Instruct-2512,UNIUSDT,21,2.9557,76.57,2,1,"[3.96, 3.837, 3.925, 3.86, 3.801, 3.168, 3.552, 3.539, 3.468, 3.493, 3.36, 3.369, 3.247, 3.398, 3.629, 3.471, 3.601, 3.524, 3.403, 3.391, 3.492, 3.609, 3.491, 3.349, 3.337, 4.055, 3.879, 3.742, 3.811, 3.748]","[30.0, 30.0, 30.0, 4.23, 4.19, 4.15, 4.11, 4.07, 4.03, 3.99, 3.95, 3.91, 3.87, 3.83, 3.79, 3.75, 3.71, 3.67, 3.63, 3.59, 3.55, 3.51, 3.47, 3.43, 3.39, 3.35, 3.31, 3.27, 3.23, 3.19]"
mistralai/Ministral-3-3B-Instruct-2512,UNIUSDT,21,1.1885,31.12,2,1,"[3.929, 3.912, 3.977, 3.97, 3.848, 3.771, 3.661, 3.861, 3.843, 3.898, 3.918, 4.004, 3.948, 4.069, 4.157, 3.957, 3.681, 3.579, 3.605, 3.486, 3.471, 3.587, 3.609, 3.708, 3.528, 3.388, 3.384, 3.355, 3.48, 3.545]","[30.0, 3.76, 3.78, 3.8, 3.82, 3.84, 3.86, 3.88, 3.9, 3.92, 3.94, 3.96, 3.98, 4.0, 4.02, 3.99, 4.01, 4.03, 4.05, 4.07, 4.09, 4.11, 4.13, 4.15, 4.14, 4.16, 4.18, 4.19, 4.21, 4.22]"
mistralai/Ministral-3-3B-Instruct-2512,XLMUSDT,21,0.0933,42.98,2,1,"[0.2087, 0.2191, 0.2222, 0.233, 0.2526, 0.2438, 0.2342, 0.2302, 0.2284, 0.2264, 0.2244, 0.2193, 0.2386, 0.2361, 0.2285, 0.226, 0.2309, 0.2182, 0.2157, 0.207, 0.2124, 0.2115, 0.2122, 0.2115, 0.2033, 0.2074, 0.2085, 0.2105, 0.1987, 0.1919]","[1.0, 1.0, 1.0, 0.205, 0.208, 0.211, 0.2135, 0.215, 0.2165, 0.2175, 0.218, 0.2185, 0.219, 0.22, 0.221, 0.2215, 0.222, 0.2225, 0.223, 0.2235, 0.224, 0.2245, 0.225, 0.2255, 0.226, 0.2265, 0.227, 0.2275, 0.228, 0.2285]"
mistralai/Ministral-3-3B-Instruct-2512,XLMUSDT,21,0.0955,54.38,2,1,"[0.181, 0.1751, 0.1787, 0.1758, 0.1714, 0.1471, 0.1642, 0.1619, 0.1615, 0.1596, 0.1585, 0.1547, 0.1563, 0.1646, 0.1744, 0.1702, 0.1698, 0.1657, 0.1613, 0.1591, 0.1627, 0.161, 0.155, 0.1514, 0.1496, 0.1627, 0.1622, 0.1588, 0.159, 0.1541]","[1.0, 1.0, 1.0, 0.195, 0.192, 0.188, 0.185, 0.182, 0.179, 0.176, 0.173, 0.17, 0.167, 0.1919, 0.189, 0.1865, 0.184, 0.1815, 0.179, 0.1765, 0.174, 0.1715, 0.169, 0.1665, 0.164, 0.1615, 0.159, 0.1565, 0.154, 0.1515]"
mistralai/Ministral-3-3B-Instruct-2512,XLMUSDT,21,0.0068,4.07,2,1,"[0.1557, 0.1515, 0.1595, 0.1569, 0.1522, 0.1504, 0.1482, 0.1508, 0.1586, 0.1592, 0.16, 0.1641, 0.1665, 0.1693, 0.176, 0.1736, 0.1702, 0.1654, 0.1654, 0.1621, 0.156, 0.1668, 0.1738, 0.1774, 0.1738, 0.1674, 0.168, 0.1645, 0.1674, 0.1673]","[0.1575, 0.156, 0.1545, 0.153, 0.152, 0.1515, 0.1525, 0.153, 0.154, 0.155, 0.156, 0.157, 0.1585, 0.159, 0.16, 0.161, 0.1605, 0.1615, 0.162, 0.1625, 0.163, 0.162, 0.1615, 0.1605, 0.16, 0.1595, 0.159, 0.1585, 0.158, 0.1575]"
mistralai/Ministral-3-3B-Instruct-2512,XRPUSDT,21,0.315,15.78,2,1,"[1.8799, 2.0069, 2.0182, 2.0909, 2.3478, 2.3042, 2.1657, 2.1232, 2.0958, 2.0907, 2.0745, 2.054, 2.1655, 2.1394, 2.0789, 2.0678, 2.0631, 1.9914, 1.986, 1.89, 1.9476, 1.9236, 1.9196, 1.9143, 1.8356, 1.9041, 1.9158, 1.9111, 1.8076, 1.7352]","[1.95, 1.97, 2.034, 2.0074, 2.0227, 1.9784, 1.9297, 1.8627, 1.8076, 1.9335, 1.9223, 1.9043, 1.8628, 1.8326, 1.8437, 1.8654, 1.8508, 1.8776, 1.0, 1.0, 1.0, 1.0, 1.0, 1.0, 1.83, 1.84, 1.85, 1.86, 1.87, 1.88]"
mistralai/Ministral-3-3B-Instruct-2512,XRPUSDT,21,0.1812,12.65,2,1,"[1.6472, 1.5908, 1.6198, 1.5791, 1.512, 1.2146, 1.4698, 1.4231, 1.4308, 1.437, 1.3999, 1.3697, 1.3635, 1.4071, 1.5094, 1.4753, 1.4876, 1.4743, 1.4219, 1.4068, 1.4292, 1.4304, 1.3932, 1.3518, 1.3482, 1.4339, 1.4027, 1.3562, 1.3762, 1.3524]","[2.1, 2.12, 1.78, 1.75, 1.72, 1.7, 1.68, 1.65, 1.63, 1.6, 1.58, 1.55, 1.53, 1.5, 1.48, 1.45, 1.43, 1.4, 1.38, 1.35, 1.33, 1.3, 1.28, 1.25, 1.23, 1.2, 1.18, 1.15, 1.13, 1.1]"
mistralai/Ministral-3-3B-Instruct-2512,XRPUSDT,21,0.0984,7.05,2,1,"[1.39, 1.3607, 1.4309, 1.4037, 1.3633, 1.3567, 1.34, 1.3631, 1.3863, 1.3847, 1.3846, 1.3989, 1.4063, 1.4487, 1.543, 1.5182, 1.4647, 1.4475, 1.4452, 1.4086, 1.3848, 1.4323, 1.416, 1.4145, 1.3609, 1.3257, 1.3333, 1.3278, 1.3242, 1.3411]","[1.45, 1.47, 1.35, 1.0, 1.0, 1.0, 1.0, 1.37, 1.37, 1.37, 1.37, 1.37, 1.37, 1.37, 1.37, 1.37, 1.37, 1.37, 1.37, 1.37, 1.37, 1.37, 1.37, 1.38, 1.38, 1.38, 1.38, 1.38, 1.38, 1.39]"
mistralai/Ministral-3-3B-Instruct-2512,ADAUSDT,28,0.2273,65.05,2,1,"[0.3565, 0.3949, 0.3893, 0.4007, 0.4211, 0.4194, 0.4022, 0.3956, 0.3914, 0.3886, 0.391, 0.3862, 0.4218, 0.4143, 0.3936, 0.3955, 0.3973, 0.3758, 0.3703, 0.3507, 0.3659, 0.3594, 0.3602, 0.3583, 0.3391, 0.3521, 0.3608, 0.3583, 0.3347, 0.3208]","[0.347, 0.345, 0.4394, 0.4157, 0.4138, 0.4173, 0.4328, 0.4536, 0.4255, 0.4091, 0.4105, 0.3882, 0.3859, 0.3673, 0.3514, 0.373, 0.3662, 0.3711, 0.3628, 0.3434, 0.3496, 0.37, 0.3688, 0.3514, 0.3335, 2.0, 1.0, 2.0, 2.0, 1.0]"
mistralai/Ministral-3-3B-Instruct-2512,ADAUSDT,28,0.0313,11.25,2,1,"[0.2936, 0.2858, 0.2991, 0.2917, 0.2864, 0.2455, 0.2762, 0.2721, 0.2701, 0.2699, 0.262, 0.2559, 0.2643, 0.2728, 0.295, 0.2818, 0.2858, 0.2811, 0.2735, 0.2729, 0.2849, 0.28, 0.2717, 0.2623, 0.2587, 0.2971, 0.287, 0.2776, 0.281, 0.2735]","[0.362, 0.358, 0.325, 0.319, 0.313, 0.308, 0.302, 0.297, 0.292, 0.287, 0.282, 0.277, 0.272, 0.267, 0.262, 0.257, 0.252, 0.247, 0.242, 0.237, 0.232, 0.227, 0.232, 0.237, 0.242, 0.247, 0.252, 0.257, 0.262, 0.267]"
mistralai/Ministral-3-3B-Instruct-2512,ADAUSDT,28,0.0266,10.44,2,1,"[0.2771, 0.2625, 0.2763, 0.2692, 0.259, 0.2544, 0.2493, 0.2552, 0.2621, 0.2626, 0.2636, 0.2656, 0.2634, 0.2702, 0.2904, 0.2891, 0.2742, 0.2675, 0.2661, 0.2574, 0.2506, 0.2616, 0.2664, 0.2705, 0.2547, 0.2461, 0.246, 0.2398, 0.2434, 0.2418]","[0.275, 0.273, 0.274, 0.276, 0.278, 0.279, 0.28, 0.281, 0.282, 0.283, 0.284, 0.285, 0.286, 0.287, 0.288, 0.289, 0.29, 0.291, 0.292, 0.293, 0.294, 0.295, 0.296, 0.297, 0.298, 0.299, 0.3, 0.299, 0.298, 0.297]"
mistralai/Ministral-3-3B-Instruct-2512,ALGOUSDT,28,0.0132,9.96,2,1,"[0.1202, 0.1275, 0.1279, 0.1362, 0.1396, 0.1423, 0.1364, 0.1344, 0.1332, 0.1337, 0.1323, 0.129, 0.1385, 0.1365, 0.128, 0.1303, 0.1315, 0.1228, 0.1209, 0.1143, 0.1177, 0.1188, 0.1203, 0.1186, 0.1147, 0.1221, 0.122, 0.1263, 0.1145, 0.1121]","[0.1125, 0.113, 0.1107, 0.1109, 0.1111, 0.1113, 0.1115, 0.1117, 0.1119, 0.1121, 0.1123, 0.1125, 0.1148, 0.1146, 0.1148, 0.115, 0.1152, 0.1154, 0.1156, 0.1158, 0.116, 0.1162, 0.1164, 0.1162, 0.1158, 0.1154, 0.115, 0.1146, 0.1142, 0.1138]"
mistralai/Ministral-3-3B-Instruct-2512,ALGOUSDT,28,0.0352,38.73,2,1,"[0.104, 0.1005, 0.1049, 0.1064, 0.1031, 0.0884, 0.0989, 0.0977, 0.0969, 0.096, 0.0917, 0.0891, 0.0918, 0.0941, 0.0997, 0.0959, 0.0947, 0.0931, 0.091, 0.0892, 0.0905, 0.0896, 0.0868, 0.0839, 0.0835, 0.091, 0.088, 0.0866, 0.0879, 0.0856]","[0.129, 0.13, 0.115, 0.116, 0.117, 0.118, 0.119, 0.12, 0.121, 0.122, 0.123, 0.124, 0.125, 0.126, 0.127, 0.128, 0.129, 0.13, 0.131, 0.132, 0.133, 0.134, 0.135, 0.136, 0.137, 0.138, 0.139, 0.14, 0.141, 0.142]"
mistralai/Ministral-3-3B-Instruct-2512,ALGOUSDT,28,0.006,6.99,3,1,"[0.088, 0.0861, 0.0888, 0.0873, 0.0844, 0.083, 0.0818, 0.0833, 0.0853, 0.0862, 0.089, 0.0939, 0.091, 0.0926, 0.0972, 0.0947, 0.0901, 0.0893, 0.0898, 0.0868, 0.0855, 0.0875, 0.0872, 0.0875, 0.084, 0.0815, 0.0816, 0.0812, 0.0822, 0.0939]","[0.0853, 0.0849, 0.0857, 0.0862, 0.0868, 0.0873, 0.0878, 0.0883, 0.0888, 0.0893, 0.09, 0.0905, 0.091, 0.0915, 0.092, 0.0925, 0.0935, 0.094, 0.0945, 0.095, 0.0955, 0.096, 0.097, 0.0975, 0.098, 0.0985, 0.099, 0.0995, 0.086, 0.09]"
mistralai/Ministral-3-3B-Instruct-2512,ATOMUSDT,28,0.3415,14.22,2,1,"[2.069, 2.168, 2.239, 2.34, 2.369, 2.532, 2.433, 2.461, 2.592, 2.57, 2.574, 2.487, 2.636, 2.582, 2.477, 2.494, 2.567, 2.426, 2.456, 2.295, 2.382, 2.335, 2.368, 2.334, 2.236, 2.222, 2.244, 2.237, 2.128, 2.112]","[2.12, 2.15, 1.0, 2.0, 2.311, 2.197, 2.239, 2.18, 2.249, 2.325, 2.267, 2.185, 2.14, 2.183, 2.05, 1.999, 1.944, 1.852, 1.965, 1.983, 1.942, 1.95, 1.971, 1.957, 2.048, 2.08, 2.074, 1.965, 1.967, 1.93]"
mistralai/Ministral-3-3B-Instruct-2512,ATOMUSDT,28,0.3239,16.43,2,1,"[1.971, 1.91, 1.982, 2.036, 1.995, 1.819, 1.987, 1.989, 1.95, 1.96, 1.922, 1.945, 1.968, 2.122, 2.186, 2.137, 2.292, 2.242, 2.346, 2.292, 2.358, 2.314, 2.25, 2.12, 1.992, 1.942, 1.879, 1.849, 1.849, 1.799]","[2.3, 2.28, 2.239, 2.34, 2.369, 2.532, 2.433, 2.461, 2.592, 2.57, 2.574, 2.487, 2.582, 2.477, 2.494, 2.567, 2.426, 2.456, 2.295, 2.382, 2.335, 2.334, 2.236, 2.222, 2.244, 2.237, 2.128, 2.112, 2.0, 2.239]"
mistralai/Ministral-3-3B-Instruct-2512,ATOMUSDT,28,0.6987,40.54,2,1,"[1.843, 1.814, 1.879, 1.84, 1.809, 1.785, 1.738, 1.743, 1.788, 1.84, 1.838, 1.862, 1.87, 1.861, 1.978, 1.961, 1.909, 1.811, 1.834, 1.793, 1.769, 1.786, 1.787, 1.765, 1.699, 1.676, 1.666, 1.646, 1.665, 1.707]","[2.05, 2.07, 1.982, 2.036, 1.995, 1.819, 1.989, 1.95, 1.96, 1.945, 1.968, 2.122, 2.137, 2.292, 2.242, 2.292, 2.358, 2.314, 2.12, 1.992, 1.942, 1.849, 1.849, 1.799, 12.0, 4.0, 4.0, 1.0, 1.79, 1.77]"
mistralai/Ministral-3-3B-Instruct-2512,AVAXUSDT,28,4.2753,33.7,2,1,"[13.59, 13.82, 13.99, 14.25, 14.45, 14.59, 14.11, 13.89, 13.79, 13.74, 13.7, 13.53, 14.75, 14.6, 13.82, 13.59, 13.75, 12.98, 12.74, 12.09, 12.42, 12.2, 12.13, 12.05, 11.49, 11.72, 12.14, 12.07, 11.04, 10.87]","[12.5, 12.6, 14.41, 13.21, 13.4, 13.49, 13.64, 14.6, 11.0, 13.42, 13.1, 13.37, 12.88, 12.34, 35.0, 11.87, 11.44, 12.26, 12.21, 12.14, 42.0, 12.18, 12.1, 12.09, 12.34, 12.69, 64.0, 12.38, 12.58, 12.32]"
mistralai/Ministral-3-3B-Instruct-2512,AVAXUSDT,28,9.3823,101.73,2,1,"[10.12, 9.91, 10.14, 9.93, 9.72, 8.32, 9.28, 9.23, 9.08, 9.06, 8.76, 8.63, 8.9, 9.14, 9.59, 9.29, 9.26, 9.14, 8.86, 8.91, 9.17, 9.12, 8.87, 8.36, 8.29, 9.51, 9.31, 8.95, 9.16, 9.04]","[12.5, 12.7, 13.99, 14.25, 14.45, 14.59, 14.11, 13.89, 79.0, 13.74, 13.7, 13.53, 14.75, 14.6, 82.0, 13.59, 13.75, 12.98, 12.74, 12.09, 42.0, 12.2, 12.13, 12.05, 11.49, 11.72, 14.0, 12.07, 11.04, 10.87]"
mistralai/Ministral-3-3B-Instruct-2512,AVAXUSDT,28,3.4743,36.87,2,1,"[9.17, 9.18, 9.5, 9.39, 9.01, 8.91, 8.82, 9.26, 9.53, 9.55, 9.67, 9.72, 9.73, 9.95, 10.49, 10.2, 9.69, 9.48, 9.56, 9.21, 9.03, 9.56, 9.62, 9.68, 9.11, 8.79, 8.75, 8.6, 8.81, 8.91]","[9.01, 9.1, 9.25, 8.98, 10.14, 9.93, 9.72, 8.32, 9.28, 9.23, 9.08, 9.06, 76.0, 8.63, 8.9, 9.14, 9.59, 9.29, 9.26, 9.14, 8.91, 9.17, 9.12, 8.87, 8.36, 8.29, 9.51, 31.0, 8.95, 9.16]"
mistralai/Ministral-3-3B-Instruct-2512,BCHUSDT,28,37.258,6.06,2,1,"[593.2, 609.8, 654.5, 639.1, 645.2, 638.2, 629.2, 632.0, 634.7, 643.9, 649.1, 621.7, 617.0, 597.4, 590.8, 599.5, 594.1, 591.4, 584.0, 573.2, 584.8, 599.2, 595.7, 593.6, 572.2, 578.7, 600.2, 591.1, 554.1, 553.2]","[580.0, 582.0, 574.9, 559.6, 583.5, 598.5, 579.1, 572.6, 574.3, 581.9, 579.9, 536.1, 546.3, 546.7, 565.9, 592.1, 591.1, 590.4, 572.5, 589.8, 594.9, 623.4, 622.4, 595.8, 599.5, 601.23, 603.12, 605.89, 608.76, 611.54]"
mistralai/Ministral-3-3B-Instruct-2512,BCHUSDT,28,90.1767,18.04,2,1,"[507.5, 516.2, 539.7, 527.1, 532.5, 453.9, 523.2, 525.1, 527.0, 533.0, 524.3, 516.2, 503.0, 563.9, 562.9, 553.5, 569.2, 563.4, 558.0, 560.4, 562.4, 564.1, 570.7, 495.8, 484.8, 492.9, 478.4, 461.5, 457.6, 441.7]","[654.5, 639.1, 560.3, 565.1, 568.7, 572.3, 575.9, 579.5, 583.1, 586.7, 590.3, 593.9, 597.5, 601.1, 604.7, 608.3, 611.9, 615.5, 619.1, 622.7, 626.3, 629.9, 633.5, 637.1, 640.7, 644.3, 647.9, 651.5, 655.1, 658.7]"
mistralai/Ministral-3-3B-Instruct-2512,BCHUSDT,28,24.4667,5.33,2,1,"[445.3, 443.9, 466.9, 461.6, 449.7, 450.2, 443.1, 444.6, 447.1, 455.1, 455.2, 461.0, 467.6, 469.7, 478.8, 470.7, 456.9, 455.6, 474.6, 462.6, 467.4, 478.0, 477.4, 473.6, 461.9, 472.9, 481.2, 452.7, 460.3, 466.5]","[530.0, 528.0, 525.0, 448.5, 450.2, 452.8, 455.3, 457.9, 460.4, 463.0, 465.5, 468.0, 470.5, 441.7, 473.0, 475.5, 478.0, 480.5, 483.0, 485.5, 488.0, 490.5, 493.0, 495.5, 500.0, 510.0, 502.0, 504.5, 507.0, 509.5]"
mistralai/Ministral-3-3B-Instruct-2512,BNBUSDT,28,36.615,3.99,2,1,"[864.39, 881.25, 878.63, 895.43, 910.31, 917.64, 900.3, 892.26, 896.86, 907.93, 904.32, 905.78, 943.73, 948.47, 931.2, 938.16, 947.12, 932.51, 923.6, 884.2, 883.36, 888.06, 891.63, 887.17, 866.02, 879.41, 898.36, 902.91, 868.69, 858.81]","[865.0, 866.0, 899.92, 883.57, 890.38, 894.37, 897.12, 893.43, 885.91, 881.58, 896.82, 858.6, 875.63, 843.07, 830.07, 854.17, 858.64, 858.66, 844.3, 829.64, 834.72, 845.04, 859.32, 861.65, 864.3, 865.12, 862.98, 860.85, 858.73, 856.61]"
mistralai/Ministral-3-3B-Instruct-2512,BNBUSDT,28,276.7153,44.03,2,1,"[781.38, 758.54, 773.94, 754.78, 697.27, 608.3, 657.21, 647.0, 639.93, 636.39, 619.85, 608.11, 614.29, 618.94, 632.77, 615.16, 627.19, 617.74, 604.8, 607.83, 625.91, 625.61, 614.8, 596.41, 583.6, 629.42, 625.74, 614.03, 617.14, 617.96]","[900.0, 905.0, 899.0, 902.5, 907.0, 912.0, 908.0, 905.0, 910.0, 915.0, 910.0, 907.0, 912.0, 918.0, 923.0, 920.0, 925.0, 928.0, 925.0, 920.0, 923.0, 927.0, 925.0, 930.0, 935.0, 932.0, 937.0, 940.0, 938.0, 935.0]"
mistralai/Ministral-3-3B-Instruct-2512,BNBUSDT,28,28.9783,4.46,2,1,"[637.79, 633.56, 657.99, 647.85, 627.31, 620.26, 611.98, 634.64, 642.0, 651.46, 651.72, 655.73, 657.7, 673.77, 679.71, 668.61, 652.27, 639.15, 642.11, 630.7, 626.41, 639.11, 638.3, 647.66, 628.86, 613.95, 611.08, 606.09, 609.29, 617.43]","[620.0, 615.0, 600.0, 630.0, 618.0, 615.5, 612.0, 610.0, 608.5, 607.0, 606.0, 605.5, 605.0, 604.5, 605.0, 606.0, 607.5, 609.0, 610.5, 612.0, 613.5, 615.0, 616.5, 618.0, 619.5, 621.0, 622.5, 624.0, 625.5, 627.0]"
mistralai/Ministral-3-3B-Instruct-2512,BTCUSDT,28,3224.9463,3.48,2,1,"[88839.04, 89995.13, 90628.01, 91529.73, 93859.71, 93747.97, 91364.16, 91099.99, 90641.28, 90504.7, 91013.65, 91296.2, 95414.0, 96951.78, 95604.8, 95550.94, 95147.77, 93673.14, 92631.0, 88427.66, 89454.73, 89559.67, 89600.26, 89225.34, 86670.36, 88347.08, 89250.0, 89299.99, 84650.16, 84260.49]","[92078.06, 89330.04, 92078.06, 89330.04, 89236.79, 90395.31, 90634.34, 92015.37, 92513.38, 90268.42, 90240.01, 86432.08, 87863.42, 86243.22, 85516.41, 88360.9, 88658.86, 88620.79, 87486.0, 87225.27, 87369.56, 87877.01, 87952.71, 88485.49, 87648.22, 87648.22, 87952.71, 88136.94, 88360.9, 88658.86]"
mistralai/Ministral-3-3B-Instruct-2512,BTCUSDT,28,18909.0303,27.73,2,1,"[78741.09, 76968.21, 78738.61, 75770.21, 73165.83, 62909.86, 70580.26, 69289.38, 70330.38, 70138.0, 68841.29, 67082.52, 66272.17, 68853.96, 69822.95, 68832.58, 68892.43, 67503.52, 66461.0, 67003.73, 68020.01, 67975.93, 67643.4, 64656.02, 64058.15, 67988.04, 67485.18, 65872.1, 66973.26, 65776.47]","[90628.01, 91529.73, 93859.71, 84000.0, 84500.0, 84700.0, 85000.0, 85300.0, 85500.0, 85800.0, 86000.0, 86300.0, 86500.0, 86800.0, 87000.0, 87300.0, 87500.0, 87800.0, 88000.0, 88300.0, 88500.0, 88800.0, 89000.0, 89300.0, 89500.0, 90000.0, 90200.0, 90500.0, 90800.0, 91000.0]"
mistralai/Ministral-3-3B-Instruct-2512,BTCUSDT,28,4958.8093,7.0,2,1,"[68830.06, 68338.0, 72666.77, 70890.72, 68114.02, 67262.91, 65971.2, 68432.16, 69948.63, 70191.86, 70541.34, 70930.0, 71211.95, 72815.24, 74884.67, 73909.36, 71246.54, 69930.0, 70510.73, 68918.12, 67859.0, 70906.45, 70556.74, 71336.53, 68820.31, 66407.28, 66377.03, 66010.93, 66797.37, 68284.48]","[70000.0, 69500.0, 69000.0, 65500.0, 65200.0, 65000.0, 64800.0, 64600.0, 64400.0, 64200.0, 64000.0, 63800.0, 63600.0, 63400.0, 63200.0, 63000.0, 63100.0, 63300.0, 63500.0, 63700.0, 63900.0, 64100.0, 64300.0, 64500.0, 64700.0, 64900.0, 65100.0, 65300.0, 65500.0, 65700.0]"
mistralai/Ministral-3-3B-Instruct-2512,DOGEUSDT,28,0.0178,12.72,2,1,"[0.12683, 0.14188, 0.14315, 0.14953, 0.15171, 0.15055, 0.14642, 0.14194, 0.14071, 0.13965, 0.13801, 0.13662, 0.14828, 0.14718, 0.14004, 0.13813, 0.13788, 0.13164, 0.12916, 0.12336, 0.12654, 0.12437, 0.12477, 0.12423, 0.11945, 0.12236, 0.12619, 0.125, 0.11728, 0.11581]","[0.124, 0.125, 0.1218, 0.1205, 0.1192, 0.118, 0.1168, 0.1156, 0.1144, 0.1132, 0.112, 0.1108, 0.1106, 0.1114, 0.1122, 0.113, 0.1138, 0.1146, 0.1154, 0.1162, 0.117, 0.1178, 0.1186, 0.1194, 0.1202, 0.121, 0.1218, 0.1226, 0.1234, 0.1242]"
mistralai/Ministral-3-3B-Instruct-2512,DOGEUSDT,28,0.0406,42.12,2,1,"[0.10426, 0.10426, 0.10792, 0.10602, 0.10383, 0.08849, 0.09848, 0.09823, 0.09663, 0.09611, 0.09277, 0.09112, 0.093, 0.09667, 0.11104, 0.10269, 0.10102, 0.10066, 0.09855, 0.09837, 0.10011, 0.09841, 0.09558, 0.09266, 0.09137, 0.10095, 0.09701, 0.09337, 0.09405, 0.0919]","[0.14315, 0.14953, 0.15171, 0.15055, 0.14642, 0.14071, 0.13965, 0.13801, 0.13662, 0.14718, 0.14004, 0.13813, 0.13788, 0.12916, 0.12336, 0.12654, 0.12437, 0.12423, 0.11945, 0.12236, 0.12619, 0.11728, 0.11581, 0.4, 0.1145, 0.1138, 0.1131, 0.1124, 0.1117, 0.111]"
mistralai/Ministral-3-3B-Instruct-2512,DOGEUSDT,28,0.0048,5.13,2,1,"[0.09356, 0.08997, 0.09893, 0.09356, 0.09129, 0.08993, 0.08915, 0.09049, 0.09452, 0.09288, 0.09475, 0.09596, 0.09604, 0.09738, 0.10304, 0.10015, 0.09526, 0.09354, 0.09416, 0.09135, 0.09015, 0.09415, 0.0951, 0.09618, 0.09205, 0.09011, 0.091, 0.09045, 0.09083, 0.09232]","[0.102, 0.103, 0.10792, 0.10602, 0.10383, 0.08849, 0.09823, 0.09663, 0.09611, 0.09112, 0.093, 0.09667, 0.10269, 0.10102, 0.10066, 0.09837, 0.10011, 0.09841, 0.09266, 0.09137, 0.10095, 0.09337, 0.09405, 0.0919, 0.09, 0.0935, 0.0942, 0.095, 0.0958, 0.0965]"
mistralai/Ministral-3-3B-Instruct-2512,DOTUSDT,28,0.2852,14.45,2,1,"[1.999, 2.166, 2.125, 2.142, 2.208, 2.235, 2.145, 2.111, 2.083, 2.093, 2.07, 2.055, 2.282, 2.226, 2.117, 2.119, 2.179, 2.065, 2.028, 1.897, 1.955, 1.927, 1.926, 1.93, 1.823, 1.875, 1.876, 1.87, 1.736, 1.69]","[2.0, 1.95, 2.272, 2.125, 2.128, 2.094, 2.129, 2.293, 2.066, 2.012, 2.038, 1.952, 1.902, 1.816, 1.759, 1.849, 1.832, 1.802, 1.765, 1.738, 1.685, 1.723, 1.91, 1.824, 1.811, 1.789, 4.0, 4.0, 1.779, 1.772]"
mistralai/Ministral-3-3B-Instruct-2512,DOTUSDT,28,0.2914,19.89,2,1,"[1.547, 1.495, 1.543, 1.5, 1.461, 1.248, 1.368, 1.372, 1.337, 1.32, 1.283, 1.256, 1.283, 1.33, 1.421, 1.357, 1.376, 1.347, 1.311, 1.287, 1.341, 1.36, 1.313, 1.265, 1.238, 1.663, 1.609, 1.599, 1.662, 1.534]","[2.282, 2.28, 1.69, 1.0, 1.65, 1.62, 1.59, 1.56, 1.53, 1.5, 1.47, 1.44, 1.41, 1.38, 1.35, 1.32, 1.29, 1.26, 1.23, 1.2, 1.17, 1.14, 1.11, 1.08, 1.05, 1.02, 0.99, 0.96, 0.93, 0.9]"
mistralai/Ministral-3-3B-Instruct-2512,DOTUSDT,28,0.4747,32.81,2,1,"[1.509, 1.533, 1.541, 1.53, 1.488, 1.448, 1.452, 1.494, 1.486, 1.522, 1.518, 1.464, 1.414, 1.441, 1.64, 1.62, 1.577, 1.521, 1.499, 1.468, 1.413, 1.421, 1.401, 1.363, 1.321, 1.292, 1.259, 1.261, 1.243, 1.253]","[1.58, 1.6, 1.0, 1.0, 2.0, 1.238, 1.663, 5.0, 1.662, 1.534, 1.599, 1.609, 1.663, 1.663, 1.534, 4.0, 1.663, 1.68, 1.7, 1.72, 1.73, 1.74, 1.75, 1.76, 1.77, 1.78, 1.79, 1.8, 1.81, 1.82]"
mistralai/Ministral-3-3B-Instruct-2512,ETCUSDT,28,1.6317,13.51,2,1,"[12.06, 12.52, 12.56, 12.82, 13.31, 13.37, 12.88, 12.61, 12.61, 12.54, 12.37, 12.26, 13.29, 13.2, 12.65, 12.76, 12.85, 12.24, 12.03, 11.54, 11.66, 11.58, 11.67, 11.59, 11.14, 11.39, 11.58, 11.55, 10.81, 10.6]","[12.0, 30.0, 11.55, 11.62, 11.7, 11.78, 11.85, 11.92, 12.0, 12.07, 12.14, 12.21, 12.28, 12.35, 12.42, 12.49, 12.56, 12.63, 12.7, 12.77, 12.84, 12.91, 12.98, 13.05, 13.12, 13.19, 13.26, 13.33, 13.4, 13.47]"
mistralai/Ministral-3-3B-Instruct-2512,ETCUSDT,28,10.83,123.2,2,1,"[9.76, 9.5, 9.81, 9.57, 9.34, 8.06, 8.84, 8.78, 8.57, 8.59, 8.33, 8.14, 8.25, 8.53, 9.0, 8.74, 8.84, 8.68, 8.44, 8.27, 8.76, 9.05, 8.52, 8.36, 8.3, 9.15, 8.86, 8.65, 8.68, 8.47]","[12.56, 12.82, 30.0, 12.56, 12.82, 13.31, 13.37, 12.88, 12.61, 61.0, 12.54, 12.37, 12.26, 13.29, 13.2, 65.0, 12.76, 12.85, 12.24, 12.03, 11.54, 66.0, 11.58, 11.67, 11.59, 11.14, 11.39, 58.0, 11.55, 10.81]"
mistralai/Ministral-3-3B-Instruct-2512,ETCUSDT,28,0.7053,8.41,2,1,"[8.72, 8.49, 8.85, 8.65, 8.25, 8.12, 7.99, 8.16, 8.23, 8.28, 8.27, 8.49, 8.26, 8.48, 9.03, 8.86, 8.51, 8.34, 8.41, 8.18, 8.03, 8.59, 8.67, 8.68, 8.21, 8.09, 8.04, 7.95, 8.07, 8.19]","[9.2, 9.1, 9.81, 9.57, 9.34, 8.06, 8.84, 8.78, 8.57, 8.59, 8.33, 14.0, 8.25, 8.53, 9.0, 8.74, 8.84, 8.68, 8.44, 8.27, 8.76, 5.0, 8.52, 8.36, 8.3, 9.15, 8.86, 8.65, 8.68, 8.47]"
mistralai/Ministral-3-3B-Instruct-2512,ETHUSDT,28,201.1567,6.7,2,1,"[3004.19, 3125.45, 3127.11, 3144.7, 3224.99, 3296.84, 3168.72, 3106.65, 3088.4, 3086.72, 3123.45, 3095.75, 3325.82, 3354.92, 3318.69, 3296.28, 3310.56, 3284.03, 3189.55, 2939.88, 2982.27, 2952.69, 2956.41, 2953.22, 2816.89, 2930.35, 3026.77, 3010.78, 2822.59, 2707.38]","[3059.85, 3124.16, 2985.2, 2998.5, 3011.8, 3025.1, 3038.4, 3051.7, 3065.0, 3078.3, 3091.6, 3104.9, 3118.2, 3131.5, 3144.8, 3158.1, 3171.4, 3184.7, 3198.0, 3211.3, 3224.6, 3237.9, 3251.2, 3264.5, 3277.8, 3291.1, 3304.4, 3317.7, 3331.0, 3344.3]"
mistralai/Ministral-3-3B-Instruct-2512,ETHUSDT,28,563.0507,28.2,2,1,"[2451.95, 2270.15, 2347.02, 2233.72, 2148.26, 1826.83, 2063.38, 2087.08, 2089.74, 2105.02, 2022.67, 1941.18, 1947.85, 2048.72, 2086.59, 1966.58, 1998.33, 1991.66, 1955.91, 1949.08, 1968.88, 1973.35, 1957.82, 1856.3, 1851.94, 2057.48, 2027.68, 1929.84, 1964.51, 1939.71]","[2765.52, 2724.31, 2701.19, 2703.58, 2711.62, 2714.86, 2722.49, 2728.32, 2285.51, 2248.17, 2230.33, 2232.7, 2331.53, 2340.25, 2348.96, 2357.68, 2366.4, 2900.0, 2910.71, 2921.42, 2932.13, 1999.99, 2695.23, 2687.54, 2699.81, 2712.36, 2725.78, 2738.12, 2750.45, 2763.79]"
mistralai/Ministral-3-3B-Instruct-2512,ETHUSDT,28,74.665,3.5,2,1,"[2027.35, 1982.8, 2127.28, 2072.86, 1978.68, 1969.59, 1937.1, 1992.98, 2036.51, 2051.97, 2073.52, 2092.22, 2096.16, 2178.3, 2352.97, 2317.39, 2203.39, 2137.81, 2146.22, 2084.87, 2053.89, 2152.03, 2156.23, 2169.02, 2060.43, 1992.75, 1994.74, 1984.64, 2026.48, 2105.43]","[1982.45, 1995.78, 2008.92, 1982.45, 1995.78, 2008.92, 2021.13, 2029.56, 2035.28, 2040.12, 2044.89, 2049.23, 2053.57, 2057.89, 2062.11, 2066.34, 2070.56, 2074.78, 2078.99, 2083.11, 2087.23, 2091.35, 2095.47, 2099.59, 2103.71, 2107.83, 2111.95, 2116.07, 2119.19, 2123.31]"
mistralai/Ministral-3-3B-Instruct-2512,FILUSDT,28,0.585,44.05,2,1,"[1.483, 1.504, 1.494, 1.494, 1.569, 1.593, 1.519, 1.497, 1.488, 1.482, 1.457, 1.461, 1.576, 1.592, 1.504, 1.52, 1.551, 1.45, 1.384, 1.312, 1.348, 1.319, 1.313, 1.315, 1.251, 1.269, 1.272, 1.28, 1.194, 1.176]","[1.3, 1.28, 1.289, 1.278, 1.267, 1.256, 1.245, 1.234, 1.223, 1.212, 1.201, 1.19, 1.18, 1.17, 1.16, 1.15, 1.14, 1.13, 1.12, 1.11, 1.1, 1.09, 1.08, 1.07, 11.06, 1.06, 1.05, 1.04, 1.03, 1.02]"
mistralai/Ministral-3-3B-Instruct-2512,FILUSDT,28,0.5974,63.21,2,1,"[1.052, 1.035, 1.083, 1.068, 1.05, 0.883, 0.977, 0.976, 0.934, 0.938, 0.902, 0.879, 0.914, 0.958, 1.015, 0.963, 0.978, 0.96, 0.927, 0.915, 0.958, 0.97, 0.93, 0.891, 0.88, 1.062, 1.026, 0.994, 1.005, 0.964]","[1.28, 1.29, 1.17, 1.16, 1.15, 1.14, 1.13, 1.145, 1.155, 11.165, 1.175, 1.185, 1.195, 1.205, 1.215, 1.225, 1.235, 1.245, 1.255, 1.265, 1.275, 1.285, 1.29, 1.3, 1.31, 1.305, 1.3, 1.31, 1.32, 1.33]"
mistralai/Ministral-3-3B-Instruct-2512,FILUSDT,28,0.1781,19.86,2,1,"[0.987, 1.0, 1.025, 1.011, 0.978, 0.952, 0.934, 0.939, 0.866, 0.878, 0.877, 0.869, 0.883, 0.895, 0.99, 0.969, 0.925, 0.895, 0.902, 0.882, 0.848, 0.923, 0.923, 0.928, 0.869, 0.839, 0.801, 0.802, 0.816, 0.832]","[1.04, 1.03, 1.0, 2.0, 1.0, 1.0, 1.0, 1.0, 3.0, 1.0, 1.0, 1.0, 1.083, 1.068, 1.05, 0.883, 0.977, 0.934, 0.938, 0.902, 0.879, 0.958, 1.015, 0.963, 0.978, 0.927, 0.915, 0.958, 0.97, 0.891]"
mistralai/Ministral-3-3B-Instruct-2512,LINKUSDT,28,0.6563,5.11,2,1,"[12.6, 13.27, 13.23, 13.43, 13.9, 14.04, 13.44, 13.21, 13.14, 13.13, 13.21, 13.08, 14.06, 14.11, 13.8, 13.73, 13.75, 13.32, 12.88, 12.12, 12.4, 12.27, 12.22, 12.2, 11.52, 11.95, 12.03, 11.84, 11.13, 10.79]","[12.55, 12.6, 14.25, 13.59, 13.92, 13.65, 13.76, 14.41, 14.1, 14.07, 13.63, 13.64, 13.28, 12.85, 12.93, 12.27, 11.93, 12.54, 12.56, 12.44, 12.58, 12.39, 12.28, 12.07, 12.19, 12.52, 12.5, 12.3, 12.42, 12.21]"
mistralai/Ministral-3-3B-Instruct-2512,LINKUSDT,28,4.213,47.43,3,1,"[9.99, 9.41, 9.81, 9.49, 9.25, 7.92, 8.88, 8.91, 8.83, 8.83, 8.57, 8.33, 8.41, 8.77, 9.09, 8.79, 8.94, 8.82, 8.6, 8.58, 8.95, 8.87, 8.69, 8.26, 8.19, 9.27, 9.09, 8.71, 8.85, 8.67]","[10.5, 10.7, 30.0, 11.05, 11.18, 11.3, 11.42, 11.55, 11.67, 11.79, 11.91, 12.03, 12.15, 12.27, 12.39, 12.51, 12.63, 12.75, 12.87, 12.99, 13.11, 13.23, 13.35, 13.47, 13.59, 13.71, 13.83, 13.95, 14.07, 14.19]"
mistralai/Ministral-3-3B-Instruct-2512,LINKUSDT,28,4.3783,48.55,2,1,"[8.96, 8.8, 9.35, 9.21, 8.8, 8.7, 8.52, 8.87, 8.99, 8.99, 9.05, 9.08, 9.17, 9.5, 9.92, 9.79, 9.22, 9.04, 9.12, 8.82, 8.68, 9.11, 9.25, 9.37, 8.91, 8.57, 8.44, 8.42, 8.62, 8.78]","[8.83, 8.83, 30.0, 9.81, 9.49, 9.25, 7.92, 8.88, 8.91, 8.83, 8.83, 57.0, 8.33, 8.41, 8.77, 9.09, 8.79, 8.94, 8.82, 60.0, 8.58, 8.95, 8.87, 8.69, 8.26, 8.19, 9.27, 9.0, 8.71, 8.85]"
mistralai/Ministral-3-3B-Instruct-2512,LTCUSDT,28,5.4303,7.66,2,1,"[79.97, 81.93, 82.08, 82.26, 83.46, 83.96, 81.71, 81.31, 81.49, 81.19, 78.79, 76.12, 78.18, 76.67, 72.21, 75.22, 74.92, 72.29, 70.8, 67.12, 68.48, 68.19, 68.07, 68.19, 67.3, 69.72, 70.03, 69.42, 66.24, 65.47]","[82.5, 82.3, 79.23, 79.56, 78.97, 79.12, 79.45, 78.89, 79.01, 79.34, 78.76, 79.08, 78.59, 78.87, 78.36, 78.69, 78.17, 78.49, 78.01, 78.33, 77.74, 78.06, 77.58, 77.9, 77.21, 77.53, 76.95, 77.27, 76.79, 77.11]"
mistralai/Ministral-3-3B-Instruct-2512,LTCUSDT,28,13.6767,25.19,2,1,"[59.53, 58.49, 60.02, 59.48, 58.89, 50.79, 55.02, 55.19, 54.53, 54.45, 53.38, 52.32, 53.15, 55.03, 55.99, 55.08, 55.13, 53.96, 53.32, 52.7, 55.19, 54.9, 53.48, 51.35, 51.15, 56.76, 55.62, 54.56, 54.4, 53.24]","[65.5, 65.3, 67.0, 70.0, 66.3, 66.5, 66.7, 66.9, 67.1, 67.3, 67.5, 67.7, 67.9, 68.1, 68.3, 68.5, 68.7, 68.9, 69.1, 69.3, 69.5, 69.7, 70.0, 70.2, 70.4, 70.6, 70.8, 71.0, 71.2, 71.4]"
mistralai/Ministral-3-3B-Instruct-2512,LTCUSDT,28,3.9457,7.27,2,1,"[54.61, 54.76, 56.77, 55.46, 53.81, 53.58, 52.59, 53.77, 53.87, 54.8, 54.56, 55.3, 54.98, 56.27, 58.7, 58.09, 56.08, 55.54, 56.17, 54.81, 53.51, 55.72, 56.38, 56.65, 54.59, 53.72, 53.85, 53.32, 53.34, 53.95]","[55.3, 55.5, 60.02, 59.48, 58.89, 50.79, 55.02, 30.0, 30.0, 53.8, 54.1, 54.3, 54.6, 54.9, 55.2, 55.5, 55.8, 56.1, 56.4, 56.7, 57.0, 57.3, 57.6, 57.9, 58.2, 58.5, 58.8, 59.1, 59.4, 59.7]"
mistralai/Ministral-3-3B-Instruct-2512,NEARUSDT,28,0.2245,13.73,2,1,"[1.627, 1.692, 1.711, 1.728, 1.774, 1.808, 1.722, 1.686, 1.703, 1.689, 1.702, 1.675, 1.859, 1.799, 1.722, 1.731, 1.751, 1.629, 1.597, 1.506, 1.529, 1.513, 1.509, 1.506, 1.436, 1.463, 1.49, 1.489, 1.375, 1.323]","[1.51, 1.52, 1.0, 1.0, 1.0, 1.516, 1.523, 1.53, 1.538, 1.545, 1.552, 1.559, 1.566, 1.573, 1.58, 1.587, 1.594, 1.601, 1.608, 1.615, 1.622, 1.629, 1.636, 1.643, 1.65, 1.657, 1.664, 1.671, 1.678, 1.685]"
mistralai/Ministral-3-3B-Instruct-2512,NEARUSDT,28,3.0657,286.61,2,1,"[1.206, 1.173, 1.2, 1.176, 1.16, 0.976, 1.087, 1.075, 1.038, 1.03, 0.993, 0.962, 0.964, 1.024, 1.086, 1.056, 1.058, 1.044, 1.017, 1.007, 1.054, 1.059, 1.022, 0.981, 0.967, 1.172, 1.127, 1.094, 1.172, 1.15]","[1.45, 1.47, 10.0, 10.0, 1.323, 1.375, 1.436, 1.463, 1.489, 1.49, 1.506, 1.509, 1.529, 1.597, 10.0, 10.0, 10.0, 10.0, 10.0, 10.0, 10.0, 1.0, 4.0, 1.597, 1.6, 1.61, 1.62, 1.63, 1.64, 1.65]"
mistralai/Ministral-3-3B-Instruct-2512,NEARUSDT,28,0.1661,13.04,2,1,"[1.36, 1.358, 1.311, 1.271, 1.227, 1.214, 1.212, 1.235, 1.284, 1.299, 1.368, 1.336, 1.325, 1.35, 1.49, 1.452, 1.386, 1.335, 1.316, 1.281, 1.274, 1.311, 1.292, 1.28, 1.224, 1.18, 1.173, 1.164, 1.162, 1.189]","[2.0, 1.0, 2.0, 1.175, 1.188, 1.202, 1.215, 1.228, 1.241, 1.254, 1.267, 1.28, 1.293, 1.306, 1.319, 1.332, 1.345, 1.358, 1.371, 1.384, 1.397, 1.41, 1.423, 1.436, 1.449, 1.462, 1.475, 1.488, 1.501, 1.514]"
mistralai/Ministral-3-3B-Instruct-2512,SOLUSDT,28,8.7287,6.45,2,1,"[126.9, 132.29, 133.37, 134.12, 137.9, 141.08, 136.39, 138.37, 135.97, 135.84, 139.7, 139.22, 145.51, 146.69, 142.4, 144.89, 143.72, 137.87, 133.44, 125.8, 129.54, 128.47, 127.43, 127.21, 118.85, 124.24, 127.19, 125.35, 117.82, 117.59]","[130.0, 129.5, 125.3, 125.8, 126.2, 126.5, 126.7, 127.0, 127.3, 127.5, 127.7, 128.0, 128.2, 128.4, 128.6, 128.7, 128.9, 129.1, 129.2, 129.3, 129.4, 129.5, 129.6, 129.7, 129.8, 129.9, 130.0, 130.1, 130.2, 130.3]"
mistralai/Ministral-3-3B-Instruct-2512,SOLUSDT,28,37.918,44.47,2,1,"[105.58, 100.79, 104.55, 97.89, 92.12, 78.35, 87.46, 87.59, 86.99, 86.77, 82.99, 79.3, 78.4, 84.33, 88.06, 86.16, 86.45, 85.08, 81.61, 82.5, 84.67, 85.17, 82.79, 77.9, 78.99, 88.06, 85.91, 81.85, 84.35, 83.6]","[135.5, 136.2, 125.0, 130.0, 126.5, 126.2, 125.8, 125.5, 125.3, 125.0, 124.8, 124.5, 124.2, 124.0, 123.8, 123.5, 123.3, 123.1, 122.9, 122.7, 122.5, 122.3, 122.1, 121.9, 121.7, 121.5, 121.3, 121.1, 120.9, 120.7]"
mistralai/Ministral-3-3B-Instruct-2512,SOLUSDT,28,6.7367,7.59,2,1,"[86.64, 86.97, 90.85, 88.77, 84.7, 83.22, 81.59, 84.96, 85.88, 86.58, 86.84, 88.18, 88.03, 92.3, 96.2, 94.62, 90.08, 88.89, 89.84, 87.56, 86.2, 91.43, 90.8, 91.7, 86.53, 83.11, 82.09, 81.44, 82.54, 83.2]","[85.23, 86.12, 104.55, 97.89, 92.12, 78.35, 87.46, 87.59, 86.99, 77.0, 82.99, 79.3, 78.4, 84.33, 88.06, 86.16, 45.0, 85.08, 81.61, 82.5, 84.67, 85.17, 82.79, 90.0, 78.99, 88.06, 85.91, 81.85, 84.35, 83.6]"
mistralai/Ministral-3-3B-Instruct-2512,TRXUSDT,28,0.086,28.92,2,1,"[0.2871, 0.289, 0.2956, 0.2939, 0.2922, 0.2942, 0.2981, 0.295, 0.2984, 0.3024, 0.2995, 0.2998, 0.3071, 0.3047, 0.3126, 0.3096, 0.3188, 0.3178, 0.3119, 0.297, 0.2993, 0.3054, 0.2979, 0.2954, 0.2957, 0.2966, 0.2947, 0.2954, 0.295, 0.2942]","[0.2875, 0.288, 0.2862, 0.2856, 0.2871, 0.2868, 0.2822, 0.2801, 0.2805, 0.271, 0.2773, 0.2783, 0.2796, 0.2793, 0.28, 0.2883, 0.2844, 0.2836, 0.2787, 0.2795, 0.2849, 0.285, 0.2863, 0.2845, 1.0, 1.0, 1.0, 0.2856, 0.2859, 0.2863]"
mistralai/Ministral-3-3B-Instruct-2512,TRXUSDT,28,0.0918,32.4,2,1,"[0.2866, 0.2847, 0.2835, 0.2861, 0.2833, 0.2696, 0.2741, 0.2782, 0.2778, 0.2791, 0.2782, 0.2784, 0.28, 0.2823, 0.2826, 0.2805, 0.2846, 0.2821, 0.2788, 0.2849, 0.2854, 0.289, 0.2906, 0.2816, 0.2837, 0.2853, 0.2857, 0.2828, 0.2819, 0.2807]","[0.3, 0.301, 1.0, 1.0, 0.3105, 0.3123, 0.3141, 0.3158, 0.3175, 0.3192, 0.3209, 0.3226, 0.3243, 0.3259, 0.3276, 0.3293, 0.3309, 0.3326, 0.3342, 0.3358, 0.3374, 0.3389, 0.3405, 0.342, 0.3435, 0.345, 0.3465, 0.348, 0.3495, 0.351]"
mistralai/Ministral-3-3B-Instruct-2512,TRXUSDT,28,0.2478,85.87,2,1,"[0.2832, 0.2805, 0.2871, 0.2852, 0.2846, 0.2866, 0.2891, 0.2856, 0.2858, 0.2913, 0.2891, 0.2934, 0.2978, 0.2987, 0.2956, 0.3068, 0.3045, 0.3036, 0.3097, 0.3121, 0.3104, 0.3081, 0.3061, 0.3146, 0.3115, 0.3113, 0.3167, 0.322, 0.32, 0.3133]","[0.285, 0.286, 1.0, 1.0, 1.0, 1.0, 1.0, 1.0, 1.0, 1.0, 1.0, 1.0, 0.2865, 0.2872, 0.2879, 0.2886, 0.2893, 0.2899, 0.2906, 0.2913, 0.2919, 0.2925, 0.2931, 0.2937, 0.2943, 0.2949, 0.2955, 0.2961, 0.2967, 0.2973]"
mistralai/Ministral-3-3B-Instruct-2512,UNIUSDT,28,1.2523,25.52,2,1,"[5.809, 6.038, 5.917, 5.85, 6.162, 6.07, 5.726, 5.488, 5.467, 5.476, 5.456, 5.367, 5.73, 5.681, 5.35, 5.315, 5.352, 5.095, 5.026, 4.803, 4.94, 4.836, 4.873, 4.855, 4.637, 4.711, 4.8, 4.82, 4.396, 4.276]","[5.6, 5.7, 5.75, 5.8, 6.0, 5.95, 6.05, 6.1, 6.15, 6.2, 6.25, 6.3, 6.35, 6.4, 6.45, 6.5, 6.55, 6.6, 6.65, 6.7, 6.75, 6.8, 6.85, 6.9, 6.95, 7.0, 7.05, 7.1, 7.15, 7.2]"
mistralai/Ministral-3-3B-Instruct-2512,UNIUSDT,28,2.1182,55.25,2,1,"[3.96, 3.837, 3.925, 3.86, 3.801, 3.168, 3.552, 3.539, 3.468, 3.493, 3.36, 3.369, 3.247, 3.398, 3.629, 3.471, 3.601, 3.524, 3.403, 3.391, 3.492, 3.609, 3.491, 3.349, 3.337, 4.055, 3.879, 3.742, 3.811, 3.748]","[4.276, 4.3, 30.0, 30.0, 4.2, 4.15, 4.1, 4.05, 4.0, 3.95, 3.9, 3.85, 3.8, 3.75, 3.7, 3.65, 3.6, 3.55, 3.5, 3.45, 3.4, 3.35, 3.3, 3.25, 3.2, 3.15, 3.1, 3.05, 3.0, 2.95]"
mistralai/Ministral-3-3B-Instruct-2512,UNIUSDT,28,1.3548,37.62,2,1,"[3.929, 3.912, 3.977, 3.97, 3.848, 3.771, 3.661, 3.861, 3.843, 3.898, 3.918, 4.004, 3.948, 4.069, 4.157, 3.957, 3.681, 3.579, 3.605, 3.486, 3.471, 3.587, 3.609, 3.708, 3.528, 3.388, 3.384, 3.355, 3.48, 3.545]","[3.65, 3.58, 3.52, 3.47, 3.42, 3.37, 3.32, 3.27, 3.22, 3.17, 3.12, 3.07, 3.02, 2.97, 3.01, 3.06, 3.11, 3.16, 3.21, 30.26, 3.26, 3.31, 3.36, 3.41, 3.46, 3.51, 3.56, 3.61, 3.66, 3.71]"
mistralai/Ministral-3-3B-Instruct-2512,XLMUSDT,28,0.0243,11.32,2,1,"[0.2087, 0.2191, 0.2222, 0.233, 0.2526, 0.2438, 0.2342, 0.2302, 0.2284, 0.2264, 0.2244, 0.2193, 0.2386, 0.2361, 0.2285, 0.226, 0.2309, 0.2182, 0.2157, 0.207, 0.2124, 0.2115, 0.2122, 0.2115, 0.2033, 0.2074, 0.2085, 0.2105, 0.1987, 0.1919]","[0.225, 0.227, 0.203, 0.205, 0.207, 0.209, 0.211, 0.213, 0.215, 0.217, 0.219, 0.221, 0.223, 0.225, 0.227, 0.229, 0.231, 0.233, 0.235, 0.237, 0.239, 0.241, 0.243, 0.245, 0.247, 0.249, 0.251, 0.253, 0.255, 0.257]"
mistralai/Ministral-3-3B-Instruct-2512,XLMUSDT,28,0.3195,196.49,2,1,"[0.181, 0.1751, 0.1787, 0.1758, 0.1714, 0.1471, 0.1642, 0.1619, 0.1615, 0.1596, 0.1585, 0.1547, 0.1563, 0.1646, 0.1744, 0.1702, 0.1698, 0.1657, 0.1613, 0.1591, 0.1627, 0.161, 0.155, 0.1514, 0.1496, 0.1627, 0.1622, 0.1588, 0.159, 0.1541]","[0.2098, 0.2102, 1.0, 1.0, 1.0, 1.0, 1.0, 1.0, 1.0, 1.0, 1.0, 1.0, 0.2222, 0.233, 0.2526, 0.2438, 0.2302, 0.2284, 0.2264, 0.2193, 0.2386, 0.2361, 0.226, 0.2309, 0.2182, 0.207, 0.2124, 0.2115, 0.2115, 0.2033]"
mistralai/Ministral-3-3B-Instruct-2512,XLMUSDT,28,0.0108,6.6,2,1,"[0.1557, 0.1515, 0.1595, 0.1569, 0.1522, 0.1504, 0.1482, 0.1508, 0.1586, 0.1592, 0.16, 0.1641, 0.1665, 0.1693, 0.176, 0.1736, 0.1702, 0.1654, 0.1654, 0.1621, 0.156, 0.1668, 0.1738, 0.1774, 0.1738, 0.1674, 0.168, 0.1645, 0.1674, 0.1673]","[0.165, 0.167, 0.1787, 0.1758, 0.1714, 0.1471, 0.1619, 0.1615, 0.1596, 0.1547, 0.1563, 0.1646, 0.1702, 0.1698, 0.1657, 0.1591, 0.1627, 0.161, 0.1514, 0.1496, 0.1627, 0.1588, 0.159, 0.1541, 0.1532, 0.1528, 0.1535, 0.1542, 0.155, 0.1557]"
mistralai/Ministral-3-3B-Instruct-2512,XRPUSDT,28,0.2811,13.39,2,1,"[1.8799, 2.0069, 2.0182, 2.0909, 2.3478, 2.3042, 2.1657, 2.1232, 2.0958, 2.0907, 2.0745, 2.054, 2.1655, 2.1394, 2.0789, 2.0678, 2.0631, 1.9914, 1.986, 1.89, 1.9476, 1.9236, 1.9196, 1.9143, 1.8356, 1.9041, 1.9158, 1.9111, 1.8076, 1.7352]","[1.9, 1.92, 2.096, 2.0344, 1.8423, 2.0, 1.0, 1.0, 2.0, 1.0, 1.0, 2.0, 1.0, 2.0, 1.885, 1.892, 1.898, 1.905, 1.912, 1.918, 1.925, 1.931, 1.937, 1.943, 1.949, 1.955, 1.961, 1.967, 1.973, 1.979]"
mistralai/Ministral-3-3B-Instruct-2512,XRPUSDT,28,0.2215,15.33,2,1,"[1.6472, 1.5908, 1.6198, 1.5791, 1.512, 1.2146, 1.4698, 1.4231, 1.4308, 1.437, 1.3999, 1.3697, 1.3635, 1.4071, 1.5094, 1.4753, 1.4876, 1.4743, 1.4219, 1.4068, 1.4292, 1.4304, 1.3932, 1.3518, 1.3482, 1.4339, 1.4027, 1.3562, 1.3762, 1.3524]","[2.02, 2.03, 1.0, 2.0, 1.72, 1.71, 1.7, 1.69, 1.68, 1.67, 1.66, 1.65, 1.64, 1.63, 1.62, 1.61, 1.6, 1.59, 1.58, 1.57, 1.56, 1.55, 1.54, 1.53, 1.52, 1.51, 1.5, 1.49, 1.48, 1.47]"
mistralai/Ministral-3-3B-Instruct-2512,XRPUSDT,28,0.1618,11.84,2,1,"[1.39, 1.3607, 1.4309, 1.4037, 1.3633, 1.3567, 1.34, 1.3631, 1.3863, 1.3847, 1.3846, 1.3989, 1.4063, 1.4487, 1.543, 1.5182, 1.4647, 1.4475, 1.4452, 1.4086, 1.3848, 1.4323, 1.416, 1.4145, 1.3609, 1.3257, 1.3333, 1.3278, 1.3242, 1.3411]","[1.45, 1.47, 1.0, 2.0, 1.6198, 1.5791, 1.512, 1.2146, 1.4231, 1.4308, 1.437, 1.3697, 1.3635, 1.4071, 1.4753, 1.4876, 1.4743, 1.4068, 1.4292, 1.4304, 1.3518, 1.3482, 1.4339, 1.3562, 1.3762, 1.3524, 0.8, 2.0, 1.0, 2.0]"
