Model,Coin,Lookback,MAE_Window,MAPE_Window,Total_Attempts,Final_Style,Actual_30_Days,Predicted_30_Days
microsoft/Phi-3.5-mini-instruct,ADAUSDT,1,0.0462,11.8,0,0,"[0.3565, 0.3949, 0.3893, 0.4007, 0.4211, 0.4194, 0.4022, 0.3956, 0.3914, 0.3886, 0.391, 0.3862, 0.4218, 0.4143, 0.3936, 0.3955, 0.3973, 0.3758, 0.3703, 0.3507, 0.3659, 0.3594, 0.3602, 0.3583, 0.3391, 0.3521, 0.3608, 0.3583, 0.3347, 0.3208]","[0.333501, 0.333502, 0.333503, 0.333504, 0.333505, 0.333506, 0.333507, 0.333508, 0.333509, 0.33351, 0.333511, 0.333512, 0.333513, 0.333514, 0.333515, 0.333516, 0.333517, 0.333518, 0.333519, 0.33352, 0.333521, 0.333522, 0.333523, 0.333524, 0.333525, 0.333526, 0.333527, 0.333528, 0.333529, 0.33353]"
microsoft/Phi-3.5-mini-instruct,ADAUSDT,1,0.0438,16.07,0,0,"[0.2936, 0.2858, 0.2991, 0.2917, 0.2864, 0.2455, 0.2762, 0.2721, 0.2701, 0.2699, 0.262, 0.2559, 0.2643, 0.2728, 0.295, 0.2818, 0.2858, 0.2811, 0.2735, 0.2729, 0.2849, 0.28, 0.2717, 0.2623, 0.2587, 0.2971, 0.287, 0.2776, 0.281, 0.2735]","[0.320801, 0.320802, 0.320803, 0.320804, 0.320805, 0.320806, 0.320807, 0.320808, 0.320809, 0.32081, 0.320811, 0.320812, 0.320813, 0.320814, 0.320815, 0.320816, 0.320817, 0.320818, 0.320819, 0.32082, 0.320821, 0.320822, 0.320823, 0.320824, 0.320825, 0.320826, 0.320827, 0.320828, 0.320829, 0.32083]"
microsoft/Phi-3.5-mini-instruct,ADAUSDT,1,0.0143,5.6,0,0,"[0.2771, 0.2625, 0.2763, 0.2692, 0.259, 0.2544, 0.2493, 0.2552, 0.2621, 0.2626, 0.2636, 0.2656, 0.2634, 0.2702, 0.2904, 0.2891, 0.2742, 0.2675, 0.2661, 0.2574, 0.2506, 0.2616, 0.2664, 0.2705, 0.2547, 0.2461, 0.246, 0.2398, 0.2434, 0.2418]","[0.273501, 0.273502, 0.273503, 0.273504, 0.273505, 0.273506, 0.273507, 0.273508, 0.273509, 0.27351, 0.273511, 0.273512, 0.273513, 0.273514, 0.273515, 0.273516, 0.273517, 0.273518, 0.273519, 0.27352, 0.273521, 0.273522, 0.273523, 0.273524, 0.273525, 0.273526, 0.273527, 0.273528, 0.273529, 0.27353]"
microsoft/Phi-3.5-mini-instruct,ALGOUSDT,1,0.0162,12.43,0,0,"[0.1202, 0.1275, 0.1279, 0.1362, 0.1396, 0.1423, 0.1364, 0.1344, 0.1332, 0.1337, 0.1323, 0.129, 0.1385, 0.1365, 0.128, 0.1303, 0.1315, 0.1228, 0.1209, 0.1143, 0.1177, 0.1188, 0.1203, 0.1186, 0.1147, 0.1221, 0.122, 0.1263, 0.1145, 0.1121]","[0.110501, 0.110502, 0.110503, 0.110504, 0.110505, 0.110506, 0.110507, 0.110508, 0.110509, 0.11051, 0.110511, 0.110512, 0.110513, 0.110514, 0.110515, 0.110516, 0.110517, 0.110518, 0.110519, 0.11052, 0.110521, 0.110522, 0.110523, 0.110524, 0.110525, 0.110526, 0.110527, 0.110528, 0.110529, 0.11053]"
microsoft/Phi-3.5-mini-instruct,ALGOUSDT,1,0.0188,20.63,0,0,"[0.104, 0.1005, 0.1049, 0.1064, 0.1031, 0.0884, 0.0989, 0.0977, 0.0969, 0.096, 0.0917, 0.0891, 0.0918, 0.0941, 0.0997, 0.0959, 0.0947, 0.0931, 0.091, 0.0892, 0.0905, 0.0896, 0.0868, 0.0839, 0.0835, 0.091, 0.088, 0.0866, 0.0879, 0.0856]","[0.112101, 0.112102, 0.112103, 0.112104, 0.112105, 0.112106, 0.112107, 0.112108, 0.112109, 0.11211, 0.112111, 0.112112, 0.112113, 0.112114, 0.112115, 0.112116, 0.112117, 0.112118, 0.112119, 0.11212, 0.112121, 0.112122, 0.112123, 0.112124, 0.112125, 0.112126, 0.112127, 0.112128, 0.112129, 0.11213]"
microsoft/Phi-3.5-mini-instruct,ALGOUSDT,1,0.0036,4.04,0,0,"[0.088, 0.0861, 0.0888, 0.0873, 0.0844, 0.083, 0.0818, 0.0833, 0.0853, 0.0862, 0.089, 0.0939, 0.091, 0.0926, 0.0972, 0.0947, 0.0901, 0.0893, 0.0898, 0.0868, 0.0855, 0.0875, 0.0872, 0.0875, 0.084, 0.0815, 0.0816, 0.0812, 0.0822, 0.0939]","[0.085601, 0.085602, 0.085603, 0.085604, 0.085605, 0.085606, 0.085607, 0.085608, 0.085609, 0.08561, 0.085611, 0.085612, 0.085613, 0.085614, 0.085615, 0.085616, 0.085617, 0.085618, 0.085619, 0.08562, 0.085621, 0.085622, 0.085623, 0.085624, 0.085625, 0.085626, 0.085627, 0.085628, 0.085629, 0.08563]"
microsoft/Phi-3.5-mini-instruct,ATOMUSDT,1,0.4488,18.51,0,0,"[2.069, 2.168, 2.239, 2.34, 2.369, 2.532, 2.433, 2.461, 2.592, 2.57, 2.574, 2.487, 2.636, 2.582, 2.477, 2.494, 2.567, 2.426, 2.456, 2.295, 2.382, 2.335, 2.368, 2.334, 2.236, 2.222, 2.244, 2.237, 2.128, 2.112]","[1.93, 1.93, 1.93, 1.93, 1.930001, 1.930001, 1.930001, 1.930001, 1.930001, 1.930001, 1.930001, 1.930001, 1.930001, 1.930001, 1.930001, 1.930002, 1.930002, 1.930002, 1.930002, 1.930002, 1.930002, 1.930002, 1.930002, 1.930002, 1.930003, 1.930003, 1.930003, 1.930003, 1.930003, 1.930003]"
microsoft/Phi-3.5-mini-instruct,ATOMUSDT,1,0.1604,7.98,0,0,"[1.971, 1.91, 1.982, 2.036, 1.995, 1.819, 1.987, 1.989, 1.95, 1.96, 1.922, 1.945, 1.968, 2.122, 2.186, 2.137, 2.292, 2.242, 2.346, 2.292, 2.358, 2.314, 2.25, 2.12, 1.992, 1.942, 1.879, 1.849, 1.849, 1.799]","[2.112, 2.112, 2.112, 2.112, 2.112001, 2.112001, 2.112001, 2.112001, 2.112001, 2.112001, 2.112001, 2.112001, 2.112001, 2.112001, 2.112001, 2.112002, 2.112002, 2.112002, 2.112002, 2.112002, 2.112002, 2.112002, 2.112002, 2.112002, 2.112003, 2.112003, 2.112003, 2.112003, 2.112003, 2.112003]"
microsoft/Phi-3.5-mini-instruct,ATOMUSDT,1,0.0645,3.61,0,0,"[1.843, 1.814, 1.879, 1.84, 1.809, 1.785, 1.738, 1.743, 1.788, 1.84, 1.838, 1.862, 1.87, 1.861, 1.978, 1.961, 1.909, 1.811, 1.834, 1.793, 1.769, 1.786, 1.787, 1.765, 1.699, 1.676, 1.666, 1.646, 1.665, 1.707]","[1.799001, 1.799002, 1.799003, 1.799004, 1.799005, 1.799006, 1.799007, 1.799008, 1.799009, 1.79901, 1.799011, 1.799012, 1.799013, 1.799014, 1.799015, 1.799016, 1.799017, 1.799018, 1.799019, 1.79902, 1.799021, 1.799022, 1.799023, 1.799024, 1.799025, 1.799026, 1.799027, 1.799028, 1.799029, 1.79903]"
microsoft/Phi-3.5-mini-instruct,AVAXUSDT,1,1.17,8.65,0,0,"[13.59, 13.82, 13.99, 14.25, 14.45, 14.59, 14.11, 13.89, 13.79, 13.74, 13.7, 13.53, 14.75, 14.6, 13.82, 13.59, 13.75, 12.98, 12.74, 12.09, 12.42, 12.2, 12.13, 12.05, 11.49, 11.72, 12.14, 12.07, 11.04, 10.87]","[12.32, 12.32, 12.32, 12.32, 12.32, 12.32, 12.32, 12.32, 12.32, 12.32, 12.32, 12.32, 12.32, 12.32, 12.32, 12.32, 12.32, 12.32, 12.32, 12.32, 12.32, 12.32, 12.32, 12.32, 12.32, 12.32, 12.32, 12.32, 12.32, 12.32]"
microsoft/Phi-3.5-mini-instruct,AVAXUSDT,1,1.7017,18.87,0,0,"[10.12, 9.91, 10.14, 9.93, 9.72, 8.32, 9.28, 9.23, 9.08, 9.06, 8.76, 8.63, 8.9, 9.14, 9.59, 9.29, 9.26, 9.14, 8.86, 8.91, 9.17, 9.12, 8.87, 8.36, 8.29, 9.51, 9.31, 8.95, 9.16, 9.04]","[10.87, 10.87, 10.87, 10.87, 10.87, 10.870001, 10.870001, 10.870001, 10.870001, 10.870001, 10.870001, 10.870001, 10.870001, 10.870001, 10.870002, 10.870002, 10.870002, 10.870002, 10.870002, 10.870002, 10.870002, 10.870002, 10.870002, 10.870002, 10.870003, 10.870003, 10.870003, 10.870003, 10.870003, 10.870003]"
microsoft/Phi-3.5-mini-instruct,AVAXUSDT,1,0.438,4.55,0,0,"[9.17, 9.18, 9.5, 9.39, 9.01, 8.91, 8.82, 9.26, 9.53, 9.55, 9.67, 9.72, 9.73, 9.95, 10.49, 10.2, 9.69, 9.48, 9.56, 9.21, 9.03, 9.56, 9.62, 9.68, 9.11, 8.79, 8.75, 8.6, 8.81, 8.91]","[9.04, 9.04, 9.04, 9.04, 9.04, 9.04, 9.04, 9.04, 9.04, 9.04, 9.04, 9.04, 9.04, 9.04, 9.04, 9.04, 9.04, 9.04, 9.04, 9.04, 9.04, 9.04, 9.04, 9.04, 9.04, 9.04, 9.04, 9.04, 9.04, 9.04]"
microsoft/Phi-3.5-mini-instruct,BCHUSDT,1,22.2133,3.63,0,0,"[593.2, 609.8, 654.5, 639.1, 645.2, 638.2, 629.2, 632.0, 634.7, 643.9, 649.1, 621.7, 617.0, 597.4, 590.8, 599.5, 594.1, 591.4, 584.0, 573.2, 584.8, 599.2, 595.7, 593.6, 572.2, 578.7, 600.2, 591.1, 554.1, 553.2]","[599.5, 599.5, 599.5, 599.5, 599.5, 599.5, 599.5, 599.5, 599.5, 599.5, 599.5, 599.5, 599.5, 599.5, 599.5, 599.5, 599.5, 599.5, 599.5, 599.5, 599.5, 599.5, 599.5, 599.5, 599.5, 599.5, 599.5, 599.5, 599.5, 599.5]"
microsoft/Phi-3.5-mini-instruct,BCHUSDT,1,37.3033,7.62,0,0,"[507.5, 516.2, 539.7, 527.1, 532.5, 453.9, 523.2, 525.1, 527.0, 533.0, 524.3, 516.2, 503.0, 563.9, 562.9, 553.5, 569.2, 563.4, 558.0, 560.4, 562.4, 564.1, 570.7, 495.8, 484.8, 492.9, 478.4, 461.5, 457.6, 441.7]","[553.2, 553.2, 553.2, 553.2, 553.2, 553.2, 553.2, 553.2, 553.2, 553.2, 553.2, 553.2, 553.2, 553.2, 553.2, 553.2, 553.2, 553.2, 553.2, 553.2, 553.2, 553.2, 553.2, 553.2, 553.2, 553.2, 553.2, 553.2, 553.2, 553.2]"
microsoft/Phi-3.5-mini-instruct,BCHUSDT,1,20.0367,4.28,0,0,"[445.3, 443.9, 466.9, 461.6, 449.7, 450.2, 443.1, 444.6, 447.1, 455.1, 455.2, 461.0, 467.6, 469.7, 478.8, 470.7, 456.9, 455.6, 474.6, 462.6, 467.4, 478.0, 477.4, 473.6, 461.9, 472.9, 481.2, 452.7, 460.3, 466.5]","[441.7, 441.7, 441.7, 441.7, 441.7, 441.7, 441.7, 441.7, 441.7, 441.7, 441.7, 441.7, 441.7, 441.7, 441.7, 441.7, 441.7, 441.7, 441.7, 441.7, 441.7, 441.7, 441.7, 441.7, 441.7, 441.7, 441.7, 441.7, 441.7, 441.7]"
microsoft/Phi-3.5-mini-instruct,BNBUSDT,1,37.0163,4.04,0,0,"[864.39, 881.25, 878.63, 895.43, 910.31, 917.64, 900.3, 892.26, 896.86, 907.93, 904.32, 905.78, 943.73, 948.47, 931.2, 938.16, 947.12, 932.51, 923.6, 884.2, 883.36, 888.06, 891.63, 887.17, 866.02, 879.41, 898.36, 902.91, 868.69, 858.81]","[864.3, 864.3, 864.3, 864.3, 864.3, 864.3, 864.3, 864.3, 864.3, 864.3, 864.3, 864.3, 864.3, 864.3, 864.3, 864.3, 864.3, 864.3, 864.3, 864.3, 864.3, 864.3, 864.3, 864.3, 864.3, 864.3, 864.3, 864.3, 864.3, 864.3]"
microsoft/Phi-3.5-mini-instruct,BNBUSDT,1,216.4087,34.49,0,0,"[781.38, 758.54, 773.94, 754.78, 697.27, 608.3, 657.21, 647.0, 639.93, 636.39, 619.85, 608.11, 614.29, 618.94, 632.77, 615.16, 627.19, 617.74, 604.8, 607.83, 625.91, 625.61, 614.8, 596.41, 583.6, 629.42, 625.74, 614.03, 617.14, 617.96]","[858.81, 858.81, 858.81, 858.81, 858.81, 858.81, 858.81, 858.81, 858.81, 858.81, 858.81, 858.81, 858.81, 858.81, 858.81, 858.81, 858.81, 858.81, 858.81, 858.81, 858.81, 858.81, 858.81, 858.81, 858.81, 858.81, 858.81, 858.81, 858.81, 858.81]"
microsoft/Phi-3.5-mini-instruct,BNBUSDT,1,23.0283,3.54,0,0,"[637.79, 633.56, 657.99, 647.85, 627.31, 620.26, 611.98, 634.64, 642.0, 651.46, 651.72, 655.73, 657.7, 673.77, 679.71, 668.61, 652.27, 639.15, 642.11, 630.7, 626.41, 639.11, 638.3, 647.66, 628.86, 613.95, 611.08, 606.09, 609.29, 617.43]","[618.0, 618.0, 618.0, 618.0, 618.0, 618.0, 618.0, 618.0, 618.0, 618.0, 618.0, 618.0, 618.0, 618.0, 618.0, 618.0, 618.0, 618.0, 618.0, 618.0, 618.0, 618.0, 618.0, 618.0, 618.0, 618.0, 618.0, 618.0, 618.0, 618.0]"
microsoft/Phi-3.5-mini-instruct,BTCUSDT,1,8116.3193,8.97,0,0,"[88839.04, 89995.13, 90628.01, 91529.73, 93859.71, 93747.97, 91364.16, 91099.99, 90641.28, 90504.7, 91013.65, 91296.2, 95414.0, 96951.78, 95604.8, 95550.94, 95147.77, 93673.14, 92631.0, 88427.66, 89454.73, 89559.67, 89600.26, 89225.34, 86670.36, 88347.08, 89250.0, 89299.99, 84650.16, 84260.49]","[220000.0, 87648.22, 87648.22, 87648.22, 87648.22, 87648.22, 87648.22, 87648.22, 87648.22, 87648.22, 87648.22, 87648.22, 87648.22, 87648.22, 87648.22, 87648.22, 87648.22, 87648.22, 87648.22, 87648.22, 87648.22, 87648.22, 87648.22, 87648.22, 87648.22, 87648.22, 87648.22, 87648.22, 87648.22, 87648.22]"
microsoft/Phi-3.5-mini-instruct,BTCUSDT,1,28696.9223,39.51,0,0,"[78741.09, 76968.21, 78738.61, 75770.21, 73165.83, 62909.86, 70580.26, 69289.38, 70330.38, 70138.0, 68841.29, 67082.52, 66272.17, 68853.96, 69822.95, 68832.58, 68892.43, 67503.52, 66461.0, 67003.73, 68020.01, 67975.93, 67643.4, 64656.02, 64058.15, 67988.04, 67485.18, 65872.1, 66973.26, 65776.47]","[490000.0, 84260.49, 84260.49, 84260.49, 84260.49, 84260.49, 84260.49, 84260.49, 84260.49, 84260.49, 84260.49, 84260.49, 84260.49, 84260.49, 84260.49, 84260.49, 84260.49, 84260.49, 84260.49, 84260.49, 84260.49, 84260.49, 84260.49, 84260.49, 84260.49, 84260.49, 84260.49, 84260.49, 84260.49, 84260.49]"
microsoft/Phi-3.5-mini-instruct,BTCUSDT,1,17124.0883,24.71,0,0,"[68830.06, 68338.0, 72666.77, 70890.72, 68114.02, 67262.91, 65971.2, 68432.16, 69948.63, 70191.86, 70541.34, 70930.0, 71211.95, 72815.24, 74884.67, 73909.36, 71246.54, 69930.0, 70510.73, 68918.12, 67859.0, 70906.45, 70556.74, 71336.53, 68820.31, 66407.28, 66377.03, 66010.93, 66797.37, 68284.48]","[470000.0, 65776.47, 65776.47, 65776.47, 65776.47, 65776.47, 65776.47, 65776.47, 65776.47, 65776.47, 65776.47, 65776.47, 65776.47, 65776.47, 65776.47, 65776.47, 65776.47, 65776.47, 65776.47, 65776.47, 65776.47, 65776.47, 65776.47, 65776.47, 65776.47, 65776.47, 65776.47, 65776.47, 65776.47, 65776.47]"
microsoft/Phi-3.5-mini-instruct,DOGEUSDT,1,0.0158,11.24,0,0,"[0.12683, 0.14188, 0.14315, 0.14953, 0.15171, 0.15055, 0.14642, 0.14194, 0.14071, 0.13965, 0.13801, 0.13662, 0.14828, 0.14718, 0.14004, 0.13813, 0.13788, 0.13164, 0.12916, 0.12336, 0.12654, 0.12437, 0.12477, 0.12423, 0.11945, 0.12236, 0.12619, 0.125, 0.11728, 0.11581]","[0.11757, 0.11767, 0.11777, 0.11787, 0.11797, 0.11807, 0.11817, 0.11827, 0.11837, 0.11847, 0.11857, 0.11867, 0.11877, 0.11887, 0.11897, 0.11907, 0.11917, 0.11927, 0.11937, 0.11947, 0.11957, 0.11967, 0.11977, 0.11987, 0.11997, 0.12007, 0.12017, 0.12027, 0.12037, 0.12047]"
microsoft/Phi-3.5-mini-instruct,DOGEUSDT,1,0.0176,18.31,0,0,"[0.10426, 0.10426, 0.10792, 0.10602, 0.10383, 0.08849, 0.09848, 0.09823, 0.09663, 0.09611, 0.09277, 0.09112, 0.093, 0.09667, 0.11104, 0.10269, 0.10102, 0.10066, 0.09855, 0.09837, 0.10011, 0.09841, 0.09558, 0.09266, 0.09137, 0.10095, 0.09701, 0.09337, 0.09405, 0.0919]","[0.115812, 0.115813, 0.115814, 0.115815, 0.115816, 0.115817, 0.115818, 0.115819, 0.11582, 0.115821, 0.115822, 0.115823, 0.115824, 0.115825, 0.115826, 0.115827, 0.115828, 0.115829, 0.11583, 0.115831, 0.115832, 0.115833, 0.115834, 0.115835, 0.115836, 0.115837, 0.115838, 0.115839, 0.11584, 0.115841]"
microsoft/Phi-3.5-mini-instruct,DOGEUSDT,1,0.0028,2.93,0,0,"[0.09356, 0.08997, 0.09893, 0.09356, 0.09129, 0.08993, 0.08915, 0.09049, 0.09452, 0.09288, 0.09475, 0.09596, 0.09604, 0.09738, 0.10304, 0.10015, 0.09526, 0.09354, 0.09416, 0.09135, 0.09015, 0.09415, 0.0951, 0.09618, 0.09205, 0.09011, 0.091, 0.09045, 0.09083, 0.09232]","[0.092, 0.0921, 0.0922, 0.0923, 0.0924, 0.0925, 0.0926, 0.0927, 0.0928, 0.0929, 0.093, 0.0931, 0.0932, 0.0933, 0.0934, 0.0935, 0.0936, 0.0937, 0.0938, 0.0939, 0.094, 0.0941, 0.0942, 0.0943, 0.0944, 0.0945, 0.0946, 0.0947, 0.0948, 0.0949]"
microsoft/Phi-3.5-mini-instruct,DOTUSDT,1,0.2529,12.05,0,0,"[1.999, 2.166, 2.125, 2.142, 2.208, 2.235, 2.145, 2.111, 2.083, 2.093, 2.07, 2.055, 2.282, 2.226, 2.117, 2.119, 2.179, 2.065, 2.028, 1.897, 1.955, 1.927, 1.926, 1.93, 1.823, 1.875, 1.876, 1.87, 1.736, 1.69]","[1.789001, 1.789002, 1.789003, 1.789004, 1.789005, 1.789006, 1.789007, 1.789008, 1.789009, 1.78901, 1.789011, 1.789012, 1.789013, 1.789014, 1.789015, 1.789016, 1.789017, 1.789018, 1.789019, 1.78902, 1.789021, 1.789022, 1.789023, 1.789024, 1.789025, 1.789026, 1.789027, 1.789028, 1.789029, 1.78903]"
microsoft/Phi-3.5-mini-instruct,DOTUSDT,1,0.2891,21.57,0,0,"[1.547, 1.495, 1.543, 1.5, 1.461, 1.248, 1.368, 1.372, 1.337, 1.32, 1.283, 1.256, 1.283, 1.33, 1.421, 1.357, 1.376, 1.347, 1.311, 1.287, 1.341, 1.36, 1.313, 1.265, 1.238, 1.663, 1.609, 1.599, 1.662, 1.534]","[1.69, 1.69, 1.69, 1.69, 1.690001, 1.690001, 1.690001, 1.690001, 1.690001, 1.690001, 1.690001, 1.690001, 1.690001, 1.690001, 1.690001, 1.690002, 1.690002, 1.690002, 1.690002, 1.690002, 1.690002, 1.690002, 1.690002, 1.690002, 1.690003, 1.690003, 1.690003, 1.690003, 1.690003, 1.690003]"
microsoft/Phi-3.5-mini-instruct,DOTUSDT,1,0.1037,7.65,0,0,"[1.509, 1.533, 1.541, 1.53, 1.488, 1.448, 1.452, 1.494, 1.486, 1.522, 1.518, 1.464, 1.414, 1.441, 1.64, 1.62, 1.577, 1.521, 1.499, 1.468, 1.413, 1.421, 1.401, 1.363, 1.321, 1.292, 1.259, 1.261, 1.243, 1.253]","[1.534001, 1.534002, 1.534003, 1.534004, 1.534005, 1.534006, 1.534007, 1.534008, 1.534009, 1.53401, 1.534011, 1.534012, 1.534013, 1.534014, 1.534015, 1.534016, 1.534017, 1.534018, 1.534019, 1.53402, 1.534021, 1.534022, 1.534023, 1.534024, 1.534025, 1.534026, 1.534027, 1.534028, 1.534029, 1.53403]"
microsoft/Phi-3.5-mini-instruct,ETCUSDT,1,0.8533,6.78,0,0,"[12.06, 12.52, 12.56, 12.82, 13.31, 13.37, 12.88, 12.61, 12.61, 12.54, 12.37, 12.26, 13.29, 13.2, 12.65, 12.76, 12.85, 12.24, 12.03, 11.54, 11.66, 11.58, 11.67, 11.59, 11.14, 11.39, 11.58, 11.55, 10.81, 10.6]","[11.48, 11.48, 11.48, 11.48, 11.48, 11.48, 11.48, 11.48, 11.48, 11.48, 11.48, 11.48, 11.48, 11.48, 11.48, 11.48, 11.48, 11.48, 11.48, 11.48, 11.48, 11.48, 11.48, 11.48, 11.48, 11.48, 11.48, 11.48, 11.48, 11.48]"
microsoft/Phi-3.5-mini-instruct,ETCUSDT,1,1.8387,21.31,0,0,"[9.76, 9.5, 9.81, 9.57, 9.34, 8.06, 8.84, 8.78, 8.57, 8.59, 8.33, 8.14, 8.25, 8.53, 9.0, 8.74, 8.84, 8.68, 8.44, 8.27, 8.76, 9.05, 8.52, 8.36, 8.3, 9.15, 8.86, 8.65, 8.68, 8.47]","[10.600001, 10.600002, 10.600003, 10.600004, 10.600005, 10.600006, 10.600007, 10.600008, 10.600009, 10.60001, 10.600011, 10.600012, 10.600013, 10.600014, 10.600015, 10.600016, 10.600017, 10.600018, 10.600019, 10.60002, 10.600021, 10.600022, 10.600023, 10.600024, 10.600025, 10.600026, 10.600027, 10.600028, 10.600029, 10.60003]"
microsoft/Phi-3.5-mini-instruct,ETCUSDT,1,0.259,3.11,0,0,"[8.72, 8.49, 8.85, 8.65, 8.25, 8.12, 7.99, 8.16, 8.23, 8.28, 8.27, 8.49, 8.26, 8.48, 9.03, 8.86, 8.51, 8.34, 8.41, 8.18, 8.03, 8.59, 8.67, 8.68, 8.21, 8.09, 8.04, 7.95, 8.07, 8.19]","[8.47, 8.47, 8.47, 8.47, 8.47, 8.470001, 8.470001, 8.470001, 8.470001, 8.470001, 8.470001, 8.470001, 8.470001, 8.470001, 8.470002, 8.470002, 8.470002, 8.470002, 8.470002, 8.470002, 8.470002, 8.470002, 8.470002, 8.470002, 8.470002, 8.470003, 8.470003, 8.470003, 8.470003, 8.470003]"
microsoft/Phi-3.5-mini-instruct,ETHUSDT,1,167.009,5.28,0,0,"[3004.19, 3125.45, 3127.11, 3144.7, 3224.99, 3296.84, 3168.72, 3106.65, 3088.4, 3086.72, 3123.45, 3095.75, 3325.82, 3354.92, 3318.69, 3296.28, 3310.56, 3284.03, 3189.55, 2939.88, 2982.27, 2952.69, 2956.41, 2953.22, 2816.89, 2930.35, 3026.77, 3010.78, 2822.59, 2707.38]","[2971.64, 2971.64, 2971.64, 2971.64, 2971.64, 2971.64, 2971.64, 2971.64, 2971.64, 2971.64, 2971.64, 2971.64, 2971.64, 2971.64, 2971.64, 2971.64, 2971.64, 2971.64, 2971.64, 2971.64, 2971.64, 2971.64, 2971.64, 2971.64, 2971.64, 2971.64, 2971.64, 2971.64, 2971.64, 2971.64]"
microsoft/Phi-3.5-mini-instruct,ETHUSDT,1,672.0723,33.6,0,0,"[2451.95, 2270.15, 2347.02, 2233.72, 2148.26, 1826.83, 2063.38, 2087.08, 2089.74, 2105.02, 2022.67, 1941.18, 1947.85, 2048.72, 2086.59, 1966.58, 1998.33, 1991.66, 1955.91, 1949.08, 1968.88, 1973.35, 1957.82, 1856.3, 1851.94, 2057.48, 2027.68, 1929.84, 1964.51, 1939.71]","[2707.38, 2707.38, 2707.38, 2707.38, 2707.38, 2707.38, 2707.38, 2707.38, 2707.38, 2707.38, 2707.38, 2707.38, 2707.38, 2707.38, 2707.38, 2707.38, 2707.38, 2707.38, 2707.38, 2707.38, 2707.38, 2707.38, 2707.38, 2707.38, 2707.38, 2707.38, 2707.38, 2707.38, 2707.38, 2707.38]"
microsoft/Phi-3.5-mini-instruct,ETHUSDT,1,145.651,6.79,0,0,"[2027.35, 1982.8, 2127.28, 2072.86, 1978.68, 1969.59, 1937.1, 1992.98, 2036.51, 2051.97, 2073.52, 2092.22, 2096.16, 2178.3, 2352.97, 2317.39, 2203.39, 2137.81, 2146.22, 2084.87, 2053.89, 2152.03, 2156.23, 2169.02, 2060.43, 1992.75, 1994.74, 1984.64, 2026.48, 2105.43]","[1939.71, 1939.71, 1939.71, 1939.71, 1939.71, 1939.710001, 1939.710001, 1939.710001, 1939.710001, 1939.710001, 1939.710001, 1939.710001, 1939.710001, 1939.710001, 1939.710002, 1939.710002, 1939.710002, 1939.710002, 1939.710002, 1939.710002, 1939.710002, 1939.710002, 1939.710002, 1939.710002, 1939.710002, 1939.710003, 1939.710003, 1939.710003, 1939.710003, 1939.710003]"
microsoft/Phi-3.5-mini-instruct,FILUSDT,1,0.1473,9.94,0,0,"[1.483, 1.504, 1.494, 1.494, 1.569, 1.593, 1.519, 1.497, 1.488, 1.482, 1.457, 1.461, 1.576, 1.592, 1.504, 1.52, 1.551, 1.45, 1.384, 1.312, 1.348, 1.319, 1.313, 1.315, 1.251, 1.269, 1.272, 1.28, 1.194, 1.176]","[1.298001, 1.298002, 1.298003, 1.298004, 1.298005, 1.298006, 1.298007, 1.298008, 1.298009, 1.29801, 1.298011, 1.298012, 1.298013, 1.298014, 1.298015, 1.298016, 1.298017, 1.298018, 1.298019, 1.29802, 1.298021, 1.298022, 1.298023, 1.298024, 1.298025, 1.298026, 1.298027, 1.298028, 1.298029, 1.29803]"
microsoft/Phi-3.5-mini-instruct,FILUSDT,1,0.2064,21.73,0,0,"[1.052, 1.035, 1.083, 1.068, 1.05, 0.883, 0.977, 0.976, 0.934, 0.938, 0.902, 0.879, 0.914, 0.958, 1.015, 0.963, 0.978, 0.96, 0.927, 0.915, 0.958, 0.97, 0.93, 0.891, 0.88, 1.062, 1.026, 0.994, 1.005, 0.964]","[1.176001, 1.176002, 1.176003, 1.176004, 1.176005, 1.176006, 1.176007, 1.176008, 1.176009, 1.17601, 1.176011, 1.176012, 1.176013, 1.176014, 1.176015, 1.176016, 1.176017, 1.176018, 1.176019, 1.17602, 1.176021, 1.176022, 1.176023, 1.176024, 1.176025, 1.176026, 1.176027, 1.176028, 1.176029, 1.17603]"
microsoft/Phi-3.5-mini-instruct,FILUSDT,1,0.0702,8.07,0,0,"[0.987, 1.0, 1.025, 1.011, 0.978, 0.952, 0.934, 0.939, 0.866, 0.878, 0.877, 0.869, 0.883, 0.895, 0.99, 0.969, 0.925, 0.895, 0.902, 0.882, 0.848, 0.923, 0.923, 0.928, 0.869, 0.839, 0.801, 0.802, 0.816, 0.832]","[0.964001, 0.964002, 0.964003, 0.964004, 0.964005, 0.964006, 0.964007, 0.964008, 0.964009, 0.96401, 0.964011, 0.964012, 0.964013, 0.964014, 0.964015, 0.964016, 0.964017, 0.964018, 0.964019, 0.96402, 0.964021, 0.964022, 0.964023, 0.964024, 0.964025, 0.964026, 0.964027, 0.964028, 0.964029, 0.96403]"
microsoft/Phi-3.5-mini-instruct,LINKUSDT,1,0.9233,7.02,0,0,"[12.6, 13.27, 13.23, 13.43, 13.9, 14.04, 13.44, 13.21, 13.14, 13.13, 13.21, 13.08, 14.06, 14.11, 13.8, 13.73, 13.75, 13.32, 12.88, 12.12, 12.4, 12.27, 12.22, 12.2, 11.52, 11.95, 12.03, 11.84, 11.13, 10.79]","[12.21, 12.21, 12.21, 12.21, 12.21, 12.21, 12.21, 12.21, 12.21, 12.21, 12.21, 12.21, 12.21, 12.21, 12.21, 12.21, 12.21, 12.21, 12.21, 12.21, 12.21, 12.21, 12.21, 12.21, 12.21, 12.21, 12.21, 12.21, 12.21, 12.21]"
microsoft/Phi-3.5-mini-instruct,LINKUSDT,1,1.931,22.09,0,0,"[9.99, 9.41, 9.81, 9.49, 9.25, 7.92, 8.88, 8.91, 8.83, 8.83, 8.57, 8.33, 8.41, 8.77, 9.09, 8.79, 8.94, 8.82, 8.6, 8.58, 8.95, 8.87, 8.69, 8.26, 8.19, 9.27, 9.09, 8.71, 8.85, 8.67]","[10.79, 10.79, 10.79, 10.79, 10.79, 10.79, 10.79, 10.79, 10.79, 10.79, 10.79, 10.79, 10.79, 10.79, 10.79, 10.79, 10.79, 10.79, 10.79, 10.79, 10.79, 10.79, 10.79, 10.79, 10.79, 10.79, 10.79, 10.79, 10.79, 10.79]"
microsoft/Phi-3.5-mini-instruct,LINKUSDT,1,0.3837,4.15,0,0,"[8.96, 8.8, 9.35, 9.21, 8.8, 8.7, 8.52, 8.87, 8.99, 8.99, 9.05, 9.08, 9.17, 9.5, 9.92, 9.79, 9.22, 9.04, 9.12, 8.82, 8.68, 9.11, 9.25, 9.37, 8.91, 8.57, 8.44, 8.42, 8.62, 8.78]","[8.67, 8.67, 8.67, 8.67, 8.670001, 8.670001, 8.670001, 8.670001, 8.670001, 8.670001, 8.670001, 8.670001, 8.670001, 8.670001, 8.670001, 8.670002, 8.670002, 8.670002, 8.670002, 8.670002, 8.670002, 8.670002, 8.670002, 8.670002, 8.670003, 8.670003, 8.670003, 8.670003, 8.670003, 8.670003]"
microsoft/Phi-3.5-mini-instruct,LTCUSDT,1,5.699,7.89,0,0,"[79.97, 81.93, 82.08, 82.26, 83.46, 83.96, 81.71, 81.31, 81.49, 81.19, 78.79, 76.12, 78.18, 76.67, 72.21, 75.22, 74.92, 72.29, 70.8, 67.12, 68.48, 68.19, 68.07, 68.19, 67.3, 69.72, 70.03, 69.42, 66.24, 65.47]","[76.850001, 76.850002, 76.850003, 76.850004, 76.850005, 76.850006, 76.850007, 76.850008, 76.850009, 76.85001, 76.850011, 76.850012, 76.850013, 76.850014, 76.850015, 76.850016, 76.850017, 76.850018, 76.850019, 76.85002, 76.850021, 76.850022, 76.850023, 76.850024, 76.850025, 76.850026, 76.850027, 76.850028, 76.850029, 76.85003]"
microsoft/Phi-3.5-mini-instruct,LTCUSDT,1,10.5667,19.47,0,0,"[59.53, 58.49, 60.02, 59.48, 58.89, 50.79, 55.02, 55.19, 54.53, 54.45, 53.38, 52.32, 53.15, 55.03, 55.99, 55.08, 55.13, 53.96, 53.32, 52.7, 55.19, 54.9, 53.48, 51.35, 51.15, 56.76, 55.62, 54.56, 54.4, 53.24]","[65.47, 65.47, 65.47, 65.47, 65.47, 65.47, 65.47, 65.47, 65.47, 65.47, 65.47, 65.47, 65.47, 65.47, 65.47, 65.47, 65.47, 65.47, 65.47, 65.47, 65.47, 65.47, 65.47, 65.47, 65.47, 65.47, 65.47, 65.47, 65.47, 65.47]"
microsoft/Phi-3.5-mini-instruct,LTCUSDT,1,1.7883,3.19,0,0,"[54.61, 54.76, 56.77, 55.46, 53.81, 53.58, 52.59, 53.77, 53.87, 54.8, 54.56, 55.3, 54.98, 56.27, 58.7, 58.09, 56.08, 55.54, 56.17, 54.81, 53.51, 55.72, 56.38, 56.65, 54.59, 53.72, 53.85, 53.32, 53.34, 53.95]","[53.24, 53.24, 53.24, 53.24, 53.24, 53.24, 53.24, 53.24, 53.24, 53.24, 53.24, 53.24, 53.24, 53.24, 53.24, 53.24, 53.24, 53.24, 53.24, 53.24, 53.24, 53.24, 53.24, 53.24, 53.24, 53.24, 53.24, 53.24, 53.24, 53.24]"
microsoft/Phi-3.5-mini-instruct,NEARUSDT,1,0.1461,8.69,0,0,"[1.627, 1.692, 1.711, 1.728, 1.774, 1.808, 1.722, 1.686, 1.703, 1.689, 1.702, 1.675, 1.859, 1.799, 1.722, 1.731, 1.751, 1.629, 1.597, 1.506, 1.529, 1.513, 1.509, 1.506, 1.436, 1.463, 1.49, 1.489, 1.375, 1.323]","[1.514001, 1.514002, 1.514003, 1.514004, 1.514005, 1.514006, 1.514007, 1.514008, 1.514009, 1.51401, 1.514011, 1.514012, 1.514013, 1.514014, 1.514015, 1.514016, 1.514017, 1.514018, 1.514019, 1.51402, 1.514021, 1.514022, 1.514023, 1.514024, 1.514025, 1.514026, 1.514027, 1.514028, 1.514029, 1.51403]"
microsoft/Phi-3.5-mini-instruct,NEARUSDT,1,0.2528,24.2,0,0,"[1.206, 1.173, 1.2, 1.176, 1.16, 0.976, 1.087, 1.075, 1.038, 1.03, 0.993, 0.962, 0.964, 1.024, 1.086, 1.056, 1.058, 1.044, 1.017, 1.007, 1.054, 1.059, 1.022, 0.981, 0.967, 1.172, 1.127, 1.094, 1.172, 1.15]","[1.32305, 1.3231, 1.32315, 1.3232, 1.32325, 1.3233, 1.32335, 1.3234, 1.32345, 1.3235, 1.32355, 1.3236, 1.32365, 1.3237, 1.32375, 1.3238, 1.32385, 1.3239, 1.32395, 1.324, 1.32405, 1.3241, 1.32415, 1.3242, 1.32425, 1.3243, 1.32435, 1.3244, 1.32445, 1.3245]"
microsoft/Phi-3.5-mini-instruct,NEARUSDT,1,0.1386,10.42,0,0,"[1.36, 1.358, 1.311, 1.271, 1.227, 1.214, 1.212, 1.235, 1.284, 1.299, 1.368, 1.336, 1.325, 1.35, 1.49, 1.452, 1.386, 1.335, 1.316, 1.281, 1.274, 1.311, 1.292, 1.28, 1.224, 1.18, 1.173, 1.164, 1.162, 1.189]","[1.15, 1.15, 1.15, 1.15, 1.15, 1.150001, 1.150001, 1.150001, 1.150001, 1.150001, 1.150001, 1.150001, 1.150001, 1.150001, 1.150001, 1.150002, 1.150002, 1.150002, 1.150002, 1.150002, 1.150002, 1.150002, 1.150002, 1.150002, 1.150003, 1.150003, 1.150003, 1.150003, 1.150003, 1.150003]"
microsoft/Phi-3.5-mini-instruct,SOLUSDT,1,9.862,7.18,0,0,"[126.9, 132.29, 133.37, 134.12, 137.9, 141.08, 136.39, 138.37, 135.97, 135.84, 139.7, 139.22, 145.51, 146.69, 142.4, 144.89, 143.72, 137.87, 133.44, 125.8, 129.54, 128.47, 127.43, 127.21, 118.85, 124.24, 127.19, 125.35, 117.82, 117.59]","[124.650001, 124.650002, 124.650003, 124.650004, 124.650005, 124.650006, 124.650007, 124.650008, 124.650009, 124.65001, 124.650011, 124.650012, 124.650013, 124.650014, 124.650015, 124.650016, 124.650017, 124.650018, 124.650019, 124.65002, 124.650021, 124.650022, 124.650023, 124.650024, 124.650025, 124.650026, 124.650027, 124.650028, 124.650029, 124.65003]"
microsoft/Phi-3.5-mini-instruct,SOLUSDT,1,31.048,36.7,0,0,"[105.58, 100.79, 104.55, 97.89, 92.12, 78.35, 87.46, 87.59, 86.99, 86.77, 82.99, 79.3, 78.4, 84.33, 88.06, 86.16, 86.45, 85.08, 81.61, 82.5, 84.67, 85.17, 82.79, 77.9, 78.99, 88.06, 85.91, 81.85, 84.35, 83.6]","[117.59, 117.59, 117.59, 117.59, 117.59, 117.59, 117.59, 117.59, 117.59, 117.59, 117.59, 117.59, 117.59, 117.59, 117.59, 117.59, 117.59, 117.59, 117.59, 117.59, 117.59, 117.59, 117.59, 117.59, 117.59, 117.59, 117.59, 117.59, 117.59, 117.59]"
microsoft/Phi-3.5-mini-instruct,SOLUSDT,1,4.3253,4.81,0,0,"[86.64, 86.97, 90.85, 88.77, 84.7, 83.22, 81.59, 84.96, 85.88, 86.58, 86.84, 88.18, 88.03, 92.3, 96.2, 94.62, 90.08, 88.89, 89.84, 87.56, 86.2, 91.43, 90.8, 91.7, 86.53, 83.11, 82.09, 81.44, 82.54, 83.2]","[83.6, 83.6, 83.6, 83.6, 83.6, 83.6, 83.6, 83.6, 83.6, 83.6, 83.6, 83.6, 83.6, 83.6, 83.6, 83.6, 83.6, 83.6, 83.6, 83.6, 83.6, 83.6, 83.6, 83.6, 83.6, 83.6, 83.6, 83.6, 83.6, 83.6]"
microsoft/Phi-3.5-mini-instruct,TRXUSDT,1,0.0153,5.04,0,0,"[0.2871, 0.289, 0.2956, 0.2939, 0.2922, 0.2942, 0.2981, 0.295, 0.2984, 0.3024, 0.2995, 0.2998, 0.3071, 0.3047, 0.3126, 0.3096, 0.3188, 0.3178, 0.3119, 0.297, 0.2993, 0.3054, 0.2979, 0.2954, 0.2957, 0.2966, 0.2947, 0.2954, 0.295, 0.2942]","[0.284501, 0.284502, 0.284503, 0.284504, 0.284505, 0.284506, 0.284507, 0.284508, 0.284509, 0.28451, 0.284511, 0.284512, 0.284513, 0.284514, 0.284515, 0.284516, 0.284517, 0.284518, 0.284519, 0.28452, 0.284521, 0.284522, 0.284523, 0.284524, 0.284525, 0.284526, 0.284527, 0.284528, 0.284529, 0.28453]"
microsoft/Phi-3.5-mini-instruct,TRXUSDT,1,0.0121,4.33,0,0,"[0.2866, 0.2847, 0.2835, 0.2861, 0.2833, 0.2696, 0.2741, 0.2782, 0.2778, 0.2791, 0.2782, 0.2784, 0.28, 0.2823, 0.2826, 0.2805, 0.2846, 0.2821, 0.2788, 0.2849, 0.2854, 0.289, 0.2906, 0.2816, 0.2837, 0.2853, 0.2857, 0.2828, 0.2819, 0.2807]","[0.294201, 0.294202, 0.294203, 0.294204, 0.294205, 0.294206, 0.294207, 0.294208, 0.294209, 0.29421, 0.294211, 0.294212, 0.294213, 0.294214, 0.294215, 0.294216, 0.294217, 0.294218, 0.294219, 0.29422, 0.294221, 0.294222, 0.294223, 0.294224, 0.294225, 0.294226, 0.294227, 0.294228, 0.294229, 0.29423]"
microsoft/Phi-3.5-mini-instruct,TRXUSDT,1,0.0194,6.32,0,0,"[0.2832, 0.2805, 0.2871, 0.2852, 0.2846, 0.2866, 0.2891, 0.2856, 0.2858, 0.2913, 0.2891, 0.2934, 0.2978, 0.2987, 0.2956, 0.3068, 0.3045, 0.3036, 0.3097, 0.3121, 0.3104, 0.3081, 0.3061, 0.3146, 0.3115, 0.3113, 0.3167, 0.322, 0.32, 0.3133]","[0.280701, 0.280702, 0.280703, 0.280704, 0.280705, 0.280706, 0.280707, 0.280708, 0.280709, 0.28071, 0.280711, 0.280712, 0.280713, 0.280714, 0.280715, 0.280716, 0.280717, 0.280718, 0.280719, 0.28072, 0.280721, 0.280722, 0.280723, 0.280724, 0.280725, 0.280726, 0.280727, 0.280728, 0.280729, 0.28073]"
microsoft/Phi-3.5-mini-instruct,UNIUSDT,1,0.5108,10.35,0,0,"[5.809, 6.038, 5.917, 5.85, 6.162, 6.07, 5.726, 5.488, 5.467, 5.476, 5.456, 5.367, 5.73, 5.681, 5.35, 5.315, 5.352, 5.095, 5.026, 4.803, 4.94, 4.836, 4.873, 4.855, 4.637, 4.711, 4.8, 4.82, 4.396, 4.276]","[5.64, 5.64, 5.64, 5.64, 5.640001, 5.640001, 5.640001, 5.640001, 5.640001, 5.640001, 5.640001, 5.640001, 5.640001, 5.640001, 5.640002, 5.640002, 5.640002, 5.640002, 5.640002, 5.640002, 5.640002, 5.640002, 5.640002, 5.640002, 5.640002, 5.640003, 5.640003, 5.640003, 5.640003, 5.640003]"
microsoft/Phi-3.5-mini-instruct,UNIUSDT,1,0.6924,19.79,0,0,"[3.96, 3.837, 3.925, 3.86, 3.801, 3.168, 3.552, 3.539, 3.468, 3.493, 3.36, 3.369, 3.247, 3.398, 3.629, 3.471, 3.601, 3.524, 3.403, 3.391, 3.492, 3.609, 3.491, 3.349, 3.337, 4.055, 3.879, 3.742, 3.811, 3.748]","[4.276001, 4.276002, 4.276003, 4.276004, 4.276005, 4.276006, 4.276007, 4.276008, 4.276009, 4.27601, 4.276011, 4.276012, 4.276013, 4.276014, 4.276015, 4.276016, 4.276017, 4.276018, 4.276019, 4.27602, 4.276021, 4.276022, 4.276023, 4.276024, 4.276025, 4.276026, 4.276027, 4.276028, 4.276029, 4.27603]"
microsoft/Phi-3.5-mini-instruct,UNIUSDT,1,0.1998,5.4,0,0,"[3.929, 3.912, 3.977, 3.97, 3.848, 3.771, 3.661, 3.861, 3.843, 3.898, 3.918, 4.004, 3.948, 4.069, 4.157, 3.957, 3.681, 3.579, 3.605, 3.486, 3.471, 3.587, 3.609, 3.708, 3.528, 3.388, 3.384, 3.355, 3.48, 3.545]","[3.748, 3.748, 3.748, 3.748, 3.748, 3.748001, 3.748001, 3.748001, 3.748001, 3.748001, 3.748001, 3.748001, 3.748001, 3.748001, 3.748001, 3.748002, 3.748002, 3.748002, 3.748002, 3.748002, 3.748002, 3.748002, 3.748002, 3.748002, 3.748003, 3.748003, 3.748003, 3.748003, 3.748003, 3.748003]"
microsoft/Phi-3.5-mini-instruct,XLMUSDT,1,0.0201,8.83,0,0,"[0.2087, 0.2191, 0.2222, 0.233, 0.2526, 0.2438, 0.2342, 0.2302, 0.2284, 0.2264, 0.2244, 0.2193, 0.2386, 0.2361, 0.2285, 0.226, 0.2309, 0.2182, 0.2157, 0.207, 0.2124, 0.2115, 0.2122, 0.2115, 0.2033, 0.2074, 0.2085, 0.2105, 0.1987, 0.1919]","[0.201001, 0.201002, 0.201003, 0.201004, 0.201005, 0.201006, 0.201007, 0.201008, 0.201009, 0.20101, 0.201011, 0.201012, 0.201013, 0.201014, 0.201015, 0.201016, 0.201017, 0.201018, 0.201019, 0.20102, 0.201021, 0.201022, 0.201023, 0.201024, 0.201025, 0.201026, 0.201027, 0.201028, 0.201029, 0.20103]"
microsoft/Phi-3.5-mini-instruct,XLMUSDT,1,0.0306,19.13,0,0,"[0.181, 0.1751, 0.1787, 0.1758, 0.1714, 0.1471, 0.1642, 0.1619, 0.1615, 0.1596, 0.1585, 0.1547, 0.1563, 0.1646, 0.1744, 0.1702, 0.1698, 0.1657, 0.1613, 0.1591, 0.1627, 0.161, 0.155, 0.1514, 0.1496, 0.1627, 0.1622, 0.1588, 0.159, 0.1541]","[0.1921, 0.1922, 0.1923, 0.1924, 0.1925, 0.1926, 0.1927, 0.1928, 0.1929, 0.193, 0.1931, 0.1932, 0.1933, 0.1934, 0.1935, 0.1936, 0.1937, 0.1938, 0.1939, 0.194, 0.1941, 0.1942, 0.1943, 0.1944, 0.1945, 0.1946, 0.1947, 0.1948, 0.1949, 0.195]"
microsoft/Phi-3.5-mini-instruct,XLMUSDT,1,0.0103,6.15,0,0,"[0.1557, 0.1515, 0.1595, 0.1569, 0.1522, 0.1504, 0.1482, 0.1508, 0.1586, 0.1592, 0.16, 0.1641, 0.1665, 0.1693, 0.176, 0.1736, 0.1702, 0.1654, 0.1654, 0.1621, 0.156, 0.1668, 0.1738, 0.1774, 0.1738, 0.1674, 0.168, 0.1645, 0.1674, 0.1673]","[0.154101, 0.154102, 0.154103, 0.154104, 0.154105, 0.154106, 0.154107, 0.154108, 0.154109, 0.15411, 0.154111, 0.154112, 0.154113, 0.154114, 0.154115, 0.154116, 0.154117, 0.154118, 0.154119, 0.15412, 0.154121, 0.154122, 0.154123, 0.154124, 0.154125, 0.154126, 0.154127, 0.154128, 0.154129, 0.15413]"
microsoft/Phi-3.5-mini-instruct,XRPUSDT,1,0.1821,8.7,0,0,"[1.8799, 2.0069, 2.0182, 2.0909, 2.3478, 2.3042, 2.1657, 2.1232, 2.0958, 2.0907, 2.0745, 2.054, 2.1655, 2.1394, 2.0789, 2.0678, 2.0631, 1.9914, 1.986, 1.89, 1.9476, 1.9236, 1.9196, 1.9143, 1.8356, 1.9041, 1.9158, 1.9111, 1.8076, 1.7352]","[1.84235, 1.8424, 1.84245, 1.8425, 1.84255, 1.8426, 1.84265, 1.8427, 1.84275, 1.8428, 1.84285, 1.8429, 1.84295, 1.843, 1.84305, 1.8431, 1.84315, 1.8432, 1.84325, 1.8433, 1.84335, 1.8434, 1.84345, 1.8435, 1.84355, 1.8436, 1.84365, 1.8437, 1.84375, 1.8438]"
microsoft/Phi-3.5-mini-instruct,XRPUSDT,1,0.2981,21.2,0,0,"[1.6472, 1.5908, 1.6198, 1.5791, 1.512, 1.2146, 1.4698, 1.4231, 1.4308, 1.437, 1.3999, 1.3697, 1.3635, 1.4071, 1.5094, 1.4753, 1.4876, 1.4743, 1.4219, 1.4068, 1.4292, 1.4304, 1.3932, 1.3518, 1.3482, 1.4339, 1.4027, 1.3562, 1.3762, 1.3524]","[1.735201, 1.735202, 1.735203, 1.735204, 1.735205, 1.735206, 1.735207, 1.735208, 1.735209, 1.73521, 1.735211, 1.735212, 1.735213, 1.735214, 1.735215, 1.735216, 1.735217, 1.735218, 1.735219, 1.73522, 1.735221, 1.735222, 1.735223, 1.735224, 1.735225, 1.735226, 1.735227, 1.735228, 1.735229, 1.73523]"
microsoft/Phi-3.5-mini-instruct,XRPUSDT,1,0.0526,3.66,0,0,"[1.39, 1.3607, 1.4309, 1.4037, 1.3633, 1.3567, 1.34, 1.3631, 1.3863, 1.3847, 1.3846, 1.3989, 1.4063, 1.4487, 1.543, 1.5182, 1.4647, 1.4475, 1.4452, 1.4086, 1.3848, 1.4323, 1.416, 1.4145, 1.3609, 1.3257, 1.3333, 1.3278, 1.3242, 1.3411]","[1.352401, 1.352402, 1.352403, 1.352404, 1.352405, 1.352406, 1.352407, 1.352408, 1.352409, 1.35241, 1.352411, 1.352412, 1.352413, 1.352414, 1.352415, 1.352416, 1.352417, 1.352418, 1.352419, 1.35242, 1.352421, 1.352422, 1.352423, 1.352424, 1.352425, 1.352426, 1.352427, 1.352428, 1.352429, 1.35243]"
microsoft/Phi-3.5-mini-instruct,ADAUSDT,14,0.052,13.33,0,0,"[0.3565, 0.3949, 0.3893, 0.4007, 0.4211, 0.4194, 0.4022, 0.3956, 0.3914, 0.3886, 0.391, 0.3862, 0.4218, 0.4143, 0.3936, 0.3955, 0.3973, 0.3758, 0.3703, 0.3507, 0.3659, 0.3594, 0.3602, 0.3583, 0.3391, 0.3521, 0.3608, 0.3583, 0.3347, 0.3208]","[0.331833, 0.3315, 0.331167, 0.330833, 0.3305, 0.330167, 0.329833, 0.3295, 0.329167, 0.328833, 0.3285, 0.328167, 0.327833, 0.3275, 0.327167, 0.326833, 0.3265, 0.326167, 0.325833, 0.3255, 0.325167, 0.324833, 0.3245, 0.324167, 0.323833, 0.3235, 0.323167, 0.322833, 0.3225, 0.322167]"
microsoft/Phi-3.5-mini-instruct,ADAUSDT,14,0.0372,13.39,0,0,"[0.2936, 0.2858, 0.2991, 0.2917, 0.2864, 0.2455, 0.2762, 0.2721, 0.2701, 0.2699, 0.262, 0.2559, 0.2643, 0.2728, 0.295, 0.2818, 0.2858, 0.2811, 0.2735, 0.2729, 0.2849, 0.28, 0.2717, 0.2623, 0.2587, 0.2971, 0.287, 0.2776, 0.281, 0.2735]","[0.315016, 0.310172, 0.30537, 0.300602, 0.295878, 0.291289, 0.286735, 0.282215, 0.277729, 0.273277, 0.268859, 0.264475, 0.260125, 0.25581, 0.251529, 0.247282, 0.243069, 0.238889, 0.234732, 0.2306, 0.226501, 0.222435, 0.218402, 0.214402, 0.210435, 0.2065, 0.2026, 0.198732, 0.1949, 0.191102]"
microsoft/Phi-3.5-mini-instruct,ADAUSDT,14,0.0125,4.88,0,0,"[0.2771, 0.2625, 0.2763, 0.2692, 0.259, 0.2544, 0.2493, 0.2552, 0.2621, 0.2626, 0.2636, 0.2656, 0.2634, 0.2702, 0.2904, 0.2891, 0.2742, 0.2675, 0.2661, 0.2574, 0.2506, 0.2616, 0.2664, 0.2705, 0.2547, 0.2461, 0.246, 0.2398, 0.2434, 0.2418]","[0.2725, 0.2724, 0.2723, 0.2722, 0.2721, 0.272, 0.2719, 0.2718, 0.2717, 0.2716, 0.2715, 0.2714, 0.2713, 0.2712, 0.2711, 0.271, 0.2709, 0.2708, 0.2707, 0.2706, 0.2705, 0.2704, 0.2703, 0.2702, 0.2701, 0.27, 0.2699, 0.2698, 0.2697, 0.2696]"
microsoft/Phi-3.5-mini-instruct,ALGOUSDT,14,0.0131,9.91,0,0,"[0.1202, 0.1275, 0.1279, 0.1362, 0.1396, 0.1423, 0.1364, 0.1344, 0.1332, 0.1337, 0.1323, 0.129, 0.1385, 0.1365, 0.128, 0.1303, 0.1315, 0.1228, 0.1209, 0.1143, 0.1177, 0.1188, 0.1203, 0.1186, 0.1147, 0.1221, 0.122, 0.1263, 0.1145, 0.1121]","[0.110992, 0.111238, 0.111485, 0.111731, 0.111977, 0.112223, 0.112469, 0.112715, 0.112962, 0.113208, 0.113454, 0.1137, 0.113946, 0.114192, 0.114438, 0.114684, 0.11493, 0.115176, 0.115422, 0.115668, 0.115915, 0.116161, 0.116407, 0.116653, 0.116899, 0.117145, 0.117391, 0.117637, 0.117883, 0.118129]"
microsoft/Phi-3.5-mini-instruct,ALGOUSDT,14,0.01,10.95,0,0,"[0.104, 0.1005, 0.1049, 0.1064, 0.1031, 0.0884, 0.0989, 0.0977, 0.0969, 0.096, 0.0917, 0.0891, 0.0918, 0.0941, 0.0997, 0.0959, 0.0947, 0.0931, 0.091, 0.0892, 0.0905, 0.0896, 0.0868, 0.0839, 0.0835, 0.091, 0.088, 0.0866, 0.0879, 0.0856]","[0.1106, 0.1101, 0.1096, 0.1091, 0.1086, 0.1081, 0.1076, 0.1071, 0.1066, 0.1061, 0.1056, 0.1051, 0.1046, 0.1041, 0.1036, 0.1031, 0.1026, 0.1021, 0.1016, 0.1011, 0.1006, 0.1001, 0.0996, 0.0991, 0.0986, 0.0981, 0.0976, 0.0971, 0.0966, 0.0961]"
microsoft/Phi-3.5-mini-instruct,ALGOUSDT,14,0.0037,4.13,0,0,"[0.088, 0.0861, 0.0888, 0.0873, 0.0844, 0.083, 0.0818, 0.0833, 0.0853, 0.0862, 0.089, 0.0939, 0.091, 0.0926, 0.0972, 0.0947, 0.0901, 0.0893, 0.0898, 0.0868, 0.0855, 0.0875, 0.0872, 0.0875, 0.084, 0.0815, 0.0816, 0.0812, 0.0822, 0.0939]","[0.085386, 0.08538, 0.085374, 0.085368, 0.085363, 0.085357, 0.085352, 0.085347, 0.085342, 0.085337, 0.085332, 0.085327, 0.085322, 0.085317, 0.085312, 0.085307, 0.085302, 0.085297, 0.085292, 0.085287, 0.085282, 0.085277, 0.085272, 0.085267, 0.085262, 0.085257, 0.085252, 0.085247, 0.085242, 0.085237]"
microsoft/Phi-3.5-mini-instruct,ATOMUSDT,14,0.4335,17.86,0,0,"[2.069, 2.168, 2.239, 2.34, 2.369, 2.532, 2.433, 2.461, 2.592, 2.57, 2.574, 2.487, 2.636, 2.582, 2.477, 2.494, 2.567, 2.426, 2.456, 2.295, 2.382, 2.335, 2.368, 2.334, 2.236, 2.222, 2.244, 2.237, 2.128, 2.112]","[1.9366, 1.9372, 1.9378, 1.9384, 1.939, 1.9396, 1.9402, 1.9408, 1.9414, 1.942, 1.9426, 1.9432, 1.9438, 1.9444, 1.945, 1.9456, 1.9462, 1.9468, 1.9474, 1.948, 1.9486, 1.9492, 1.9498, 1.9504, 1.951, 1.9516, 1.9522, 1.9528, 1.9534, 1.954]"
microsoft/Phi-3.5-mini-instruct,ATOMUSDT,14,0.1549,7.5,0,0,"[1.971, 1.91, 1.982, 2.036, 1.995, 1.819, 1.987, 1.989, 1.95, 1.96, 1.922, 1.945, 1.968, 2.122, 2.186, 2.137, 2.292, 2.242, 2.346, 2.292, 2.358, 2.314, 2.25, 2.12, 1.992, 1.942, 1.879, 1.849, 1.849, 1.799]","[2.1085, 2.105, 2.1015, 2.098, 2.0945, 2.091, 2.0875, 2.084, 2.0805, 2.077, 2.0735, 2.07, 2.0665, 2.063, 2.0595, 2.056, 2.0525, 2.049, 2.0455, 2.042, 2.0385, 2.035, 2.0315, 2.028, 2.0245, 2.021, 2.0175, 2.014, 2.0105, 2.007]"
microsoft/Phi-3.5-mini-instruct,ATOMUSDT,14,0.61,34.23,0,0,"[1.843, 1.814, 1.879, 1.84, 1.809, 1.785, 1.738, 1.743, 1.788, 1.84, 1.838, 1.862, 1.87, 1.861, 1.978, 1.961, 1.909, 1.811, 1.834, 1.793, 1.769, 1.786, 1.787, 1.765, 1.699, 1.676, 1.666, 1.646, 1.665, 1.707]","[1.725174, 1.688261, 1.651348, 1.614435, 1.577522, 1.540609, 1.503696, 1.466783, 1.42987, 1.392957, 1.356044, 1.319131, 1.282218, 1.245305, 1.208392, 1.171479, 1.134566, 1.097653, 1.06074, 1.023827, 0.986914, 0.95, 0.912087, 0.874174, 0.836261, 0.798348, 0.760435, 0.722522, 0.684609, 0.646696]"
microsoft/Phi-3.5-mini-instruct,AVAXUSDT,14,1.1645,8.71,0,0,"[13.59, 13.82, 13.99, 14.25, 14.45, 14.59, 14.11, 13.89, 13.79, 13.74, 13.7, 13.53, 14.75, 14.6, 13.82, 13.59, 13.75, 12.98, 12.74, 12.09, 12.42, 12.2, 12.13, 12.05, 11.49, 11.72, 12.14, 12.07, 11.04, 10.87]","[12.3934, 12.4001, 12.4068, 12.4135, 12.4202, 12.4269, 12.4336, 12.4403, 12.447, 12.4537, 12.4604, 12.4671, 12.4738, 12.4805, 12.4872, 12.4939, 12.5006, 12.5073, 12.514, 12.5207, 12.5274, 12.5341, 12.5408, 12.5475, 12.5542, 12.5609, 12.5676, 12.5743, 12.581, 12.5877]"
microsoft/Phi-3.5-mini-instruct,AVAXUSDT,14,0.768,8.46,0,0,"[10.12, 9.91, 10.14, 9.93, 9.72, 8.32, 9.28, 9.23, 9.08, 9.06, 8.76, 8.63, 8.9, 9.14, 9.59, 9.29, 9.26, 9.14, 8.86, 8.91, 9.17, 9.12, 8.87, 8.36, 8.29, 9.51, 9.31, 8.95, 9.16, 9.04]","[10.422, 10.207, 10.002, 9.797, 9.692, 9.587, 9.482, 9.377, 9.272, 9.167, 9.062, 8.957, 8.852, 8.747, 8.642, 8.537, 8.432, 8.327, 8.222, 8.117, 8.012, 7.907, 7.802, 7.697, 7.592, 7.487, 7.382, 7.277, 7.172, 7.067]"
microsoft/Phi-3.5-mini-instruct,AVAXUSDT,14,0.8507,8.92,0,0,"[9.17, 9.18, 9.5, 9.39, 9.01, 8.91, 8.82, 9.26, 9.53, 9.55, 9.67, 9.72, 9.73, 9.95, 10.49, 10.2, 9.69, 9.48, 9.56, 9.21, 9.03, 9.56, 9.62, 9.68, 9.11, 8.79, 8.75, 8.6, 8.81, 8.91]","[8.9231, 8.8948, 8.8665, 8.8382, 8.8099, 8.7816, 8.7533, 8.725, 8.6967, 8.6684, 8.6399, 8.6115, 8.5831, 8.5547, 8.5263, 8.4979, 8.4695, 8.4411, 8.4127, 8.3843, 8.3559, 8.3275, 8.2991, 8.2707, 8.2423, 8.2139, 8.1855, 8.1571, 8.1287, 8.1003]"
microsoft/Phi-3.5-mini-instruct,BCHUSDT,14,48.3815,8.2,0,0,"[593.2, 609.8, 654.5, 639.1, 645.2, 638.2, 629.2, 632.0, 634.7, 643.9, 649.1, 621.7, 617.0, 597.4, 590.8, 599.5, 594.1, 591.4, 584.0, 573.2, 584.8, 599.2, 595.7, 593.6, 572.2, 578.7, 600.2, 591.1, 554.1, 553.2]","[602.084615, 604.669231, 607.253847, 609.838462, 612.423078, 615.007694, 617.59231, 620.176926, 622.761542, 625.346158, 627.930774, 630.51539, 633.1, 635.684615, 638.269231, 640.853847, 643.438462, 646.023078, 648.607694, 651.19231, 653.776926, 656.361542, 658.946158, 661.530774, 664.11539, 666.7, 669.284615, 671.869231, 674.453847, 677.038462]"
microsoft/Phi-3.5-mini-instruct,BCHUSDT,14,33.2709,6.17,0,0,"[507.5, 516.2, 539.7, 527.1, 532.5, 453.9, 523.2, 525.1, 527.0, 533.0, 524.3, 516.2, 503.0, 563.9, 562.9, 553.5, 569.2, 563.4, 558.0, 560.4, 562.4, 564.1, 570.7, 495.8, 484.8, 492.9, 478.4, 461.5, 457.6, 441.7]","[546.853846, 543.697793, 540.53174, 537.365687, 534.199634, 531.033581, 527.867528, 524.701475, 521.535422, 518.369369, 515.203316, 512.037263, 508.87121, 505.695157, 502.519104, 499.343051, 496.166998, 492.990945, 490.814892, 487.638839, 484.462786, 481.286733, 478.11068, 474.934627, 471.758574, 468.582521, 465.406468, 462.230415, 459.054362, 455.878309]"
microsoft/Phi-3.5-mini-instruct,BCHUSDT,14,157.1367,33.75,0,0,"[445.3, 443.9, 466.9, 461.6, 449.7, 450.2, 443.1, 444.6, 447.1, 455.1, 455.2, 461.0, 467.6, 469.7, 478.8, 470.7, 456.9, 455.6, 474.6, 462.6, 467.4, 478.0, 477.4, 473.6, 461.9, 472.9, 481.2, 452.7, 460.3, 466.5]","[432.7, 423.9, 415.1, 406.3, 397.5, 388.7, 379.9, 371.1, 362.3, 353.5, 344.7, 335.9, 327.1, 318.3, 309.5, 299.7, 290.9, 282.1, 273.3, 264.5, 255.7, 246.9, 238.1, 229.3, 220.5, 211.7, 202.9, 194.1, 185.3, 176.5]"
microsoft/Phi-3.5-mini-instruct,BNBUSDT,14,30.3323,3.39,0,0,"[864.39, 881.25, 878.63, 895.43, 910.31, 917.64, 900.3, 892.26, 896.86, 907.93, 904.32, 905.78, 943.73, 948.47, 931.2, 938.16, 947.12, 932.51, 923.6, 884.2, 883.36, 888.06, 891.63, 887.17, 866.02, 879.41, 898.36, 902.91, 868.69, 858.81]","[869.566154, 872.199231, 874.832308, 877.465385, 880.098462, 882.731538, 885.364615, 887.997692, 890.630769, 893.263846, 895.896923, 898.53, 901.163077, 903.796154, 906.429231, 909.062308, 911.695385, 914.328462, 916.961538, 919.594615, 922.227692, 924.860769, 927.493846, 930.126923, 932.76, 935.393077, 938.026154, 940.659231, 943.292308, 945.925385]"
microsoft/Phi-3.5-mini-instruct,BNBUSDT,14,111.1265,17.53,0,0,"[781.38, 758.54, 773.94, 754.78, 697.27, 608.3, 657.21, 647.0, 639.93, 636.39, 619.85, 608.11, 614.29, 618.94, 632.77, 615.16, 627.19, 617.74, 604.8, 607.83, 625.91, 625.61, 614.8, 596.41, 583.6, 629.42, 625.74, 614.03, 617.14, 617.96]","[852.026069, 845.233077, 838.440093, 831.647108, 824.854124, 818.06114, 811.268155, 804.475171, 797.682187, 790.889202, 784.096218, 777.303234, 770.510249, 763.717265, 756.924281, 750.131297, 743.338312, 736.545328, 729.752344, 722.959359, 716.166375, 709.373391, 702.580406, 695.787422, 688.994437, 682.201453, 675.408469, 668.615485, 661.8225, 655.029516]"
microsoft/Phi-3.5-mini-instruct,BNBUSDT,14,23.4911,3.61,0,0,"[637.79, 633.56, 657.99, 647.85, 627.31, 620.26, 611.98, 634.64, 642.0, 651.46, 651.72, 655.73, 657.7, 673.77, 679.71, 668.61, 652.27, 639.15, 642.11, 630.7, 626.41, 639.11, 638.3, 647.66, 628.86, 613.95, 611.08, 606.09, 609.29, 617.43]","[617.24953, 617.24946, 617.24939, 617.24932, 617.24925, 617.24918, 617.24911, 617.24904, 617.24897, 617.2489, 617.24883, 617.24876, 617.24869, 617.24862, 617.24855, 617.24848, 617.24841, 617.24834, 617.24827, 617.2482, 617.24813, 617.24806, 617.24799, 617.24792, 617.24785, 617.24778, 617.24771, 617.24764, 617.24757, 617.2475]"
microsoft/Phi-3.5-mini-instruct,BTCUSDT,14,7182.6413,7.93,0,0,"[88839.04, 89995.13, 90628.01, 91529.73, 93859.71, 93747.97, 91364.16, 91099.99, 90641.28, 90504.7, 91013.65, 91296.2, 95414.0, 96951.78, 95604.8, 95550.94, 95147.77, 93673.14, 92631.0, 88427.66, 89454.73, 89559.67, 89600.26, 89225.34, 86670.36, 88347.08, 89250.0, 89299.99, 84650.16, 84260.49]","[200000.0, 87817.18, 87833.16, 87849.14, 87865.12, 87881.1, 87897.08, 87913.06, 87929.04, 87945.02, 87961.0, 87977.0, 88003.02, 88019.04, 88035.06, 88051.08, 88067.1, 88083.12, 88100.14, 88116.16, 88132.18, 88148.2, 88164.22, 88180.24, 88196.26, 88212.28, 88228.3, 88244.32, 88260.34, 88276.36]"
microsoft/Phi-3.5-mini-instruct,BTCUSDT,14,4717.4048,6.87,0,0,"[78741.09, 76968.21, 78738.61, 75770.21, 73165.83, 62909.86, 70580.26, 69289.38, 70330.38, 70138.0, 68841.29, 67082.52, 66272.17, 68853.96, 69822.95, 68832.58, 68892.43, 67503.52, 66461.0, 67003.73, 68020.01, 67975.93, 67643.4, 64656.02, 64058.15, 67988.04, 67485.18, 65872.1, 66973.26, 65776.47]","[83363.016308, 82525.536308, 81688.056308, 80850.576308, 79993.096308, 79135.616308, 78278.136308, 77420.656308, 76563.176308, 75705.696308, 74848.216308, 73990.736308, 73133.256308, 72275.776308, 71418.296308, 70560.816308, 69703.336308, 68845.856308, 67988.376308, 67130.896308, 66273.416308, 65415.936308, 64558.456308, 63700.976308, 62843.496308, 61986.016308, 61128.536308, 60271.056308, 59413.576308, 58556.096308]"
microsoft/Phi-3.5-mini-instruct,BTCUSDT,14,7647.1713,10.91,0,0,"[68830.06, 68338.0, 72666.77, 70890.72, 68114.02, 67262.91, 65971.2, 68432.16, 69948.63, 70191.86, 70541.34, 70930.0, 71211.95, 72815.24, 74884.67, 73909.36, 71246.54, 69930.0, 70510.73, 68918.12, 67859.0, 70906.45, 70556.74, 71336.53, 68820.31, 66407.28, 66377.03, 66010.93, 66797.37, 68284.48]","[65298.28, 65068.67, 64839.06, 64610.45, 64381.84, 64153.23, 63924.62, 63696.01, 63467.4, 63238.79, 63010.18, 62781.57, 62552.96, 62324.35, 62095.74, 61867.13, 61638.52, 61410.01, 61181.5, 60953.0, 60724.49, 60495.98, 60267.47, 60038.96, 59810.45, 59581.94, 59353.43, 59124.92, 58906.41, 58687.9]"
microsoft/Phi-3.5-mini-instruct,DOGEUSDT,14,0.018,12.87,0,0,"[0.12683, 0.14188, 0.14315, 0.14953, 0.15171, 0.15055, 0.14642, 0.14194, 0.14071, 0.13965, 0.13801, 0.13662, 0.14828, 0.14718, 0.14004, 0.13813, 0.13788, 0.13164, 0.12916, 0.12336, 0.12654, 0.12437, 0.12477, 0.12423, 0.11945, 0.12236, 0.12619, 0.125, 0.11728, 0.11581]","[0.117074, 0.117021, 0.116968, 0.116915, 0.116862, 0.116809, 0.116756, 0.116703, 0.11665, 0.116597, 0.116544, 0.116491, 0.116438, 0.116385, 0.116332, 0.116279, 0.116226, 0.116173, 0.11612, 0.116067, 0.116014, 0.115961, 0.115908, 0.115855, 0.115802, 0.115749, 0.115696, 0.115643, 0.11559, 0.115537]"
microsoft/Phi-3.5-mini-instruct,DOGEUSDT,14,0.015,15.57,0,0,"[0.10426, 0.10426, 0.10792, 0.10602, 0.10383, 0.08849, 0.09848, 0.09823, 0.09663, 0.09611, 0.09277, 0.09112, 0.093, 0.09667, 0.11104, 0.10269, 0.10102, 0.10066, 0.09855, 0.09837, 0.10011, 0.09841, 0.09558, 0.09266, 0.09137, 0.10095, 0.09701, 0.09337, 0.09405, 0.0919]","[0.11564, 0.11547, 0.1153, 0.11513, 0.11496, 0.11479, 0.11462, 0.11445, 0.11428, 0.11411, 0.11394, 0.11377, 0.1136, 0.11343, 0.11326, 0.11309, 0.11292, 0.11275, 0.11258, 0.11241, 0.11224, 0.11207, 0.1119, 0.11173, 0.11156, 0.11139, 0.11122, 0.11105, 0.11088, 0.11071]"
microsoft/Phi-3.5-mini-instruct,DOGEUSDT,14,0.0033,3.39,0,0,"[0.09356, 0.08997, 0.09893, 0.09356, 0.09129, 0.08993, 0.08915, 0.09049, 0.09452, 0.09288, 0.09475, 0.09596, 0.09604, 0.09738, 0.10304, 0.10015, 0.09526, 0.09354, 0.09416, 0.09135, 0.09015, 0.09415, 0.0951, 0.09618, 0.09205, 0.09011, 0.091, 0.09045, 0.09083, 0.09232]","[0.09183, 0.09176, 0.09169, 0.09162, 0.09155, 0.09148, 0.09141, 0.09134, 0.09127, 0.0912, 0.09113, 0.09106, 0.09099, 0.09092, 0.09085, 0.09078, 0.09071, 0.09064, 0.09057, 0.0905, 0.09043, 0.09036, 0.09029, 0.09022, 0.09015, 0.09008, 0.09001, 0.08994, 0.08987, 0.0898]"
microsoft/Phi-3.5-mini-instruct,DOTUSDT,14,0.226,10.76,0,0,"[1.999, 2.166, 2.125, 2.142, 2.208, 2.235, 2.145, 2.111, 2.083, 2.093, 2.07, 2.055, 2.282, 2.226, 2.117, 2.119, 2.179, 2.065, 2.028, 1.897, 1.955, 1.927, 1.926, 1.93, 1.823, 1.875, 1.876, 1.87, 1.736, 1.69]","[1.7936, 1.7959, 1.7982, 1.8005, 1.8028, 1.8051, 1.8074, 1.8097, 1.812, 1.8143, 1.8166, 1.8189, 1.8212, 1.8235, 1.8258, 1.8281, 1.8304, 1.8327, 1.835, 1.8373, 1.8396, 1.8419, 1.8442, 1.8465, 1.8488, 1.8511, 1.8534, 1.8557, 1.858, 1.8603]"
microsoft/Phi-3.5-mini-instruct,DOTUSDT,14,0.3259,22.41,0,0,"[1.547, 1.495, 1.543, 1.5, 1.461, 1.248, 1.368, 1.372, 1.337, 1.32, 1.283, 1.256, 1.283, 1.33, 1.421, 1.357, 1.376, 1.347, 1.311, 1.287, 1.341, 1.36, 1.313, 1.265, 1.238, 1.663, 1.609, 1.599, 1.662, 1.534]","[1.652385, 1.61577, 1.579155, 1.54254, 1.505925, 1.46931, 1.432695, 1.39608, 1.359465, 1.32285, 1.286235, 1.24962, 1.212905, 1.17619, 1.139475, 1.10276, 1.066045, 1.02933, 0.992615, 0.9559, 0.919185, 0.88247, 0.845755, 0.80904, 0.772325, 0.73561, 0.698895, 0.66218, 0.625465, 0.58875]"
microsoft/Phi-3.5-mini-instruct,DOTUSDT,14,0.1278,9.41,0,0,"[1.509, 1.533, 1.541, 1.53, 1.488, 1.448, 1.452, 1.494, 1.486, 1.522, 1.518, 1.464, 1.414, 1.441, 1.64, 1.62, 1.577, 1.521, 1.499, 1.468, 1.413, 1.421, 1.401, 1.363, 1.321, 1.292, 1.259, 1.261, 1.243, 1.253]","[1.5474, 1.5486, 1.5498, 1.551, 1.5522, 1.5534, 1.5546, 1.5558, 1.557, 1.5582, 1.5594, 1.5606, 1.5618, 1.563, 1.5642, 1.5654, 1.5666, 1.5678, 1.569, 1.5702, 1.5714, 1.5726, 1.5738, 1.575, 1.5762, 1.5774, 1.5786, 1.5798, 1.581, 1.5822]"
microsoft/Phi-3.5-mini-instruct,ETCUSDT,14,0.9699,7.71,0,0,"[12.06, 12.52, 12.56, 12.82, 13.31, 13.37, 12.88, 12.61, 12.61, 12.54, 12.37, 12.26, 13.29, 13.2, 12.65, 12.76, 12.85, 12.24, 12.03, 11.54, 11.66, 11.58, 11.67, 11.59, 11.14, 11.39, 11.58, 11.55, 10.81, 10.6]","[11.4567, 11.4449, 11.4331, 11.4213, 11.41, 11.3987, 11.3874, 11.3761, 11.3648, 11.3535, 11.3422, 11.3309, 11.3196, 11.3083, 11.297, 11.2857, 11.2744, 11.2631, 11.2518, 11.2405, 11.2292, 11.2179, 11.2066, 11.1953, 11.184, 11.1727, 11.1614, 11.1501, 11.1388, 11.1275]"
microsoft/Phi-3.5-mini-instruct,ETCUSDT,14,1.2247,14.1,0,0,"[9.76, 9.5, 9.81, 9.57, 9.34, 8.06, 8.84, 8.78, 8.57, 8.59, 8.33, 8.14, 8.25, 8.53, 9.0, 8.74, 8.84, 8.68, 8.44, 8.27, 8.76, 9.05, 8.52, 8.36, 8.3, 9.15, 8.86, 8.65, 8.68, 8.47]","[10.250769, 10.074607, 9.908445, 9.742283, 9.576121, 9.410959, 9.245797, 9.080635, 8.915473, 8.750311, 8.585149, 8.420087, 8.255025, 8.090963, 7.926901, 7.762839, 7.598777, 7.434715, 7.270653, 7.106591, 6.942529, 6.778467, 6.614405, 6.450343, 6.286281, 6.122219, 5.958157, 5.794095, 5.630033, 5.465971]"
microsoft/Phi-3.5-mini-instruct,ETCUSDT,14,0.3717,4.38,0,0,"[8.72, 8.49, 8.85, 8.65, 8.25, 8.12, 7.99, 8.16, 8.23, 8.28, 8.27, 8.49, 8.26, 8.48, 9.03, 8.86, 8.51, 8.34, 8.41, 8.18, 8.03, 8.59, 8.67, 8.68, 8.21, 8.09, 8.04, 7.95, 8.07, 8.19]","[8.441539, 8.413078, 8.384615, 8.356154, 8.327693, 8.300232, 8.272771, 8.24531, 8.217849, 8.190388, 8.162927, 8.135466, 8.108005, 8.080544, 8.053083, 8.025622, 7.998161, 7.9707, 7.943239, 7.915778, 7.888317, 7.860856, 7.833395, 7.805934, 7.778473, 7.751012, 7.723551, 7.69609, 7.668629, 7.641168]"
microsoft/Phi-3.5-mini-instruct,ETHUSDT,14,1874.0957,60.48,0,0,"[3004.19, 3125.45, 3127.11, 3144.7, 3224.99, 3296.84, 3168.72, 3106.65, 3088.4, 3086.72, 3123.45, 3095.75, 3325.82, 3354.92, 3318.69, 3296.28, 3310.56, 3284.03, 3189.55, 2939.88, 2982.27, 2952.69, 2956.41, 2953.22, 2816.89, 2930.35, 3026.77, 3010.78, 2822.59, 2707.38]","[1203.655385, 1204.665769, 1205.676154, 1206.686538, 1207.696923, 1208.707307, 1209.717692, 1210.728077, 1211.738461, 1212.748846, 1213.75923, 1214.769615, 1215.78, 1216.790385, 1217.800769, 1218.811154, 1219.821539, 1220.831923, 1221.842308, 1222.852692, 1223.863077, 1224.873461, 1225.883846, 1226.89423, 1227.904615, 1228.915001, 1229.925385, 1230.93577, 1231.946154, 1232.956539]"
microsoft/Phi-3.5-mini-instruct,ETHUSDT,14,829.6627,40.58,0,0,"[2451.95, 2270.15, 2347.02, 2233.72, 2148.26, 1826.83, 2063.38, 2087.08, 2089.74, 2105.02, 2022.67, 1941.18, 1947.85, 2048.72, 2086.59, 1966.58, 1998.33, 1991.66, 1955.91, 1949.08, 1968.88, 1973.35, 1957.82, 1856.3, 1851.94, 2057.48, 2027.68, 1929.84, 1964.51, 1939.71]","[1269.3, 1264.91, 1260.52, 1256.13, 1251.74, 1247.35, 1242.96, 1238.57, 1234.18, 1229.79, 1225.4, 1221.01, 1216.62, 1212.23, 1207.84, 1203.45, 1199.06, 1194.67, 1190.28, 1185.89, 1181.5, 1177.11, 1172.72, 1168.33, 1163.94, 1159.55, 1155.16, 1150.77, 1146.38, 1141.99]"
microsoft/Phi-3.5-mini-instruct,ETHUSDT,14,219.7603,10.34,0,0,"[2027.35, 1982.8, 2127.28, 2072.86, 1978.68, 1969.59, 1937.1, 1992.98, 2036.51, 2051.97, 2073.52, 2092.22, 2096.16, 2178.3, 2352.97, 2317.39, 2203.39, 2137.81, 2146.22, 2084.87, 2053.89, 2152.03, 2156.23, 2169.02, 2060.43, 1992.75, 1994.74, 1984.64, 2026.48, 2105.43]","[1930.71, 1926.21, 1921.71, 1917.21, 1912.71, 1908.21, 1903.71, 1899.21, 1894.71, 1890.21, 1885.71, 1881.21, 1876.71, 1872.21, 1867.71, 1863.21, 1858.71, 1854.21, 1849.71, 1845.21, 1840.71, 1836.21, 1831.71, 1827.21, 1822.71, 1818.21, 1813.71, 1809.21, 1804.71, 1799.21]"
microsoft/Phi-3.5-mini-instruct,FILUSDT,14,0.1411,9.61,0,0,"[1.483, 1.504, 1.494, 1.494, 1.569, 1.593, 1.519, 1.497, 1.488, 1.482, 1.457, 1.461, 1.576, 1.592, 1.504, 1.52, 1.551, 1.45, 1.384, 1.312, 1.348, 1.319, 1.313, 1.315, 1.251, 1.269, 1.272, 1.28, 1.194, 1.176]","[1.307769, 1.308652, 1.309535, 1.310418, 1.311301, 1.312184, 1.313067, 1.31395, 1.314833, 1.315716, 1.316599, 1.317482, 1.318365, 1.319248, 1.320131, 1.321014, 1.321897, 1.32278, 1.323663, 1.324546, 1.325429, 1.326312, 1.327195, 1.328078, 1.328961, 1.329844, 1.330727, 1.33161, 1.332493, 1.333376]"
microsoft/Phi-3.5-mini-instruct,FILUSDT,14,0.2858,29.56,0,0,"[1.052, 1.035, 1.083, 1.068, 1.05, 0.883, 0.977, 0.976, 0.934, 0.938, 0.902, 0.879, 0.914, 0.958, 1.015, 0.963, 0.978, 0.96, 0.927, 0.915, 0.958, 0.97, 0.93, 0.891, 0.88, 1.062, 1.026, 0.994, 1.005, 0.964]","[1.157115, 1.138231, 1.119348, 1.100465, 0.972582, 0.9447, 0.916818, 0.888936, 0.861054, 0.833172, 0.80529, 0.777408, 0.749526, 0.721644, 0.693762, 0.66588, 0.637998, 0.610116, 0.582234, 0.554352, 0.52647, 0.508588, 0.490706, 0.472824, 0.454942, 0.43706, 0.419178, 0.401296, 0.383414, 0.365532]"
microsoft/Phi-3.5-mini-instruct,FILUSDT,14,0.0696,7.99,0,0,"[0.987, 1.0, 1.025, 1.011, 0.978, 0.952, 0.934, 0.939, 0.866, 0.878, 0.877, 0.869, 0.883, 0.895, 0.99, 0.969, 0.925, 0.895, 0.902, 0.882, 0.848, 0.923, 0.923, 0.928, 0.869, 0.839, 0.801, 0.802, 0.816, 0.832]","[0.962989, 0.96298, 0.962971, 0.962962, 0.962953, 0.962944, 0.962935, 0.962926, 0.962917, 0.962908, 0.962899, 0.96289, 0.962881, 0.962872, 0.962863, 0.962854, 0.962845, 0.962836, 0.962827, 0.962818, 0.962809, 0.962799, 0.96279, 0.962781, 0.962772, 0.962763, 0.962754, 0.962745, 0.962736, 0.962727]"
microsoft/Phi-3.5-mini-instruct,LINKUSDT,14,0.9138,6.96,0,0,"[12.6, 13.27, 13.23, 13.43, 13.9, 14.04, 13.44, 13.21, 13.14, 13.13, 13.21, 13.08, 14.06, 14.11, 13.8, 13.73, 13.75, 13.32, 12.88, 12.12, 12.4, 12.27, 12.22, 12.2, 11.52, 11.95, 12.03, 11.84, 11.13, 10.79]","[12.2323, 12.2325, 12.2327, 12.2329, 12.2331, 12.2333, 12.2335, 12.2337, 12.2339, 12.2341, 12.2343, 12.2345, 12.2347, 12.2349, 12.2351, 12.2353, 12.2355, 12.2357, 12.2359, 12.2361, 12.2363, 12.2365, 12.2367, 12.2369, 12.2371, 12.2373, 12.2375, 12.2377, 12.2379, 12.2381]"
microsoft/Phi-3.5-mini-instruct,LINKUSDT,14,2.0035,22.86,0,0,"[9.99, 9.41, 9.81, 9.49, 9.25, 7.92, 8.88, 8.91, 8.83, 8.83, 8.57, 8.33, 8.41, 8.77, 9.09, 8.79, 8.94, 8.82, 8.6, 8.58, 8.95, 8.87, 8.69, 8.26, 8.19, 9.27, 9.09, 8.71, 8.85, 8.67]","[10.339, 10.1102, 9.8814, 9.6526, 9.4238, 9.195, 8.9662, 8.7374, 8.5086, 8.2798, 8.051, 7.8222, 7.5934, 7.3646, 7.1358, 6.907, 6.6782, 6.4494, 6.2206, 6.0018, 5.783, 5.5642, 5.3454, 5.1266, 4.9078, 4.689, 4.4702, 4.2514, 4.0326, 3.8138]"
microsoft/Phi-3.5-mini-instruct,LINKUSDT,14,0.6423,7.01,0,0,"[8.96, 8.8, 9.35, 9.21, 8.8, 8.7, 8.52, 8.87, 8.99, 8.99, 9.05, 9.08, 9.17, 9.5, 9.92, 9.79, 9.22, 9.04, 9.12, 8.82, 8.68, 9.11, 9.25, 9.37, 8.91, 8.57, 8.44, 8.42, 8.62, 8.78]","[8.65, 8.63, 8.61, 8.59, 8.57, 8.55, 8.53, 8.51, 8.49, 8.47, 8.45, 8.43, 8.41, 8.39, 8.37, 8.35, 8.33, 8.31, 8.29, 8.27, 8.25, 8.23, 8.21, 8.19, 8.17, 8.15, 8.13, 8.11, 8.09, 8.07]"
microsoft/Phi-3.5-mini-instruct,LTCUSDT,14,5.7182,7.91,0,0,"[79.97, 81.93, 82.08, 82.26, 83.46, 83.96, 81.71, 81.31, 81.49, 81.19, 78.79, 76.12, 78.18, 76.67, 72.21, 75.22, 74.92, 72.29, 70.8, 67.12, 68.48, 68.19, 68.07, 68.19, 67.3, 69.72, 70.03, 69.42, 66.24, 65.47]","[76.851969, 76.853939, 76.855809, 76.857679, 76.859549, 76.861419, 76.863289, 76.865159, 76.867029, 76.868899, 76.870769, 76.872639, 76.874509, 76.876379, 76.878249, 76.880119, 76.881989, 76.883859, 76.885729, 76.887599, 76.889469, 76.891339, 76.893209, 76.895079, 76.896949, 76.898819, 76.900689, 76.902559, 76.904429, 76.906299]"
microsoft/Phi-3.5-mini-instruct,LTCUSDT,14,4.8087,8.81,0,0,"[59.53, 58.49, 60.02, 59.48, 58.89, 50.79, 55.02, 55.19, 54.53, 54.45, 53.38, 52.32, 53.15, 55.03, 55.99, 55.08, 55.13, 53.96, 53.32, 52.7, 55.19, 54.9, 53.48, 51.35, 51.15, 56.76, 55.62, 54.56, 54.4, 53.24]","[64.007, 63.277, 62.547, 61.817, 61.087, 60.357, 59.627, 58.897, 58.167, 57.437, 56.707, 55.977, 55.247, 54.517, 53.787, 53.057, 52.327, 51.597, 50.867, 50.137, 49.407, 48.677, 47.947, 47.217, 46.487, 45.757, 45.027, 44.297, 43.567, 42.837]"
microsoft/Phi-3.5-mini-instruct,LTCUSDT,14,2.0864,3.73,0,0,"[54.61, 54.76, 56.77, 55.46, 53.81, 53.58, 52.59, 53.77, 53.87, 54.8, 54.56, 55.3, 54.98, 56.27, 58.7, 58.09, 56.08, 55.54, 56.17, 54.81, 53.51, 55.72, 56.38, 56.65, 54.59, 53.72, 53.85, 53.32, 53.34, 53.95]","[53.0947, 53.0837, 53.0727, 53.0617, 53.0507, 53.0397, 53.0287, 53.0177, 52.9967, 52.9857, 52.9747, 52.9637, 52.9527, 52.9417, 52.9307, 52.9197, 52.9087, 52.8977, 52.8867, 52.8757, 52.8647, 52.8537, 52.8427, 52.8317, 52.8207, 52.8097, 52.7987, 52.7877, 52.7767, 52.7657]"
microsoft/Phi-3.5-mini-instruct,NEARUSDT,14,0.147,8.79,0,0,"[1.627, 1.692, 1.711, 1.728, 1.774, 1.808, 1.722, 1.686, 1.703, 1.689, 1.702, 1.675, 1.859, 1.799, 1.722, 1.731, 1.751, 1.629, 1.597, 1.506, 1.529, 1.513, 1.509, 1.506, 1.436, 1.463, 1.49, 1.489, 1.375, 1.323]","[1.514669, 1.515339, 1.516009, 1.516679, 1.517349, 1.518019, 1.518689, 1.519359, 1.519999, 1.520639, 1.521279, 1.521919, 1.522559, 1.523199, 1.523839, 1.524479, 1.525119, 1.525759, 1.526399, 1.527039, 1.527679, 1.528319, 1.528959, 1.529599, 1.530239, 1.530879, 1.531519, 1.532159, 1.532799, 1.533439]"
microsoft/Phi-3.5-mini-instruct,NEARUSDT,14,0.2055,19.74,0,0,"[1.206, 1.173, 1.2, 1.176, 1.16, 0.976, 1.087, 1.075, 1.038, 1.03, 0.993, 0.962, 0.964, 1.024, 1.086, 1.056, 1.058, 1.044, 1.017, 1.007, 1.054, 1.059, 1.022, 0.981, 0.967, 1.172, 1.127, 1.094, 1.172, 1.15]","[1.32, 1.317, 1.314, 1.311, 1.308, 1.305, 1.302, 1.299, 1.296, 1.293, 1.29, 1.287, 1.284, 1.281, 1.278, 1.275, 1.272, 1.269, 1.266, 1.263, 1.26, 1.257, 1.254, 1.251, 1.248, 1.245, 1.242, 1.239, 1.236, 1.233]"
microsoft/Phi-3.5-mini-instruct,NEARUSDT,14,0.1045,8.2,0,0,"[1.36, 1.358, 1.311, 1.271, 1.227, 1.214, 1.212, 1.235, 1.284, 1.299, 1.368, 1.336, 1.325, 1.35, 1.49, 1.452, 1.386, 1.335, 1.316, 1.281, 1.274, 1.311, 1.292, 1.28, 1.224, 1.18, 1.173, 1.164, 1.162, 1.189]","[1.165438, 1.173184, 1.18103, 1.189876, 1.198722, 1.207568, 1.216414, 1.22526, 1.234106, 1.242952, 1.251798, 1.260644, 1.26949, 1.278336, 1.287182, 1.296028, 1.304874, 1.31372, 1.322566, 1.331412, 1.340258, 1.349104, 1.35795, 1.366796, 1.375642, 1.384488, 1.393334, 1.40218, 1.411026, 1.419872]"
microsoft/Phi-3.5-mini-instruct,SOLUSDT,14,9.2974,6.79,0,0,"[126.9, 132.29, 133.37, 134.12, 137.9, 141.08, 136.39, 138.37, 135.97, 135.84, 139.7, 139.22, 145.51, 146.69, 142.4, 144.89, 143.72, 137.87, 133.44, 125.8, 129.54, 128.47, 127.43, 127.21, 118.85, 124.24, 127.19, 125.35, 117.82, 117.59]","[124.738846, 124.827693, 124.91654, 125.005387, 125.094234, 125.183081, 125.271928, 125.360775, 125.449622, 125.538469, 125.627316, 125.716163, 125.80501, 125.893857, 125.982704, 126.071551, 126.160398, 126.249245, 126.338092, 126.426939, 126.515786, 126.604633, 126.69348, 126.782327, 126.871174, 126.960021, 127.048868, 127.137715, 127.226562, 127.315409]"
microsoft/Phi-3.5-mini-instruct,SOLUSDT,14,12.381,14.55,0,0,"[105.58, 100.79, 104.55, 97.89, 92.12, 78.35, 87.46, 87.59, 86.99, 86.77, 82.99, 79.3, 78.4, 84.33, 88.06, 86.16, 86.45, 85.08, 81.61, 82.5, 84.67, 85.17, 82.79, 77.9, 78.99, 88.06, 85.91, 81.85, 84.35, 83.6]","[113.57, 111.56, 109.55, 107.54, 105.53, 103.52, 101.51, 99.5, 97.49, 95.48, 93.47, 91.46, 89.45, 87.44, 85.43, 83.42, 81.41, 79.4, 77.39, 75.38, 73.37, 71.36, 69.35, 67.34, 65.33, 63.32, 61.31, 59.3, 57.29, 55.28]"
microsoft/Phi-3.5-mini-instruct,SOLUSDT,14,10.3573,11.75,1,0,"[86.64, 86.97, 90.85, 88.77, 84.7, 83.22, 81.59, 84.96, 85.88, 86.58, 86.84, 88.18, 88.03, 92.3, 96.2, 94.62, 90.08, 88.89, 89.84, 87.56, 86.2, 91.43, 90.8, 91.7, 86.53, 83.11, 82.09, 81.44, 82.54, 83.2]","[83.16125, 82.941731, 82.722212, 82.502702, 82.283193, 82.063684, 81.844175, 81.624665, 81.405156, 81.185647, 80.966138, 80.746629, 80.52712, 80.307611, 80.088101, 79.868592, 79.649083, 79.429574, 79.210065, 79.000556, 69.0, 69.0, 69.0, 69.0, 69.0, 69.0, 69.0, 69.0, 69.0, 69.0]"
microsoft/Phi-3.5-mini-instruct,TRXUSDT,14,0.0091,2.98,0,0,"[0.2871, 0.289, 0.2956, 0.2939, 0.2922, 0.2942, 0.2981, 0.295, 0.2984, 0.3024, 0.2995, 0.2998, 0.3071, 0.3047, 0.3126, 0.3096, 0.3188, 0.3178, 0.3119, 0.297, 0.2993, 0.3054, 0.2979, 0.2954, 0.2957, 0.2966, 0.2947, 0.2954, 0.295, 0.2942]","[0.2853, 0.2857, 0.2861, 0.2865, 0.2869, 0.2873, 0.2877, 0.2881, 0.2885, 0.2889, 0.2893, 0.2897, 0.2901, 0.2905, 0.2909, 0.2913, 0.2917, 0.2921, 0.2925, 0.2929, 0.2933, 0.2937, 0.2941, 0.2945, 0.2949, 0.2953, 0.2957, 0.2961, 0.2965, 0.2969]"
microsoft/Phi-3.5-mini-instruct,TRXUSDT,14,0.0089,3.16,0,0,"[0.2866, 0.2847, 0.2835, 0.2861, 0.2833, 0.2696, 0.2741, 0.2782, 0.2778, 0.2791, 0.2782, 0.2784, 0.28, 0.2823, 0.2826, 0.2805, 0.2846, 0.2821, 0.2788, 0.2849, 0.2854, 0.289, 0.2906, 0.2816, 0.2837, 0.2853, 0.2857, 0.2828, 0.2819, 0.2807]","[0.293318, 0.292436, 0.291554, 0.290672, 0.28979, 0.288908, 0.288026, 0.287144, 0.286262, 0.28538, 0.284498, 0.283616, 0.282734, 0.281852, 0.28097, 0.279988, 0.279006, 0.278024, 0.277042, 0.27606, 0.275078, 0.274096, 0.273114, 0.272132, 0.27115, 0.270168, 0.269186, 0.268204, 0.267222, 0.26624]"
microsoft/Phi-3.5-mini-instruct,TRXUSDT,14,0.0232,7.54,0,0,"[0.2832, 0.2805, 0.2871, 0.2852, 0.2846, 0.2866, 0.2891, 0.2856, 0.2858, 0.2913, 0.2891, 0.2934, 0.2978, 0.2987, 0.2956, 0.3068, 0.3045, 0.3036, 0.3097, 0.3121, 0.3104, 0.3081, 0.3061, 0.3146, 0.3115, 0.3113, 0.3167, 0.322, 0.32, 0.3133]","[0.279997, 0.279694, 0.279491, 0.279288, 0.279085, 0.278882, 0.278679, 0.278476, 0.278273, 0.27807, 0.277867, 0.277664, 0.277461, 0.277258, 0.277055, 0.276852, 0.276649, 0.276446, 0.276243, 0.27604, 0.275837, 0.275634, 0.275431, 0.275228, 0.275025, 0.274822, 0.274619, 0.274416, 0.274213, 0.27401]"
microsoft/Phi-3.5-mini-instruct,UNIUSDT,14,1.1772,23.99,0,0,"[5.809, 6.038, 5.917, 5.85, 6.162, 6.07, 5.726, 5.488, 5.467, 5.476, 5.456, 5.367, 5.73, 5.681, 5.35, 5.315, 5.352, 5.095, 5.026, 4.803, 4.94, 4.836, 4.873, 4.855, 4.637, 4.711, 4.8, 4.82, 4.396, 4.276]","[5.692308, 5.744617, 5.796926, 5.849235, 5.901544, 5.953853, 6.006162, 6.058471, 6.11078, 6.163089, 6.215398, 6.267707, 6.319016, 6.360325, 6.401634, 6.442943, 6.484252, 6.525561, 6.56687, 6.608179, 6.649488, 6.690797, 6.732106, 6.773415, 6.814724, 6.856033, 6.897342, 6.938651, 6.97996, 7.021269]"
microsoft/Phi-3.5-mini-instruct,UNIUSDT,14,0.5648,16.21,0,0,"[3.96, 3.837, 3.925, 3.86, 3.801, 3.168, 3.552, 3.539, 3.468, 3.493, 3.36, 3.369, 3.247, 3.398, 3.629, 3.471, 3.601, 3.524, 3.403, 3.391, 3.492, 3.609, 3.491, 3.349, 3.337, 4.055, 3.879, 3.742, 3.811, 3.748]","[4.267769, 4.259538, 4.251307, 4.243076, 4.234845, 4.226614, 4.218383, 4.210152, 4.201921, 4.19369, 4.185459, 4.177228, 4.168997, 4.160766, 4.152535, 4.144304, 4.136073, 4.127842, 4.119611, 4.11138, 4.103149, 4.094918, 4.086687, 4.078456, 4.070225, 4.062004, 4.053783, 4.045562, 4.037341, 4.02912]"
microsoft/Phi-3.5-mini-instruct,UNIUSDT,14,0.2835,7.94,0,0,"[3.929, 3.912, 3.977, 3.97, 3.848, 3.771, 3.661, 3.861, 3.843, 3.898, 3.918, 4.004, 3.948, 4.069, 4.157, 3.957, 3.681, 3.579, 3.605, 3.486, 3.471, 3.587, 3.609, 3.708, 3.528, 3.388, 3.384, 3.355, 3.48, 3.545]","[3.7708, 3.7822, 3.7936, 3.805, 3.8164, 3.8278, 3.8392, 3.8506, 3.862, 3.8734, 3.8848, 3.8962, 3.9076, 3.919, 3.9304, 3.9418, 3.9532, 3.9646, 3.976, 3.9874, 3.9988, 4.0102, 4.0216, 4.033, 4.0444, 4.0558, 4.0672, 4.0786, 4.09, 4.1014]"
microsoft/Phi-3.5-mini-instruct,XLMUSDT,14,0.0258,11.43,0,0,"[0.2087, 0.2191, 0.2222, 0.233, 0.2526, 0.2438, 0.2342, 0.2302, 0.2284, 0.2264, 0.2244, 0.2193, 0.2386, 0.2361, 0.2285, 0.226, 0.2309, 0.2182, 0.2157, 0.207, 0.2124, 0.2115, 0.2122, 0.2115, 0.2033, 0.2074, 0.2085, 0.2105, 0.1987, 0.1919]","[0.2002, 0.2, 0.1996, 0.1992, 0.1988, 0.1984, 0.198, 0.1976, 0.1972, 0.1968, 0.1964, 0.196, 0.1956, 0.1952, 0.1948, 0.1944, 0.194, 0.1936, 0.1932, 0.1928, 0.1924, 0.192, 0.1916, 0.1912, 0.1908, 0.1904, 0.19, 0.1896, 0.1892, 0.1888]"
microsoft/Phi-3.5-mini-instruct,XLMUSDT,14,0.024,15.01,0,0,"[0.181, 0.1751, 0.1787, 0.1758, 0.1714, 0.1471, 0.1642, 0.1619, 0.1615, 0.1596, 0.1585, 0.1547, 0.1563, 0.1646, 0.1744, 0.1702, 0.1698, 0.1657, 0.1613, 0.1591, 0.1627, 0.161, 0.155, 0.1514, 0.1496, 0.1627, 0.1622, 0.1588, 0.159, 0.1541]","[0.1913, 0.191, 0.1907, 0.1904, 0.1901, 0.1898, 0.1895, 0.1892, 0.1889, 0.1886, 0.1883, 0.188, 0.1877, 0.1874, 0.1871, 0.1868, 0.1865, 0.1862, 0.1859, 0.1856, 0.1853, 0.185, 0.1847, 0.1844, 0.1841, 0.1838, 0.1835, 0.1832, 0.1829, 0.1826]"
microsoft/Phi-3.5-mini-instruct,XLMUSDT,14,0.0121,7.23,0,0,"[0.1557, 0.1515, 0.1595, 0.1569, 0.1522, 0.1504, 0.1482, 0.1508, 0.1586, 0.1592, 0.16, 0.1641, 0.1665, 0.1693, 0.176, 0.1736, 0.1702, 0.1654, 0.1654, 0.1621, 0.156, 0.1668, 0.1738, 0.1774, 0.1738, 0.1674, 0.168, 0.1645, 0.1674, 0.1673]","[0.153756, 0.153634, 0.153512, 0.15339, 0.153268, 0.153146, 0.153024, 0.152902, 0.15278, 0.152658, 0.152536, 0.152414, 0.152292, 0.15217, 0.152048, 0.151926, 0.151804, 0.151682, 0.15156, 0.151438, 0.151316, 0.151194, 0.151072, 0.15095, 0.150828, 0.150706, 0.150584, 0.150462, 0.15034, 0.150218]"
microsoft/Phi-3.5-mini-instruct,XRPUSDT,14,0.1778,8.49,0,0,"[1.8799, 2.0069, 2.0182, 2.0909, 2.3478, 2.3042, 2.1657, 2.1232, 2.0958, 2.0907, 2.0745, 2.054, 2.1655, 2.1394, 2.0789, 2.0678, 2.0631, 1.9914, 1.986, 1.89, 1.9476, 1.9236, 1.9196, 1.9143, 1.8356, 1.9041, 1.9158, 1.9111, 1.8076, 1.7352]","[1.845203, 1.84547, 1.845738, 1.846007, 1.846276, 1.846546, 1.846816, 1.847087, 1.847358, 1.84763, 1.847902, 1.848175, 1.848448, 1.848722, 1.848996, 1.849271, 1.849546, 1.849822, 1.850097, 1.850373, 1.850649, 1.850926, 1.851202, 1.851479, 1.851756, 1.852033, 1.852311, 1.852588, 1.852866, 1.853143]"
microsoft/Phi-3.5-mini-instruct,XRPUSDT,14,0.2372,16.91,0,0,"[1.6472, 1.5908, 1.6198, 1.5791, 1.512, 1.2146, 1.4698, 1.4231, 1.4308, 1.437, 1.3999, 1.3697, 1.3635, 1.4071, 1.5094, 1.4753, 1.4876, 1.4743, 1.4219, 1.4068, 1.4292, 1.4304, 1.3932, 1.3518, 1.3482, 1.4339, 1.4027, 1.3562, 1.3762, 1.3524]","[1.7077, 1.7054, 1.7031, 1.7008, 1.6985, 1.6962, 1.6939, 1.6916, 1.6893, 1.687, 1.6847, 1.6824, 1.6801, 1.6778, 1.6755, 1.6732, 1.6709, 1.6686, 1.6663, 1.664, 1.6617, 1.6594, 1.6571, 1.6548, 1.6525, 1.6502, 1.6479, 1.6456, 1.6433, 1.641]"
microsoft/Phi-3.5-mini-instruct,XRPUSDT,14,0.0603,4.19,0,0,"[1.39, 1.3607, 1.4309, 1.4037, 1.3633, 1.3567, 1.34, 1.3631, 1.3863, 1.3847, 1.3846, 1.3989, 1.4063, 1.4487, 1.543, 1.5182, 1.4647, 1.4475, 1.4452, 1.4086, 1.3848, 1.4323, 1.416, 1.4145, 1.3609, 1.3257, 1.3333, 1.3278, 1.3242, 1.3411]","[1.3418, 1.3416, 1.3414, 1.3412, 1.341, 1.3408, 1.3406, 1.3404, 1.3402, 1.34, 1.3398, 1.3396, 1.3394, 1.3392, 1.339, 1.3388, 1.3386, 1.3384, 1.3382, 1.338, 1.3378, 1.3376, 1.3374, 1.3372, 1.337, 1.3368, 1.3366, 1.3364, 1.3362, 1.336]"
microsoft/Phi-3.5-mini-instruct,ADAUSDT,21,0.052,13.35,0,0,"[0.3565, 0.3949, 0.3893, 0.4007, 0.4211, 0.4194, 0.4022, 0.3956, 0.3914, 0.3886, 0.391, 0.3862, 0.4218, 0.4143, 0.3936, 0.3955, 0.3973, 0.3758, 0.3703, 0.3507, 0.3659, 0.3594, 0.3602, 0.3583, 0.3391, 0.3521, 0.3608, 0.3583, 0.3347, 0.3208]","[0.3327, 0.3323, 0.3319, 0.3315, 0.3311, 0.3307, 0.3303, 0.3299, 0.3295, 0.3291, 0.3287, 0.3283, 0.3279, 0.3275, 0.3271, 0.3267, 0.3263, 0.3259, 0.3255, 0.3251, 0.3247, 0.3243, 0.3239, 0.3235, 0.3231, 0.3227, 0.3223, 0.3219, 0.3215, 0.3211]"
microsoft/Phi-3.5-mini-instruct,ADAUSDT,21,0.0171,6.22,0,0,"[0.2936, 0.2858, 0.2991, 0.2917, 0.2864, 0.2455, 0.2762, 0.2721, 0.2701, 0.2699, 0.262, 0.2559, 0.2643, 0.2728, 0.295, 0.2818, 0.2858, 0.2811, 0.2735, 0.2729, 0.2849, 0.28, 0.2717, 0.2623, 0.2587, 0.2971, 0.287, 0.2776, 0.281, 0.2735]","[0.317409, 0.314108, 0.310907, 0.307806, 0.304805, 0.301904, 0.299103, 0.296402, 0.293801, 0.2913, 0.2889, 0.2866, 0.2844, 0.2823, 0.2803, 0.2784, 0.2766, 0.2749, 0.2733, 0.2718, 0.2704, 0.2691, 0.2679, 0.2668, 0.2657, 0.2647, 0.2637, 0.2628, 0.2619, 0.2611]"
microsoft/Phi-3.5-mini-instruct,ADAUSDT,21,0.0154,6.04,0,0,"[0.2771, 0.2625, 0.2763, 0.2692, 0.259, 0.2544, 0.2493, 0.2552, 0.2621, 0.2626, 0.2636, 0.2656, 0.2634, 0.2702, 0.2904, 0.2891, 0.2742, 0.2675, 0.2661, 0.2574, 0.2506, 0.2616, 0.2664, 0.2705, 0.2547, 0.2461, 0.246, 0.2398, 0.2434, 0.2418]","[0.27376, 0.27384, 0.27392, 0.274, 0.27408, 0.27416, 0.27424, 0.27432, 0.2744, 0.27448, 0.27456, 0.27464, 0.27472, 0.2748, 0.27488, 0.27496, 0.27504, 0.27512, 0.2752, 0.27528, 0.27536, 0.27544, 0.27552, 0.2756, 0.27568, 0.27576, 0.27584, 0.27592, 0.276, 0.27608]"
microsoft/Phi-3.5-mini-instruct,ALGOUSDT,21,0.0176,13.53,0,0,"[0.1202, 0.1275, 0.1279, 0.1362, 0.1396, 0.1423, 0.1364, 0.1344, 0.1332, 0.1337, 0.1323, 0.129, 0.1385, 0.1365, 0.128, 0.1303, 0.1315, 0.1228, 0.1209, 0.1143, 0.1177, 0.1188, 0.1203, 0.1186, 0.1147, 0.1221, 0.122, 0.1263, 0.1145, 0.1121]","[0.110405, 0.11031, 0.110225, 0.11014, 0.110055, 0.10997, 0.109885, 0.1098, 0.109715, 0.10963, 0.109545, 0.10946, 0.109375, 0.10929, 0.109205, 0.10912, 0.109035, 0.10895, 0.108865, 0.10878, 0.108695, 0.10861, 0.108525, 0.10844, 0.108355, 0.10827, 0.108185, 0.1081, 0.108015, 0.10793]"
microsoft/Phi-3.5-mini-instruct,ALGOUSDT,21,0.0047,5.01,0,0,"[0.104, 0.1005, 0.1049, 0.1064, 0.1031, 0.0884, 0.0989, 0.0977, 0.0969, 0.096, 0.0917, 0.0891, 0.0918, 0.0941, 0.0997, 0.0959, 0.0947, 0.0931, 0.091, 0.0892, 0.0905, 0.0896, 0.0868, 0.0839, 0.0835, 0.091, 0.088, 0.0866, 0.0879, 0.0856]","[0.1111, 0.1101, 0.1091, 0.1081, 0.1071, 0.1061, 0.1051, 0.1041, 0.1031, 0.1021, 0.1011, 0.1001, 0.0991, 0.0981, 0.0971, 0.0961, 0.0951, 0.0941, 0.0931, 0.0921, 0.0911, 0.0901, 0.0891, 0.0881, 0.0871, 0.0861, 0.0851, 0.0841, 0.0831, 0.0821]"
microsoft/Phi-3.5-mini-instruct,ALGOUSDT,21,0.01,11.28,0,0,"[0.088, 0.0861, 0.0888, 0.0873, 0.0844, 0.083, 0.0818, 0.0833, 0.0853, 0.0862, 0.089, 0.0939, 0.091, 0.0926, 0.0972, 0.0947, 0.0901, 0.0893, 0.0898, 0.0868, 0.0855, 0.0875, 0.0872, 0.0875, 0.084, 0.0815, 0.0816, 0.0812, 0.0822, 0.0939]","[0.0846, 0.0841, 0.0836, 0.0831, 0.0826, 0.0821, 0.0816, 0.0811, 0.0806, 0.0801, 0.0796, 0.0791, 0.0786, 0.0781, 0.0776, 0.0771, 0.0766, 0.0761, 0.0756, 0.0751, 0.0746, 0.0741, 0.0736, 0.0731, 0.0726, 0.0721, 0.0716, 0.0711, 0.0706, 0.0701]"
microsoft/Phi-3.5-mini-instruct,ATOMUSDT,21,0.9301,39.27,0,0,"[2.069, 2.168, 2.239, 2.34, 2.369, 2.532, 2.433, 2.461, 2.592, 2.57, 2.574, 2.487, 2.636, 2.582, 2.477, 2.494, 2.567, 2.426, 2.456, 2.295, 2.382, 2.335, 2.368, 2.334, 2.236, 2.222, 2.244, 2.237, 2.128, 2.112]","[1.9175, 1.91625, 1.915, 1.91375, 1.9125, 1.91125, 1.91, 1.90875, 1.9075, 1.90625, 1.905, 1.90375, 1.9025, 1.90125, 1.9, 0.9975, 0.99625, 0.995, 0.99375, 0.9925, 0.99125, 0.99, 0.98875, 0.9875, 0.98625, 0.985, 0.98375, 0.9825, 0.98125, 0.98]"
microsoft/Phi-3.5-mini-instruct,ATOMUSDT,21,0.1526,7.19,0,0,"[1.971, 1.91, 1.982, 2.036, 1.995, 1.819, 1.987, 1.989, 1.95, 1.96, 1.922, 1.945, 1.968, 2.122, 2.186, 2.137, 2.292, 2.242, 2.346, 2.292, 2.358, 2.314, 2.25, 2.12, 1.992, 1.942, 1.879, 1.849, 1.849, 1.799]","[2.11, 2.108, 2.106, 2.104, 2.102, 2.1, 1.998, 1.996, 1.994, 1.992, 1.99, 1.988, 1.986, 1.984, 1.982, 1.98, 1.978, 1.976, 1.974, 1.972, 1.97, 1.968, 1.966, 1.964, 1.962, 1.96, 1.958, 1.956, 1.954, 1.952]"
microsoft/Phi-3.5-mini-instruct,ATOMUSDT,21,0.1325,7.27,0,0,"[1.843, 1.814, 1.879, 1.84, 1.809, 1.785, 1.738, 1.743, 1.788, 1.84, 1.838, 1.862, 1.87, 1.861, 1.978, 1.961, 1.909, 1.811, 1.834, 1.793, 1.769, 1.786, 1.787, 1.765, 1.699, 1.676, 1.666, 1.646, 1.665, 1.707]","[1.78295, 1.7749, 1.76685, 1.7588, 1.75075, 1.7427, 1.73465, 1.7266, 1.71855, 1.7105, 1.70245, 1.6944, 1.68635, 1.6783, 1.67025, 1.6622, 1.65415, 1.6461, 1.63805, 1.63, 1.62195, 1.6139, 1.60585, 1.5978, 1.58975, 1.5817, 1.57365, 1.5656, 1.55755, 1.5495]"
microsoft/Phi-3.5-mini-instruct,AVAXUSDT,21,1.6008,11.77,0,0,"[13.59, 13.82, 13.99, 14.25, 14.45, 14.59, 14.11, 13.89, 13.79, 13.74, 13.7, 13.53, 14.75, 14.6, 13.82, 13.59, 13.75, 12.98, 12.74, 12.09, 12.42, 12.2, 12.13, 12.05, 11.49, 11.72, 12.14, 12.07, 11.04, 10.87]","[12.21, 12.155, 12.1, 12.045, 12.0, 11.955, 11.91, 11.865, 11.82, 11.775, 11.73, 11.685, 11.64, 11.595, 11.55, 11.505, 11.46, 11.415, 11.37, 11.325, 11.28, 11.235, 11.19, 11.145, 11.1, 11.055, 11.01, 10.965, 10.92, 10.875]"
microsoft/Phi-3.5-mini-instruct,AVAXUSDT,21,0.6505,7.14,0,0,"[10.12, 9.91, 10.14, 9.93, 9.72, 8.32, 9.28, 9.23, 9.08, 9.06, 8.76, 8.63, 8.9, 9.14, 9.59, 9.29, 9.26, 9.14, 8.86, 8.91, 9.17, 9.12, 8.87, 8.36, 8.29, 9.51, 9.31, 8.95, 9.16, 9.04]","[10.6271, 10.5237, 10.4203, 10.3169, 10.2135, 10.1101, 10.0067, 9.9033, 9.8, 9.6967, 9.5933, 9.4899, 9.3865, 9.2831, 9.1797, 9.0763, 8.9729, 8.8695, 8.7661, 8.6627, 8.5593, 8.4559, 8.3525, 8.2491, 8.1457, 8.0423, 7.9389, 7.8355, 7.7321, 7.6287]"
microsoft/Phi-3.5-mini-instruct,AVAXUSDT,21,0.4384,4.55,0,0,"[9.17, 9.18, 9.5, 9.39, 9.01, 8.91, 8.82, 9.26, 9.53, 9.55, 9.67, 9.72, 9.73, 9.95, 10.49, 10.2, 9.69, 9.48, 9.56, 9.21, 9.03, 9.56, 9.62, 9.68, 9.11, 8.79, 8.75, 8.6, 8.81, 8.91]","[9.0398, 9.0397, 9.0396, 9.0395, 9.0394, 9.0393, 9.0392, 9.0391, 9.039, 9.0389, 9.0388, 9.0387, 9.0386, 9.0385, 9.0384, 9.0383, 9.0382, 9.0381, 9.038, 9.0379, 9.0378, 9.0377, 9.0376, 9.0375, 9.0374, 9.0373, 9.0372, 9.0371, 9.037, 9.0369]"
microsoft/Phi-3.5-mini-instruct,BCHUSDT,21,34.398,5.78,0,0,"[593.2, 609.8, 654.5, 639.1, 645.2, 638.2, 629.2, 632.0, 634.7, 643.9, 649.1, 621.7, 617.0, 597.4, 590.8, 599.5, 594.1, 591.4, 584.0, 573.2, 584.8, 599.2, 595.7, 593.6, 572.2, 578.7, 600.2, 591.1, 554.1, 553.2]","[602.02, 603.28, 604.54, 605.8, 607.06, 608.32, 609.58, 610.84, 612.1, 613.36, 614.62, 615.88, 617.14, 618.4, 619.66, 620.92, 622.18, 623.44, 624.7, 625.96, 627.22, 628.48, 629.74, 631.0, 632.26, 633.52, 634.78, 636.04, 637.3, 638.56]"
microsoft/Phi-3.5-mini-instruct,BCHUSDT,21,36.319,6.75,0,0,"[507.5, 516.2, 539.7, 527.1, 532.5, 453.9, 523.2, 525.1, 527.0, 533.0, 524.3, 516.2, 503.0, 563.9, 562.9, 553.5, 569.2, 563.4, 558.0, 560.4, 562.4, 564.1, 570.7, 495.8, 484.8, 492.9, 478.4, 461.5, 457.6, 441.7]","[548.77, 544.34, 540.91, 537.48, 534.05, 530.62, 527.19, 523.76, 520.33, 516.9, 513.47, 509.94, 506.41, 502.88, 499.35, 495.82, 492.29, 488.76, 485.23, 481.7, 478.17, 474.64, 471.11, 467.58, 464.05, 460.52, 457.0, 453.47, 449.94, 446.41]"
microsoft/Phi-3.5-mini-instruct,BCHUSDT,21,93.2517,20.03,0,0,"[445.3, 443.9, 466.9, 461.6, 449.7, 450.2, 443.1, 444.6, 447.1, 455.1, 455.2, 461.0, 467.6, 469.7, 478.8, 470.7, 456.9, 455.6, 474.6, 462.6, 467.4, 478.0, 477.4, 473.6, 461.9, 472.9, 481.2, 452.7, 460.3, 466.5]","[433.735, 429.235, 424.735, 420.235, 415.735, 411.235, 406.735, 402.235, 397.735, 393.235, 388.735, 384.235, 379.735, 375.235, 370.735, 366.235, 361.735, 357.235, 352.735, 348.235, 343.735, 339.235, 334.735, 330.235, 325.735, 321.235, 316.735, 312.235, 307.735, 303.235]"
microsoft/Phi-3.5-mini-instruct,BNBUSDT,21,52.9683,5.81,0,0,"[864.39, 881.25, 878.63, 895.43, 910.31, 917.64, 900.3, 892.26, 896.86, 907.93, 904.32, 905.78, 943.73, 948.47, 931.2, 938.16, 947.12, 932.51, 923.6, 884.2, 883.36, 888.06, 891.63, 887.17, 866.02, 879.41, 898.36, 902.91, 868.69, 858.81]","[862.22, 861.14, 860.06, 859.0, 858.04, 857.08, 856.12, 855.16, 854.2, 853.24, 852.28, 851.32, 850.36, 849.4, 848.44, 847.48, 846.52, 845.56, 844.6, 843.64, 842.68, 841.72, 840.76, 839.8, 838.84, 837.88, 836.92, 835.96, 834.999999, 834.039999]"
microsoft/Phi-3.5-mini-instruct,BNBUSDT,21,179.8768,28.6,0,0,"[781.38, 758.54, 773.94, 754.78, 697.27, 608.3, 657.21, 647.0, 639.93, 636.39, 619.85, 608.11, 614.29, 618.94, 632.77, 615.16, 627.19, 617.74, 604.8, 607.83, 625.91, 625.61, 614.8, 596.41, 583.6, 629.42, 625.74, 614.03, 617.14, 617.96]","[856.3644, 854.0132, 851.662, 849.3108, 846.9596, 844.6084, 842.2572, 839.906, 837.5548, 835.2036, 832.8524, 830.5012, 828.15, 825.8, 823.45, 821.1, 818.75, 816.4, 814.05, 811.7, 809.35, 807.0, 804.65, 802.3, 799.95, 797.6, 795.25, 792.9, 790.55, 788.2]"
microsoft/Phi-3.5-mini-instruct,BNBUSDT,21,24.0923,3.7,0,0,"[637.79, 633.56, 657.99, 647.85, 627.31, 620.26, 611.98, 634.64, 642.0, 651.46, 651.72, 655.73, 657.7, 673.77, 679.71, 668.61, 652.27, 639.15, 642.11, 630.7, 626.41, 639.11, 638.3, 647.66, 628.86, 613.95, 611.08, 606.09, 609.29, 617.43]","[616.98, 616.92, 616.86, 616.8, 616.74, 616.68, 616.62, 616.56, 616.5, 616.44, 616.38, 616.32, 616.26, 616.2, 616.14, 616.08, 616.02, 615.96, 615.9, 615.84, 615.78, 615.72, 615.66, 615.6, 615.54, 615.48, 615.42, 615.36, 615.3, 615.24]"
microsoft/Phi-3.5-mini-instruct,BTCUSDT,21,7662.963,8.37,0,0,"[88839.04, 89995.13, 90628.01, 91529.73, 93859.71, 93747.97, 91364.16, 91099.99, 90641.28, 90504.7, 91013.65, 91296.2, 95414.0, 96951.78, 95604.8, 95550.94, 95147.77, 93673.14, 92631.0, 88427.66, 89454.73, 89559.67, 89600.26, 89225.34, 86670.36, 88347.08, 89250.0, 89299.99, 84650.16, 84260.49]","[87648.22, 87404.969999, 87161.719999, 86918.469999, 86675.219999, 86431.969999, 86188.719999, 85945.469999, 85602.219999, 85258.969999, 84915.719999, 84572.469999, 84229.219999, 83885.969999, 83542.719999, 83199.469999, 82856.219999, 82512.969999, 82169.719999, 81826.469999, 81483.219999, 81140.969999, 80798.719999, 80455.469999, 80112.219999, 79768.969999, 79425.719999, 79082.469999, 78739.219999, 78395.969999]"
microsoft/Phi-3.5-mini-instruct,BTCUSDT,21,10313.8503,15.13,0,0,"[78741.09, 76968.21, 78738.61, 75770.21, 73165.83, 62909.86, 70580.26, 69289.38, 70330.38, 70138.0, 68841.29, 67082.52, 66272.17, 68853.96, 69822.95, 68832.58, 68892.43, 67503.52, 66461.0, 67003.73, 68020.01, 67975.93, 67643.4, 64656.02, 64058.15, 67988.04, 67485.18, 65872.1, 66973.26, 65776.47]","[83938.28, 83626.07, 83313.86, 83001.65, 82689.44, 82377.23, 82065.02, 81752.81, 81439.6, 81126.39, 80813.18, 80499.97, 80186.76, 79873.55, 79559.34, 79246.13, 78932.92, 78619.71, 78306.5, 77993.29, 77679.08, 77365.87, 77052.66, 76739.45, 76426.24, 76113.03, 75800.82, 75487.61, 75174.4, 74861.19]"
microsoft/Phi-3.5-mini-instruct,BTCUSDT,21,20470.2367,29.55,0,0,"[68830.06, 68338.0, 72666.77, 70890.72, 68114.02, 67262.91, 65971.2, 68432.16, 69948.63, 70191.86, 70541.34, 70930.0, 71211.95, 72815.24, 74884.67, 73909.36, 71246.54, 69930.0, 70510.73, 68918.12, 67859.0, 70906.45, 70556.74, 71336.53, 68820.31, 66407.28, 66377.03, 66010.93, 66797.37, 68284.48]","[470000.0, 65568.4, 65350.33, 65132.26, 64914.19, 64696.12, 64478.05, 64260.98, 64043.91, 63826.84, 63609.77, 63392.7, 63175.63, 62958.56, 62741.49, 62524.42, 62307.35, 62090.28, 61873.21, 61656.14, 61439.07, 61222.0, 61004.93, 59827.86, 59640.79, 59453.72, 59266.65, 59079.58, 58892.51, 58705.44]"
microsoft/Phi-3.5-mini-instruct,DOGEUSDT,21,0.0197,14.19,0,0,"[0.12683, 0.14188, 0.14315, 0.14953, 0.15171, 0.15055, 0.14642, 0.14194, 0.14071, 0.13965, 0.13801, 0.13662, 0.14828, 0.14718, 0.14004, 0.13813, 0.13788, 0.13164, 0.12916, 0.12336, 0.12654, 0.12437, 0.12477, 0.12423, 0.11945, 0.12236, 0.12619, 0.125, 0.11728, 0.11581]","[0.116214, 0.116101, 0.115988, 0.115875, 0.115762, 0.115649, 0.115536, 0.115423, 0.11531, 0.115197, 0.115084, 0.114971, 0.114858, 0.114745, 0.114632, 0.114519, 0.114406, 0.114293, 0.11418, 0.114067, 0.113954, 0.113841, 0.113728, 0.113615, 0.113502, 0.113389, 0.113276, 0.113163, 0.11305, 0.112937]"
microsoft/Phi-3.5-mini-instruct,DOGEUSDT,21,0.015,15.63,0,0,"[0.10426, 0.10426, 0.10792, 0.10602, 0.10383, 0.08849, 0.09848, 0.09823, 0.09663, 0.09611, 0.09277, 0.09112, 0.093, 0.09667, 0.11104, 0.10269, 0.10102, 0.10066, 0.09855, 0.09837, 0.10011, 0.09841, 0.09558, 0.09266, 0.09137, 0.10095, 0.09701, 0.09337, 0.09405, 0.0919]","[0.11453, 0.11444, 0.11435, 0.11426, 0.11417, 0.11408, 0.11399, 0.1139, 0.11381, 0.11372, 0.11363, 0.11354, 0.11345, 0.11336, 0.11327, 0.11318, 0.11309, 0.11299, 0.1129, 0.11281, 0.11272, 0.11263, 0.11254, 0.11245, 0.11236, 0.11227, 0.11218, 0.11209, 0.11199, 0.1119]"
microsoft/Phi-3.5-mini-instruct,DOGEUSDT,21,0.0028,2.94,0,0,"[0.09356, 0.08997, 0.09893, 0.09356, 0.09129, 0.08993, 0.08915, 0.09049, 0.09452, 0.09288, 0.09475, 0.09596, 0.09604, 0.09738, 0.10304, 0.10015, 0.09526, 0.09354, 0.09416, 0.09135, 0.09015, 0.09415, 0.0951, 0.09618, 0.09205, 0.09011, 0.091, 0.09045, 0.09083, 0.09232]","[0.09178, 0.091778, 0.091776, 0.091774, 0.091772, 0.09177, 0.091768, 0.091766, 0.091764, 0.091762, 0.09176, 0.091758, 0.091756, 0.091754, 0.091752, 0.09175, 0.091748, 0.091746, 0.091744, 0.091742, 0.09174, 0.091738, 0.091736, 0.091734, 0.091732, 0.09173, 0.091728, 0.091726, 0.091724, 0.091722]"
microsoft/Phi-3.5-mini-instruct,DOTUSDT,21,0.2783,13.28,0,0,"[1.999, 2.166, 2.125, 2.142, 2.208, 2.235, 2.145, 2.111, 2.083, 2.093, 2.07, 2.055, 2.282, 2.226, 2.117, 2.119, 2.179, 2.065, 2.028, 1.897, 1.955, 1.927, 1.926, 1.93, 1.823, 1.875, 1.876, 1.87, 1.736, 1.69]","[1.7745, 1.7733, 1.7721, 1.7709, 1.7697, 1.7685, 1.7673, 1.7661, 1.7649, 1.7637, 1.7625, 1.7613, 1.7601, 1.7589, 1.7577, 1.7565, 1.7553, 1.7541, 1.7529, 1.7517, 1.7505, 1.7493, 1.7481, 1.7469, 1.7457, 1.7445, 1.7433, 1.7421, 1.7409, 1.7397]"
microsoft/Phi-3.5-mini-instruct,DOTUSDT,21,0.2443,18.28,0,0,"[1.547, 1.495, 1.543, 1.5, 1.461, 1.248, 1.368, 1.372, 1.337, 1.32, 1.283, 1.256, 1.283, 1.33, 1.421, 1.357, 1.376, 1.347, 1.311, 1.287, 1.341, 1.36, 1.313, 1.265, 1.238, 1.663, 1.609, 1.599, 1.662, 1.534]","[1.6678, 1.6658, 1.6638, 1.6618, 1.6598, 1.6578, 1.6558, 1.6538, 1.6518, 1.6498, 1.6478, 1.6458, 1.6438, 1.6418, 1.6398, 1.6378, 1.6358, 1.6338, 1.6318, 1.6298, 1.6278, 1.6258, 1.6238, 1.6218, 1.6198, 1.6178, 1.6158, 1.6138, 1.6118, 1.6098]"
microsoft/Phi-3.5-mini-instruct,DOTUSDT,21,0.1265,9.32,0,0,"[1.509, 1.533, 1.541, 1.53, 1.488, 1.448, 1.452, 1.494, 1.486, 1.522, 1.518, 1.464, 1.414, 1.441, 1.64, 1.62, 1.577, 1.521, 1.499, 1.468, 1.413, 1.421, 1.401, 1.363, 1.321, 1.292, 1.259, 1.261, 1.243, 1.253]","[1.5458, 1.547, 1.5482, 1.5494, 1.5506, 1.5518, 1.553, 1.5542, 1.5554, 1.5566, 1.5578, 1.559, 1.5602, 1.5614, 1.5626, 1.5638, 1.565, 1.5662, 1.5674, 1.5686, 1.5698, 1.571, 1.5722, 1.5734, 1.5746, 1.5758, 1.577, 1.5782, 1.5794, 1.5806]"
microsoft/Phi-3.5-mini-instruct,ETCUSDT,21,1.0427,8.31,0,0,"[12.06, 12.52, 12.56, 12.82, 13.31, 13.37, 12.88, 12.61, 12.61, 12.54, 12.37, 12.26, 13.29, 13.2, 12.65, 12.76, 12.85, 12.24, 12.03, 11.54, 11.66, 11.58, 11.67, 11.59, 11.14, 11.39, 11.58, 11.55, 10.81, 10.6]","[11.46115, 11.4423, 11.42345, 11.4046, 11.38575, 11.3669, 11.34805, 11.3292, 11.31035, 11.2915, 11.27265, 11.2538, 11.23495, 11.2161, 11.19725, 11.1784, 11.15955, 11.1407, 11.12185, 11.103, 11.08415, 11.0653, 11.04645, 11.0276, 11.00875, 10.99, 10.97125, 10.9525, 10.93375, 10.915]"
microsoft/Phi-3.5-mini-instruct,ETCUSDT,21,0.6637,7.65,0,0,"[9.76, 9.5, 9.81, 9.57, 9.34, 8.06, 8.84, 8.78, 8.57, 8.59, 8.33, 8.14, 8.25, 8.53, 9.0, 8.74, 8.84, 8.68, 8.44, 8.27, 8.76, 9.05, 8.52, 8.36, 8.3, 9.15, 8.86, 8.65, 8.68, 8.47]","[10.42, 10.33, 10.24, 10.15, 10.06, 9.97, 9.88, 9.79, 9.7, 9.61, 9.52, 9.43, 9.34, 9.25, 9.16, 9.07, 8.98, 8.89, 8.8, 8.71, 8.62, 8.53, 8.44, 8.35, 8.26, 8.17, 8.08, 7.99, 7.9, 7.81]"
microsoft/Phi-3.5-mini-instruct,ETCUSDT,21,0.259,3.11,0,0,"[8.72, 8.49, 8.85, 8.65, 8.25, 8.12, 7.99, 8.16, 8.23, 8.28, 8.27, 8.49, 8.26, 8.48, 9.03, 8.86, 8.51, 8.34, 8.41, 8.18, 8.03, 8.59, 8.67, 8.68, 8.21, 8.09, 8.04, 7.95, 8.07, 8.19]","[8.469999, 8.469998, 8.469997, 8.469996, 8.469995, 8.469994, 8.469993, 8.469992, 8.469991, 8.46999, 8.469989, 8.469988, 8.469987, 8.469986, 8.469985, 8.469984, 8.469983, 8.469982, 8.469981, 8.46998, 8.469979, 8.469978, 8.469977, 8.469976, 8.469975, 8.469974, 8.469973, 8.469972, 8.469971, 8.46997]"
microsoft/Phi-3.5-mini-instruct,ETHUSDT,21,205.0983,6.45,0,0,"[3004.19, 3125.45, 3127.11, 3144.7, 3224.99, 3296.84, 3168.72, 3106.65, 3088.4, 3086.72, 3123.45, 3095.75, 3325.82, 3354.92, 3318.69, 3296.28, 3310.56, 3284.03, 3189.55, 2939.88, 2982.27, 2952.69, 2956.41, 2953.22, 2816.89, 2930.35, 3026.77, 3010.78, 2822.59, 2707.38]","[2949.73, 2946.55, 2943.37, 2940.19, 2937.01, 2933.83, 2930.65, 2927.47, 2924.29, 2921.11, 2917.93, 2914.75, 2911.57, 2908.39, 2905.21, 2902.03, 2898.85, 2895.67, 2892.49, 2889.31, 2886.13, 2882.95, 2879.77, 2876.59, 2873.41, 2870.23, 2867.05, 2863.87, 2860.69, 2857.51]"
microsoft/Phi-3.5-mini-instruct,ETHUSDT,21,533.0838,26.58,0,0,"[2451.95, 2270.15, 2347.02, 2233.72, 2148.26, 1826.83, 2063.38, 2087.08, 2089.74, 2105.02, 2022.67, 1941.18, 1947.85, 2048.72, 2086.59, 1966.58, 1998.33, 1991.66, 1955.91, 1949.08, 1968.88, 1973.35, 1957.82, 1856.3, 1851.94, 2057.48, 2027.68, 1929.84, 1964.51, 1939.71]","[2698.412999, 2689.445999, 2680.478999, 2671.511999, 2662.544999, 2653.577999, 2644.610999, 2635.643999, 2626.676999, 2617.709999, 2608.742999, 2599.775999, 2590.808999, 2581.841999, 2572.874999, 2563.907999, 2554.940999, 2545.973999, 2537.006999, 2528.039999, 2519.072999, 2510.105999, 2501.138999, 2492.171999, 2483.204999, 2474.237999, 2465.270999, 2456.303999, 2447.336999, 2438.369999]"
microsoft/Phi-3.5-mini-instruct,ETHUSDT,21,282.107,13.32,0,0,"[2027.35, 1982.8, 2127.28, 2072.86, 1978.68, 1969.59, 1937.1, 1992.98, 2036.51, 2051.97, 2073.52, 2092.22, 2096.16, 2178.3, 2352.97, 2317.39, 2203.39, 2137.81, 2146.22, 2084.87, 2053.89, 2152.03, 2156.23, 2169.02, 2060.43, 1992.75, 1994.74, 1984.64, 2026.48, 2105.43]","[1922.705, 1914.455, 1906.205, 1897.955, 1889.705, 1881.455, 1873.205, 1864.955, 1856.705, 1848.455, 1840.205, 1831.955, 1823.705, 1815.455, 1807.205, 1798.955, 1790.705, 1782.455, 1774.205, 1765.955, 1757.705, 1749.455, 1741.205, 1732.955, 1724.705, 1716.455, 1708.205, 1699.955, 1691.705, 1683.455]"
microsoft/Phi-3.5-mini-instruct,FILUSDT,21,0.1515,10.19,0,0,"[1.483, 1.504, 1.494, 1.494, 1.569, 1.593, 1.519, 1.497, 1.488, 1.482, 1.457, 1.461, 1.576, 1.592, 1.504, 1.52, 1.551, 1.45, 1.384, 1.312, 1.348, 1.319, 1.313, 1.315, 1.251, 1.269, 1.272, 1.28, 1.194, 1.176]","[1.29355, 1.29315, 1.29275, 1.29235, 1.29195, 1.29155, 1.29115, 1.29075, 1.29035, 1.28995, 1.28955, 1.28915, 1.28875, 1.28835, 1.28795, 1.28755, 1.28715, 1.28675, 1.28635, 1.28595, 1.28555, 1.28515, 1.28475, 1.28435, 1.28395, 1.28355, 1.28315, 1.28275, 1.28235, 1.28195]"
microsoft/Phi-3.5-mini-instruct,FILUSDT,21,0.1102,11.34,0,0,"[1.052, 1.035, 1.083, 1.068, 1.05, 0.883, 0.977, 0.976, 0.934, 0.938, 0.902, 0.879, 0.914, 0.958, 1.015, 0.963, 0.978, 0.96, 0.927, 0.915, 0.958, 0.97, 0.93, 0.891, 0.88, 1.062, 1.026, 0.994, 1.005, 0.964]","[1.1458, 1.1308, 1.1158, 1.1008, 1.0858, 1.0708, 1.0558, 1.0408, 1.0258, 1.0108, 0.9958, 0.9808, 0.9658, 0.9508, 0.9358, 0.9208, 0.9058, 0.8908, 0.8758, 0.8608, 0.8458, 0.8308, 0.8158, 0.8008, 0.7858, 0.7708, 0.7558, 0.7408, 0.7258, 0.7108]"
microsoft/Phi-3.5-mini-instruct,FILUSDT,21,0.0721,8.29,0,0,"[0.987, 1.0, 1.025, 1.011, 0.978, 0.952, 0.934, 0.939, 0.866, 0.878, 0.877, 0.869, 0.883, 0.895, 0.99, 0.969, 0.925, 0.895, 0.902, 0.882, 0.848, 0.923, 0.923, 0.928, 0.869, 0.839, 0.801, 0.802, 0.816, 0.832]","[0.9654, 0.9655, 0.9656, 0.9657, 0.9658, 0.9659, 0.966, 0.9661, 0.9662, 0.9663, 0.9664, 0.9665, 0.9666, 0.9667, 0.9668, 0.9669, 0.967, 0.9671, 0.9672, 0.9673, 0.9674, 0.9675, 0.9676, 0.9677, 0.9678, 0.9679, 0.968, 0.9681, 0.9682, 0.9683]"
microsoft/Phi-3.5-mini-instruct,LINKUSDT,21,2.145,16.6,0,0,"[12.6, 13.27, 13.23, 13.43, 13.9, 14.04, 13.44, 13.21, 13.14, 13.13, 13.21, 13.08, 14.06, 14.11, 13.8, 13.73, 13.75, 13.32, 12.88, 12.12, 12.4, 12.27, 12.22, 12.2, 11.52, 11.95, 12.03, 11.84, 11.13, 10.79]","[12.02, 11.93, 11.84, 11.75, 11.66, 11.57, 11.48, 11.39, 11.3, 11.21, 11.12, 11.03, 10.94, 10.85, 10.76, 10.67, 10.58, 10.49, 10.4, 10.31, 10.22, 10.13, 10.04, 9.95, 9.86, 9.77, 9.68, 9.59, 9.5, 9.41]"
microsoft/Phi-3.5-mini-instruct,LINKUSDT,21,1.6419,18.8,0,0,"[9.99, 9.41, 9.81, 9.49, 9.25, 7.92, 8.88, 8.91, 8.83, 8.83, 8.57, 8.33, 8.41, 8.77, 9.09, 8.79, 8.94, 8.82, 8.6, 8.58, 8.95, 8.87, 8.69, 8.26, 8.19, 9.27, 9.09, 8.71, 8.85, 8.67]","[10.6618, 10.6507, 10.6396, 10.6285, 10.6174, 10.6063, 10.5952, 10.5841, 10.573, 10.5619, 10.5508, 10.5397, 10.5286, 10.5175, 10.5064, 10.4953, 10.4842, 10.4731, 10.462, 10.4509, 10.4398, 10.4287, 10.4176, 10.4065, 10.3954, 10.3843, 10.3732, 10.3621, 10.351, 10.3399]"
microsoft/Phi-3.5-mini-instruct,LINKUSDT,21,0.4646,5.03,0,0,"[8.96, 8.8, 9.35, 9.21, 8.8, 8.7, 8.52, 8.87, 8.99, 8.99, 9.05, 9.08, 9.17, 9.5, 9.92, 9.79, 9.22, 9.04, 9.12, 8.82, 8.68, 9.11, 9.25, 9.37, 8.91, 8.57, 8.44, 8.42, 8.62, 8.78]","[8.662, 8.654, 8.646, 8.638, 8.63, 8.622, 8.614, 8.606, 8.598, 8.59, 8.582, 8.574, 8.566, 8.558, 8.55, 8.542, 8.534, 8.526, 8.518, 8.51, 8.502, 8.494, 8.486, 8.478, 8.47, 8.462, 8.454, 8.446, 8.438, 8.43]"
microsoft/Phi-3.5-mini-instruct,LTCUSDT,21,4.1677,5.48,0,0,"[79.97, 81.93, 82.08, 82.26, 83.46, 83.96, 81.71, 81.31, 81.49, 81.19, 78.79, 76.12, 78.18, 76.67, 72.21, 75.22, 74.92, 72.29, 70.8, 67.12, 68.48, 68.19, 68.07, 68.19, 67.3, 69.72, 70.03, 69.42, 66.24, 65.47]","[76.25, 76.05, 75.85, 75.65, 75.45, 75.25, 75.05, 74.85, 74.65, 74.45, 74.25, 74.05, 73.85, 73.65, 73.45, 73.25, 73.05, 72.85, 72.65, 72.45, 72.25, 72.05, 71.85, 71.65, 71.45, 71.25, 71.05, 70.85, 70.65, 70.45]"
microsoft/Phi-3.5-mini-instruct,LTCUSDT,21,4.3491,7.94,0,0,"[59.53, 58.49, 60.02, 59.48, 58.89, 50.79, 55.02, 55.19, 54.53, 54.45, 53.38, 52.32, 53.15, 55.03, 55.99, 55.08, 55.13, 53.96, 53.32, 52.7, 55.19, 54.9, 53.48, 51.35, 51.15, 56.76, 55.62, 54.56, 54.4, 53.24]","[64.7, 64.013999, 63.327999, 62.642999, 61.958, 61.273, 60.588, 59.903, 59.218, 58.533, 57.848, 57.163, 56.478, 55.793, 55.108, 54.423, 53.738, 53.053, 52.368, 51.683, 50.998, 50.313, 49.628, 48.943, 48.258, 47.573, 46.888, 46.203, 45.518, 44.833]"
microsoft/Phi-3.5-mini-instruct,LTCUSDT,21,2.7447,4.93,0,0,"[54.61, 54.76, 56.77, 55.46, 53.81, 53.58, 52.59, 53.77, 53.87, 54.8, 54.56, 55.3, 54.98, 56.27, 58.7, 58.09, 56.08, 55.54, 56.17, 54.81, 53.51, 55.72, 56.38, 56.65, 54.59, 53.72, 53.85, 53.32, 53.34, 53.95]","[53.1233, 53.0632, 53.0031, 52.943, 52.8829, 52.8228, 52.7627, 52.7026, 52.6425, 52.5824, 52.5223, 52.4622, 52.4021, 52.342, 52.2819, 52.2218, 52.1617, 52.1016, 52.0415, 51.9814, 51.9213, 51.8612, 51.8011, 51.741, 51.6809, 51.6208, 51.5607, 51.5006, 51.4405, 51.3804]"
microsoft/Phi-3.5-mini-instruct,NEARUSDT,21,0.1494,8.86,0,0,"[1.627, 1.692, 1.711, 1.728, 1.774, 1.808, 1.722, 1.686, 1.703, 1.689, 1.702, 1.675, 1.859, 1.799, 1.722, 1.731, 1.751, 1.629, 1.597, 1.506, 1.529, 1.513, 1.509, 1.506, 1.436, 1.463, 1.49, 1.489, 1.375, 1.323]","[1.5068, 1.5067, 1.5066, 1.5065, 1.5064, 1.5063, 1.5062, 1.5061, 1.506, 1.5059, 1.5058, 1.5057, 1.5056, 1.5055, 1.5054, 1.5053, 1.5052, 1.5051, 1.505, 1.5049, 1.5048, 1.5047, 1.5046, 1.5045, 1.5044, 1.5043, 1.5042, 1.5041, 1.504, 1.5039]"
microsoft/Phi-3.5-mini-instruct,NEARUSDT,21,0.1347,12.58,0,0,"[1.206, 1.173, 1.2, 1.176, 1.16, 0.976, 1.087, 1.075, 1.038, 1.03, 0.993, 0.962, 0.964, 1.024, 1.086, 1.056, 1.058, 1.044, 1.017, 1.007, 1.054, 1.059, 1.022, 0.981, 0.967, 1.172, 1.127, 1.094, 1.172, 1.15]","[1.3027, 1.2915, 1.2803, 1.2691, 1.2579, 1.2467, 1.2355, 1.2243, 1.2131, 1.2019, 1.1907, 1.1795, 1.1683, 1.1571, 1.1459, 1.1347, 1.1235, 1.1123, 1.1011, 0.99, 0.9788, 0.9676, 0.9564, 0.9452, 0.934, 0.9228, 0.9116, 0.9004, 0.8892, 0.878]"
microsoft/Phi-3.5-mini-instruct,NEARUSDT,21,0.0972,7.48,0,0,"[1.36, 1.358, 1.311, 1.271, 1.227, 1.214, 1.212, 1.235, 1.284, 1.299, 1.368, 1.336, 1.325, 1.35, 1.49, 1.452, 1.386, 1.335, 1.316, 1.281, 1.274, 1.311, 1.292, 1.28, 1.224, 1.18, 1.173, 1.164, 1.162, 1.189]","[1.162, 1.168, 1.174, 1.18, 1.186, 1.192, 1.198, 1.204, 1.21, 1.216, 1.222, 1.228, 1.234, 1.24, 1.246, 1.252, 1.258, 1.264, 1.27, 1.276, 1.282, 1.288, 1.294, 1.3, 1.306, 1.312, 1.318, 1.324, 1.33, 1.336]"
microsoft/Phi-3.5-mini-instruct,SOLUSDT,21,16.852,12.44,0,0,"[126.9, 132.29, 133.37, 134.12, 137.9, 141.08, 136.39, 138.37, 135.97, 135.84, 139.7, 139.22, 145.51, 146.69, 142.4, 144.89, 143.72, 137.87, 133.44, 125.8, 129.54, 128.47, 127.43, 127.21, 118.85, 124.24, 127.19, 125.35, 117.82, 117.59]","[123.28, 122.8, 122.32, 121.84, 121.36, 120.88, 120.4, 119.92, 119.44, 118.96, 118.48, 118.0, 117.52, 117.04, 116.56, 116.08, 115.6, 115.12, 114.64, 114.16, 113.68, 113.2, 112.72, 112.24, 111.76, 111.28, 110.8, 110.32, 109.84, 109.36]"
microsoft/Phi-3.5-mini-instruct,SOLUSDT,21,51.0445,55.07,0,0,"[105.58, 100.79, 104.55, 97.89, 92.12, 78.35, 87.46, 87.59, 86.99, 86.77, 82.99, 79.3, 78.4, 84.33, 88.06, 86.16, 86.45, 85.08, 81.61, 82.5, 84.67, 85.17, 82.79, 77.9, 78.99, 88.06, 85.91, 81.85, 84.35, 83.6]","[789.0, 116.678, 116.567, 116.456, 116.345, 116.234, 116.123, 116.012, 115.901, 115.79, 115.679, 115.568, 115.457, 115.346, 115.235, 115.124, 115.013, 114.902, 114.791, 114.68, 114.569, 114.458, 114.347, 114.236, 114.125, 114.014, 113.903, 113.792, 113.681, 113.57]"
microsoft/Phi-3.5-mini-instruct,SOLUSDT,21,9.8147,11.21,0,0,"[86.64, 86.97, 90.85, 88.77, 84.7, 83.22, 81.59, 84.96, 85.88, 86.58, 86.84, 88.18, 88.03, 92.3, 96.2, 94.62, 90.08, 88.89, 89.84, 87.56, 86.2, 91.43, 90.8, 91.7, 86.53, 83.11, 82.09, 81.44, 82.54, 83.2]","[83.6, 83.6, 30.0, 83.6, 30.0, 83.6, 83.6, 83.6, 83.6, 83.6, 83.6, 83.6, 83.6, 83.6, 83.6, 83.6, 83.6, 83.6, 83.6, 83.6, 83.6, 83.6, 83.6, 83.6, 83.6, 83.6, 83.6, 83.6, 24.0, 83.6]"
microsoft/Phi-3.5-mini-instruct,TRXUSDT,21,0.012,3.95,0,0,"[0.2871, 0.289, 0.2956, 0.2939, 0.2922, 0.2942, 0.2981, 0.295, 0.2984, 0.3024, 0.2995, 0.2998, 0.3071, 0.3047, 0.3126, 0.3096, 0.3188, 0.3178, 0.3119, 0.297, 0.2993, 0.3054, 0.2979, 0.2954, 0.2957, 0.2966, 0.2947, 0.2954, 0.295, 0.2942]","[0.2849, 0.2851, 0.2853, 0.2855, 0.2857, 0.2859, 0.2861, 0.2863, 0.2865, 0.2867, 0.2869, 0.2871, 0.2873, 0.2875, 0.2877, 0.2879, 0.2881, 0.2883, 0.2885, 0.2887, 0.2889, 0.2891, 0.2893, 0.2895, 0.2897, 0.2899, 0.2901, 0.2903, 0.2905, 0.2907]"
microsoft/Phi-3.5-mini-instruct,TRXUSDT,21,0.0121,4.3,0,0,"[0.2866, 0.2847, 0.2835, 0.2861, 0.2833, 0.2696, 0.2741, 0.2782, 0.2778, 0.2791, 0.2782, 0.2784, 0.28, 0.2823, 0.2826, 0.2805, 0.2846, 0.2821, 0.2788, 0.2849, 0.2854, 0.289, 0.2906, 0.2816, 0.2837, 0.2853, 0.2857, 0.2828, 0.2819, 0.2807]","[0.294196, 0.294192, 0.294188, 0.294184, 0.29418, 0.294176, 0.294172, 0.294168, 0.294164, 0.29416, 0.294156, 0.294152, 0.294148, 0.294144, 0.29414, 0.294136, 0.294132, 0.294128, 0.294124, 0.29412, 0.294116, 0.294112, 0.294108, 0.294104, 0.2941, 0.294096, 0.294092, 0.294088, 0.294084, 0.29408]"
microsoft/Phi-3.5-mini-instruct,TRXUSDT,21,0.0182,5.9,0,0,"[0.2832, 0.2805, 0.2871, 0.2852, 0.2846, 0.2866, 0.2891, 0.2856, 0.2858, 0.2913, 0.2891, 0.2934, 0.2978, 0.2987, 0.2956, 0.3068, 0.3045, 0.3036, 0.3097, 0.3121, 0.3104, 0.3081, 0.3061, 0.3146, 0.3115, 0.3113, 0.3167, 0.322, 0.32, 0.3133]","[0.28086, 0.28094, 0.28102, 0.2811, 0.28118, 0.28126, 0.28134, 0.28142, 0.2815, 0.28158, 0.28166, 0.28174, 0.28182, 0.2819, 0.28198, 0.28206, 0.28214, 0.28222, 0.2823, 0.28238, 0.28246, 0.28254, 0.28262, 0.2827, 0.28278, 0.28286, 0.28294, 0.28302, 0.2831, 0.28318]"
microsoft/Phi-3.5-mini-instruct,UNIUSDT,21,0.5749,11.69,0,0,"[5.809, 6.038, 5.917, 5.85, 6.162, 6.07, 5.726, 5.488, 5.467, 5.476, 5.456, 5.367, 5.73, 5.681, 5.35, 5.315, 5.352, 5.095, 5.026, 4.803, 4.94, 4.836, 4.873, 4.855, 4.637, 4.711, 4.8, 4.82, 4.396, 4.276]","[5.6486, 5.6532, 5.6578, 5.6624, 5.667, 5.6716, 5.6762, 5.6808, 5.6854, 5.69, 5.6946, 5.7002, 5.7058, 5.7114, 5.717, 5.7226, 5.7282, 5.7338, 5.7394, 5.745, 5.7506, 5.7562, 5.7618, 5.7674, 5.773, 5.7786, 5.7842, 5.7898, 5.7954, 5.801]"
microsoft/Phi-3.5-mini-instruct,UNIUSDT,21,0.3934,10.85,0,0,"[3.96, 3.837, 3.925, 3.86, 3.801, 3.168, 3.552, 3.539, 3.468, 3.493, 3.36, 3.369, 3.247, 3.398, 3.629, 3.471, 3.601, 3.524, 3.403, 3.391, 3.492, 3.609, 3.491, 3.349, 3.337, 4.055, 3.879, 3.742, 3.811, 3.748]","[4.216, 4.156, 4.106, 4.056, 4.006, 3.956, 3.906, 3.856, 3.806, 3.756, 3.706, 3.656, 3.606, 3.556, 3.506, 3.456, 3.406, 3.356, 3.306, 3.256, 3.206, 3.156, 3.106, 3.056, 3.006, 2.956, 2.906, 2.856, 2.806, 2.756]"
microsoft/Phi-3.5-mini-instruct,UNIUSDT,21,0.2948,8.27,0,0,"[3.929, 3.912, 3.977, 3.97, 3.848, 3.771, 3.661, 3.861, 3.843, 3.898, 3.918, 4.004, 3.948, 4.069, 4.157, 3.957, 3.681, 3.579, 3.605, 3.486, 3.471, 3.587, 3.609, 3.708, 3.528, 3.388, 3.384, 3.355, 3.48, 3.545]","[3.77275, 3.7855, 3.79825, 3.811, 3.82375, 3.8365, 3.84925, 3.862, 3.87475, 3.8875, 3.90025, 3.913, 3.92575, 3.9385, 3.95125, 3.964, 3.97675, 3.9895, 4.00225, 4.015, 4.02775, 4.0405, 4.05325, 4.066, 4.07875, 4.0915, 4.10425, 4.117, 4.12975, 4.1425]"
microsoft/Phi-3.5-mini-instruct,XLMUSDT,21,0.023,10.14,0,0,"[0.2087, 0.2191, 0.2222, 0.233, 0.2526, 0.2438, 0.2342, 0.2302, 0.2284, 0.2264, 0.2244, 0.2193, 0.2386, 0.2361, 0.2285, 0.226, 0.2309, 0.2182, 0.2157, 0.207, 0.2124, 0.2115, 0.2122, 0.2115, 0.2033, 0.2074, 0.2085, 0.2105, 0.1987, 0.1919]","[0.200778, 0.200556, 0.200333, 0.200111, 0.199889, 0.199666, 0.199444, 0.199222, 0.199, 0.198778, 0.198556, 0.198333, 0.198111, 0.197889, 0.197666, 0.197444, 0.197222, 0.197, 0.196778, 0.196556, 0.196333, 0.196111, 0.195889, 0.195666, 0.195444, 0.195222, 0.195, 0.194778, 0.194556, 0.194333]"
microsoft/Phi-3.5-mini-instruct,XLMUSDT,21,0.0108,6.67,0,0,"[0.181, 0.1751, 0.1787, 0.1758, 0.1714, 0.1471, 0.1642, 0.1619, 0.1615, 0.1596, 0.1585, 0.1547, 0.1563, 0.1646, 0.1744, 0.1702, 0.1698, 0.1657, 0.1613, 0.1591, 0.1627, 0.161, 0.155, 0.1514, 0.1496, 0.1627, 0.1622, 0.1588, 0.159, 0.1541]","[0.190175, 0.18845, 0.186725, 0.185, 0.183275, 0.18155, 0.179825, 0.1781, 0.176375, 0.17465, 0.172925, 0.1712, 0.169475, 0.16775, 0.166025, 0.1643, 0.162575, 0.16085, 0.159125, 0.1574, 0.155675, 0.15395, 0.152225, 0.1505, 0.148775, 0.14705, 0.145325, 0.1436, 0.141875, 0.14015]"
microsoft/Phi-3.5-mini-instruct,XLMUSDT,21,0.0143,8.5,0,0,"[0.1557, 0.1515, 0.1595, 0.1569, 0.1522, 0.1504, 0.1482, 0.1508, 0.1586, 0.1592, 0.16, 0.1641, 0.1665, 0.1693, 0.176, 0.1736, 0.1702, 0.1654, 0.1654, 0.1621, 0.156, 0.1668, 0.1738, 0.1774, 0.1738, 0.1674, 0.168, 0.1645, 0.1674, 0.1673]","[0.15355, 0.153275, 0.152999, 0.152724, 0.152448, 0.152173, 0.151897, 0.151622, 0.151346, 0.151071, 0.150795, 0.150519, 0.150244, 0.149968, 0.149693, 0.149417, 0.149142, 0.148866, 0.148591, 0.148315, 0.148039, 0.147764, 0.147488, 0.147213, 0.146937, 0.146662, 0.146386, 0.146111, 0.145835, 0.145559]"
microsoft/Phi-3.5-mini-instruct,XRPUSDT,21,0.1906,9.11,0,0,"[1.8799, 2.0069, 2.0182, 2.0909, 2.3478, 2.3042, 2.1657, 2.1232, 2.0958, 2.0907, 2.0745, 2.054, 2.1655, 2.1394, 2.0789, 2.0678, 2.0631, 1.9914, 1.986, 1.89, 1.9476, 1.9236, 1.9196, 1.9143, 1.8356, 1.9041, 1.9158, 1.9111, 1.8076, 1.7352]","[1.8337, 1.8336, 1.8335, 1.8334, 1.8333, 1.8332, 1.8331, 1.833, 1.8329, 1.8328, 1.8327, 1.8326, 1.8325, 1.8324, 1.8323, 1.8322, 1.8321, 1.832, 1.8319, 1.8318, 1.8317, 1.8316, 1.8315, 1.8314, 1.8313, 1.8312, 1.8311, 1.831, 1.8309, 1.8308]"
microsoft/Phi-3.5-mini-instruct,XRPUSDT,21,0.171,12.18,0,0,"[1.6472, 1.5908, 1.6198, 1.5791, 1.512, 1.2146, 1.4698, 1.4231, 1.4308, 1.437, 1.3999, 1.3697, 1.3635, 1.4071, 1.5094, 1.4753, 1.4876, 1.4743, 1.4219, 1.4068, 1.4292, 1.4304, 1.3932, 1.3518, 1.3482, 1.4339, 1.4027, 1.3562, 1.3762, 1.3524]","[1.7198, 1.7121, 1.7044, 1.6967, 1.689, 1.6813, 1.6736, 1.6659, 1.6582, 1.6505, 1.6428, 1.6351, 1.6274, 1.6197, 1.612, 1.6043, 1.5966, 1.5889, 1.5812, 1.5735, 1.5658, 1.5581, 1.5504, 1.5427, 1.535, 1.5273, 1.5196, 1.5119, 1.5042, 1.4965]"
microsoft/Phi-3.5-mini-instruct,XRPUSDT,21,0.0557,3.87,0,0,"[1.39, 1.3607, 1.4309, 1.4037, 1.3633, 1.3567, 1.34, 1.3631, 1.3863, 1.3847, 1.3846, 1.3989, 1.4063, 1.4487, 1.543, 1.5182, 1.4647, 1.4475, 1.4452, 1.4086, 1.3848, 1.4323, 1.416, 1.4145, 1.3609, 1.3257, 1.3333, 1.3278, 1.3242, 1.3411]","[1.3481, 1.348, 1.3479, 1.3478, 1.3477, 1.3476, 1.3475, 1.3474, 1.3473, 1.3472, 1.3471, 1.347, 1.3469, 1.3468, 1.3467, 1.3466, 1.3465, 1.3464, 1.3463, 1.3462, 1.3461, 1.346, 1.3459, 1.3458, 1.3457, 1.3456, 1.3455, 1.3454, 1.3453, 1.3452]"
microsoft/Phi-3.5-mini-instruct,ADAUSDT,28,0.0477,12.22,0,0,"[0.3565, 0.3949, 0.3893, 0.4007, 0.4211, 0.4194, 0.4022, 0.3956, 0.3914, 0.3886, 0.391, 0.3862, 0.4218, 0.4143, 0.3936, 0.3955, 0.3973, 0.3758, 0.3703, 0.3507, 0.3659, 0.3594, 0.3602, 0.3583, 0.3391, 0.3521, 0.3608, 0.3583, 0.3347, 0.3208]","[0.3332, 0.3331, 0.333, 0.3329, 0.3328, 0.3327, 0.3326, 0.3325, 0.3324, 0.3323, 0.3322, 0.3321, 0.332, 0.3319, 0.3318, 0.3317, 0.3316, 0.3315, 0.3314, 0.3313, 0.3312, 0.3311, 0.331, 0.3309, 0.3308, 0.3307, 0.3306, 0.3305, 0.3304, 0.3303]"
microsoft/Phi-3.5-mini-instruct,ADAUSDT,28,0.0208,7.6,0,0,"[0.2936, 0.2858, 0.2991, 0.2917, 0.2864, 0.2455, 0.2762, 0.2721, 0.2701, 0.2699, 0.262, 0.2559, 0.2643, 0.2728, 0.295, 0.2818, 0.2858, 0.2811, 0.2735, 0.2729, 0.2849, 0.28, 0.2717, 0.2623, 0.2587, 0.2971, 0.287, 0.2776, 0.281, 0.2735]","[0.3208, 0.318263, 0.315736, 0.31321, 0.310684, 0.308158, 0.305632, 0.303107, 0.300581, 0.298056, 0.29553, 0.293005, 0.29048, 0.287955, 0.28543, 0.282905, 0.28038, 0.277855, 0.27533, 0.272805, 0.27028, 0.267755, 0.26523, 0.262705, 0.26018, 0.257655, 0.25513, 0.252605, 0.25008, 0.247555]"
microsoft/Phi-3.5-mini-instruct,ADAUSDT,28,0.0129,5.06,0,0,"[0.2771, 0.2625, 0.2763, 0.2692, 0.259, 0.2544, 0.2493, 0.2552, 0.2621, 0.2626, 0.2636, 0.2656, 0.2634, 0.2702, 0.2904, 0.2891, 0.2742, 0.2675, 0.2661, 0.2574, 0.2506, 0.2616, 0.2664, 0.2705, 0.2547, 0.2461, 0.246, 0.2398, 0.2434, 0.2418]","[0.273152, 0.273054, 0.272956, 0.272858, 0.27276, 0.272662, 0.272564, 0.272466, 0.272368, 0.27227, 0.272172, 0.272074, 0.271976, 0.271878, 0.27178, 0.271682, 0.271584, 0.271486, 0.271388, 0.27129, 0.271192, 0.271094, 0.270996, 0.270898, 0.2708, 0.270702, 0.270604, 0.270506, 0.270408, 0.27031]"
microsoft/Phi-3.5-mini-instruct,ALGOUSDT,28,0.0261,20.34,0,0,"[0.1202, 0.1275, 0.1279, 0.1362, 0.1396, 0.1423, 0.1364, 0.1344, 0.1332, 0.1337, 0.1323, 0.129, 0.1385, 0.1365, 0.128, 0.1303, 0.1315, 0.1228, 0.1209, 0.1143, 0.1177, 0.1188, 0.1203, 0.1186, 0.1147, 0.1221, 0.122, 0.1263, 0.1145, 0.1121]","[0.1104, 0.1103, 0.1102, 0.1101, 0.11, 0.0999, 0.0998, 0.0997, 0.0996, 0.0995, 0.0994, 0.0993, 0.0992, 0.0991, 0.099, 0.0989, 0.0988, 0.0987, 0.0986, 0.0985, 0.0984, 0.0983, 0.0982, 0.0981, 0.098, 0.0979, 0.0978, 0.0977, 0.0976, 0.0975]"
microsoft/Phi-3.5-mini-instruct,ALGOUSDT,28,0.0182,20.05,0,0,"[0.104, 0.1005, 0.1049, 0.1064, 0.1031, 0.0884, 0.0989, 0.0977, 0.0969, 0.096, 0.0917, 0.0891, 0.0918, 0.0941, 0.0997, 0.0959, 0.0947, 0.0931, 0.091, 0.0892, 0.0905, 0.0896, 0.0868, 0.0839, 0.0835, 0.091, 0.088, 0.0866, 0.0879, 0.0856]","[0.112159, 0.112104, 0.11205, 0.112, 0.111951, 0.111904, 0.111859, 0.111816, 0.111775, 0.111736, 0.111699, 0.111664, 0.111629, 0.111596, 0.111564, 0.111533, 0.111503, 0.111474, 0.111446, 0.111419, 0.111393, 0.111368, 0.111344, 0.11132, 0.111297, 0.111274, 0.111252, 0.11123, 0.111209, 0.111188]"
microsoft/Phi-3.5-mini-instruct,ALGOUSDT,28,0.0037,4.13,0,0,"[0.088, 0.0861, 0.0888, 0.0873, 0.0844, 0.083, 0.0818, 0.0833, 0.0853, 0.0862, 0.089, 0.0939, 0.091, 0.0926, 0.0972, 0.0947, 0.0901, 0.0893, 0.0898, 0.0868, 0.0855, 0.0875, 0.0872, 0.0875, 0.084, 0.0815, 0.0816, 0.0812, 0.0822, 0.0939]","[0.085393, 0.085386, 0.085379, 0.085372, 0.085365, 0.085358, 0.085351, 0.085344, 0.085337, 0.08533, 0.085323, 0.085316, 0.085309, 0.085302, 0.085295, 0.085288, 0.085281, 0.085274, 0.085267, 0.08526, 0.085253, 0.085246, 0.085239, 0.085232, 0.085225, 0.085218, 0.085211, 0.085204, 0.085197, 0.08519]"
microsoft/Phi-3.5-mini-instruct,ATOMUSDT,28,0.4787,19.78,0,0,"[2.069, 2.168, 2.239, 2.34, 2.369, 2.532, 2.433, 2.461, 2.592, 2.57, 2.574, 2.487, 2.636, 2.582, 2.477, 2.494, 2.567, 2.426, 2.456, 2.295, 2.382, 2.335, 2.368, 2.334, 2.236, 2.222, 2.244, 2.237, 2.128, 2.112]","[1.917401, 1.916213, 1.915025, 1.913837, 1.912649, 1.911461, 1.910273, 1.909085, 1.907897, 1.906709, 1.905521, 1.904333, 1.903145, 1.901957, 1.900769, 1.899581, 1.898393, 1.897205, 1.896017, 1.894829, 1.893641, 1.892453, 1.891265, 1.890077, 1.888889, 1.887691, 1.886503, 1.885315, 1.884127, 1.883039]"
microsoft/Phi-3.5-mini-instruct,ATOMUSDT,28,0.1595,7.91,0,0,"[1.971, 1.91, 1.982, 2.036, 1.995, 1.819, 1.987, 1.989, 1.95, 1.96, 1.922, 1.945, 1.968, 2.122, 2.186, 2.137, 2.292, 2.242, 2.346, 2.292, 2.358, 2.314, 2.25, 2.12, 1.992, 1.942, 1.879, 1.849, 1.849, 1.799]","[2.111527, 2.111054, 2.110581, 2.110108, 2.109635, 2.109162, 2.108689, 2.108216, 2.107743, 2.10727, 2.106797, 2.106324, 2.105851, 2.105378, 2.104905, 2.104432, 2.103959, 2.103486, 2.103013, 2.10254, 2.102067, 2.101594, 2.101121, 2.100648, 2.099985, 2.099322, 2.098659, 2.098096, 2.097533, 2.09697]"
microsoft/Phi-3.5-mini-instruct,ATOMUSDT,28,0.0634,3.5,0,0,"[1.843, 1.814, 1.879, 1.84, 1.809, 1.785, 1.738, 1.743, 1.788, 1.84, 1.838, 1.862, 1.87, 1.861, 1.978, 1.961, 1.909, 1.811, 1.834, 1.793, 1.769, 1.786, 1.787, 1.765, 1.699, 1.676, 1.666, 1.646, 1.665, 1.707]","[1.7925, 1.7918, 1.7911, 1.7904, 1.7897, 1.789, 1.7883, 1.7876, 1.7869, 1.7862, 1.7855, 1.7848, 1.7841, 1.7834, 1.7827, 1.782, 1.7813, 1.7806, 1.7799, 1.7792, 1.7785, 1.7778, 1.7771, 1.7764, 1.7757, 1.775, 1.7743, 1.7736, 1.7729, 1.7722]"
microsoft/Phi-3.5-mini-instruct,AVAXUSDT,28,2.0102,15.08,0,0,"[13.59, 13.82, 13.99, 14.25, 14.45, 14.59, 14.11, 13.89, 13.79, 13.74, 13.7, 13.53, 14.75, 14.6, 13.82, 13.59, 13.75, 12.98, 12.74, 12.09, 12.42, 12.2, 12.13, 12.05, 11.49, 11.72, 12.14, 12.07, 11.04, 10.87]","[12.242593, 12.165186, 12.087779, 12.010372, 11.932965, 11.855558, 11.778151, 11.700744, 11.623337, 11.54593, 11.468523, 11.391116, 11.313709, 11.236202, 11.158695, 11.081088, 11.003481, 10.925874, 10.848267, 10.77066, 10.693053, 10.615446, 10.537839, 10.460232, 10.382625, 10.305018, 10.227411, 10.150804, 10.074197, 10.00759]"
microsoft/Phi-3.5-mini-instruct,AVAXUSDT,28,0.5595,6.25,0,0,"[10.12, 9.91, 10.14, 9.93, 9.72, 8.32, 9.28, 9.23, 9.08, 9.06, 8.76, 8.63, 8.9, 9.14, 9.59, 9.29, 9.26, 9.14, 8.86, 8.91, 9.17, 9.12, 8.87, 8.36, 8.29, 9.51, 9.31, 8.95, 9.16, 9.04]","[10.644444, 10.533333, 10.427778, 10.327778, 10.233333, 10.144444, 10.061111, 9.982222, 9.91, 9.843333, 9.782222, 9.726667, 9.676667, 9.631111, 9.59, 9.553333, 9.52, 9.49, 9.463333, 9.439444, 9.418889, 9.399999, 9.382222, 9.366667, 9.352222, 9.339444, 9.328, 9.317778, 9.308889, 9.299999]"
microsoft/Phi-3.5-mini-instruct,AVAXUSDT,28,0.9935,10.46,0,0,"[9.17, 9.18, 9.5, 9.39, 9.01, 8.91, 8.82, 9.26, 9.53, 9.55, 9.67, 9.72, 9.73, 9.95, 10.49, 10.2, 9.69, 9.48, 9.56, 9.21, 9.03, 9.56, 9.62, 9.68, 9.11, 8.79, 8.75, 8.6, 8.81, 8.91]","[8.9593, 8.9186, 8.8779, 8.8372, 8.7965, 8.7558, 8.7151, 8.6744, 8.6337, 8.593, 8.5523, 8.5116, 8.4709, 8.4302, 8.3895, 8.3488, 8.3081, 8.2674, 8.2267, 8.186, 8.1453, 8.1046, 8.0639, 8.0232, 7.9825, 7.9418, 7.9011, 7.8604, 7.8197, 7.779]"
microsoft/Phi-3.5-mini-instruct,BCHUSDT,28,32.9871,5.51,0,0,"[593.2, 609.8, 654.5, 639.1, 645.2, 638.2, 629.2, 632.0, 634.7, 643.9, 649.1, 621.7, 617.0, 597.4, 590.8, 599.5, 594.1, 591.4, 584.0, 573.2, 584.8, 599.2, 595.7, 593.6, 572.2, 578.7, 600.2, 591.1, 554.1, 553.2]","[599.591111, 600.422222, 601.333333, 602.244444, 603.155556, 604.066667, 605.077778, 606.188889, 607.399994, 608.611111, 609.822222, 611.033333, 612.244444, 613.455556, 614.666667, 615.877778, 617.088889, 618.3, 619.511111, 620.722222, 621.933333, 623.144444, 624.355556, 625.566667, 626.777778, 628.0, 629.222222, 630.444444, 631.666667, 632.888889]"
microsoft/Phi-3.5-mini-instruct,BCHUSDT,28,30.0367,5.64,0,0,"[507.5, 516.2, 539.7, 527.1, 532.5, 453.9, 523.2, 525.1, 527.0, 533.0, 524.3, 516.2, 503.0, 563.9, 562.9, 553.5, 569.2, 563.4, 558.0, 560.4, 562.4, 564.1, 570.7, 495.8, 484.8, 492.9, 478.4, 461.5, 457.6, 441.7]","[549.75, 546.25, 542.75, 540.25, 537.75, 535.25, 532.75, 530.25, 527.75, 525.25, 522.75, 520.25, 517.75, 515.25, 512.75, 510.25, 507.75, 505.25, 502.75, 499.25, 496.75, 494.25, 491.75, 489.25, 486.75, 484.25, 481.75, 479.25, 476.75, 474.25]"
microsoft/Phi-3.5-mini-instruct,BCHUSDT,28,66.5367,14.28,0,0,"[445.3, 443.9, 466.9, 461.6, 449.7, 450.2, 443.1, 444.6, 447.1, 455.1, 455.2, 461.0, 467.6, 469.7, 478.8, 470.7, 456.9, 455.6, 474.6, 462.6, 467.4, 478.0, 477.4, 473.6, 461.9, 472.9, 481.2, 452.7, 460.3, 466.5]","[438.7, 435.7, 432.7, 429.7, 426.7, 423.7, 420.7, 417.7, 414.7, 411.7, 408.7, 405.7, 402.7, 399.7, 396.7, 393.7, 390.7, 387.7, 384.7, 381.7, 378.7, 375.7, 372.7, 369.7, 366.7, 363.7, 360.7, 357.7, 354.7, 351.7]"
microsoft/Phi-3.5-mini-instruct,BNBUSDT,28,57.011,6.26,0,0,"[864.39, 881.25, 878.63, 895.43, 910.31, 917.64, 900.3, 892.26, 896.86, 907.93, 904.32, 905.78, 943.73, 948.47, 931.2, 938.16, 947.12, 932.51, 923.6, 884.2, 883.36, 888.06, 891.63, 887.17, 866.02, 879.41, 898.36, 902.91, 868.69, 858.81]","[862.986807, 861.673193, 860.359578, 859.045963, 857.732348, 856.418734, 855.105119, 853.791504, 852.47789, 851.164275, 849.85066, 848.537045, 847.223431, 845.909816, 844.596201, 843.282586, 841.968972, 840.655357, 839.341742, 838.028128, 836.714513, 835.400898, 834.087283, 832.773669, 831.459954, 830.146239, 828.832525, 827.51881, 826.205095, 824.89148]"
microsoft/Phi-3.5-mini-instruct,BNBUSDT,28,204.2944,32.54,0,0,"[781.38, 758.54, 773.94, 754.78, 697.27, 608.3, 657.21, 647.0, 639.93, 636.39, 619.85, 608.11, 614.29, 618.94, 632.77, 615.16, 627.19, 617.74, 604.8, 607.83, 625.91, 625.61, 614.8, 596.41, 583.6, 629.42, 625.74, 614.03, 617.14, 617.96]","[857.976593, 857.242593, 856.508593, 855.774593, 855.040593, 854.306593, 853.572593, 852.838593, 852.104593, 851.370593, 850.636593, 849.802593, 848.968593, 848.134593, 847.299593, 846.464593, 845.629593, 844.794593, 843.959593, 843.124593, 842.289593, 841.454593, 840.619593, 839.784593, 838.949593, 838.114593, 837.279593, 836.444593, 835.609593, 834.774593]"
microsoft/Phi-3.5-mini-instruct,BNBUSDT,28,101.7214,15.93,0,0,"[637.79, 633.56, 657.99, 647.85, 627.31, 620.26, 611.98, 634.64, 642.0, 651.46, 651.72, 655.73, 657.7, 673.77, 679.71, 668.61, 652.27, 639.15, 642.11, 630.7, 626.41, 639.11, 638.3, 647.66, 628.86, 613.95, 611.08, 606.09, 609.29, 617.43]","[606.505087, 601.727209, 596.949332, 592.171454, 587.393576, 582.6157, 577.837822, 573.060045, 568.282267, 563.50449, 558.726712, 553.949035, 549.171357, 544.39368, 539.616002, 534.838325, 529.060647, 524.28297, 519.505293, 514.727615, 509.950038, 505.17246, 500.394883, 495.617305, 490.840728, 486.06415, 481.287573, 476.511005, 471.734438, 466.95787]"
microsoft/Phi-3.5-mini-instruct,BTCUSDT,28,3981.3753,4.3,0,0,"[88839.04, 89995.13, 90628.01, 91529.73, 93859.71, 93747.97, 91364.16, 91099.99, 90641.28, 90504.7, 91013.65, 91296.2, 95414.0, 96951.78, 95604.8, 95550.94, 95147.77, 93673.14, 92631.0, 88427.66, 89454.73, 89559.67, 89600.26, 89225.34, 86670.36, 88347.08, 89250.0, 89299.99, 84650.16, 84260.49]","[87584.16, 87568.1, 87552.04, 87535.98, 87519.92, 87503.86, 87487.8, 87471.74, 87455.68, 87439.62, 87423.56, 87407.5, 87391.44, 87375.38, 87359.32, 87343.26, 87327.2, 87311.14, 87295.08, 87279.02, 87262.96, 87246.9, 87230.84, 87214.78, 87198.72, 87182.66, 87166.6, 87150.54, 87134.48, 87118.42]"
microsoft/Phi-3.5-mini-instruct,BTCUSDT,28,11431.407,16.79,0,0,"[78741.09, 76968.21, 78738.61, 75770.21, 73165.83, 62909.86, 70580.26, 69289.38, 70330.38, 70138.0, 68841.29, 67082.52, 66272.17, 68853.96, 69822.95, 68832.58, 68892.43, 67503.52, 66461.0, 67003.73, 68020.01, 67975.93, 67643.4, 64656.02, 64058.15, 67988.04, 67485.18, 65872.1, 66973.26, 65776.47]","[83924.66, 83689.83, 83455.0, 83220.17, 82985.34, 82750.51, 82515.68, 82280.85, 82046.02, 81811.19, 81576.36, 81341.53, 81106.7, 80871.87, 80637.04, 80402.21, 80167.38, 79932.55, 79697.72, 79462.89, 79228.06, 78993.23, 78758.4, 78523.57, 78288.74, 78053.91, 77819.08, 77584.25, 77349.42, 77114.59]"
microsoft/Phi-3.5-mini-instruct,BTCUSDT,28,18123.555,26.15,0,0,"[68830.06, 68338.0, 72666.77, 70890.72, 68114.02, 67262.91, 65971.2, 68432.16, 69948.63, 70191.86, 70541.34, 70930.0, 71211.95, 72815.24, 74884.67, 73909.36, 71246.54, 69930.0, 70510.73, 68918.12, 67859.0, 70906.45, 70556.74, 71336.53, 68820.31, 66407.28, 66377.03, 66010.93, 66797.37, 68284.48]","[470000.0, 65358.47, 65319.47, 65280.47, 65241.47, 65202.47, 65163.47, 65124.47, 65085.47, 65046.47, 64907.47, 64868.47, 64829.47, 64790.47, 64751.47, 64712.47, 64673.47, 64634.47, 64595.47, 64556.47, 64517.47, 64478.47, 64439.47, 64399.47, 64359.47, 64319.47, 64279.47, 64239.47, 64199.47, 64159.47]"
microsoft/Phi-3.5-mini-instruct,DOGEUSDT,28,0.0196,14.11,0,0,"[0.12683, 0.14188, 0.14315, 0.14953, 0.15171, 0.15055, 0.14642, 0.14194, 0.14071, 0.13965, 0.13801, 0.13662, 0.14828, 0.14718, 0.14004, 0.13813, 0.13788, 0.13164, 0.12916, 0.12336, 0.12654, 0.12437, 0.12477, 0.12423, 0.11945, 0.12236, 0.12619, 0.125, 0.11728, 0.11581]","[0.116254, 0.116146, 0.116038, 0.11593, 0.115822, 0.115714, 0.115606, 0.115498, 0.11539, 0.115282, 0.115174, 0.115066, 0.114958, 0.11485, 0.114742, 0.114634, 0.114526, 0.114418, 0.11431, 0.114202, 0.114094, 0.113986, 0.113878, 0.11377, 0.113662, 0.113554, 0.113446, 0.113338, 0.11323, 0.113122]"
microsoft/Phi-3.5-mini-instruct,DOGEUSDT,28,0.0161,16.68,0,0,"[0.10426, 0.10426, 0.10792, 0.10602, 0.10383, 0.08849, 0.09848, 0.09823, 0.09663, 0.09611, 0.09277, 0.09112, 0.093, 0.09667, 0.11104, 0.10269, 0.10102, 0.10066, 0.09855, 0.09837, 0.10011, 0.09841, 0.09558, 0.09266, 0.09137, 0.10095, 0.09701, 0.09337, 0.09405, 0.0919]","[0.1157, 0.1156, 0.1155, 0.1154, 0.1153, 0.1152, 0.1151, 0.115, 0.1149, 0.1148, 0.1147, 0.1146, 0.1145, 0.1144, 0.1143, 0.1142, 0.1141, 0.114, 0.1139, 0.1138, 0.1137, 0.1136, 0.1135, 0.1134, 0.1133, 0.1132, 0.1131, 0.113, 0.1129, 0.1128]"
microsoft/Phi-3.5-mini-instruct,DOGEUSDT,28,0.0033,3.44,0,0,"[0.09356, 0.08997, 0.09893, 0.09356, 0.09129, 0.08993, 0.08915, 0.09049, 0.09452, 0.09288, 0.09475, 0.09596, 0.09604, 0.09738, 0.10304, 0.10015, 0.09526, 0.09354, 0.09416, 0.09135, 0.09015, 0.09415, 0.0951, 0.09618, 0.09205, 0.09011, 0.091, 0.09045, 0.09083, 0.09232]","[0.09137, 0.09132, 0.09127, 0.09122, 0.09117, 0.09112, 0.09107, 0.09102, 0.09097, 0.09092, 0.09087, 0.09082, 0.09077, 0.09072, 0.09067, 0.09062, 0.09057, 0.09052, 0.09047, 0.09042, 0.09037, 0.09032, 0.09027, 0.09022, 0.09017, 0.09012, 0.09007, 0.09002, 0.08997, 0.08992]"
microsoft/Phi-3.5-mini-instruct,DOTUSDT,28,0.4168,20.33,0,0,"[1.999, 2.166, 2.125, 2.142, 2.208, 2.235, 2.145, 2.111, 2.083, 2.093, 2.07, 2.055, 2.282, 2.226, 2.117, 2.119, 2.179, 2.065, 2.028, 1.897, 1.955, 1.927, 1.926, 1.93, 1.823, 1.875, 1.876, 1.87, 1.736, 1.69]","[1.76, 1.75, 1.74, 1.73, 1.72, 1.71, 1.7, 1.69, 1.68, 1.67, 1.66, 1.65, 1.64, 1.63, 1.62, 1.61, 1.6, 1.59, 1.58, 1.57, 1.56, 1.55, 1.54, 1.53, 1.52, 1.51, 1.5, 1.49, 1.48, 1.47]"
microsoft/Phi-3.5-mini-instruct,DOTUSDT,28,0.2637,19.73,0,0,"[1.547, 1.495, 1.543, 1.5, 1.461, 1.248, 1.368, 1.372, 1.337, 1.32, 1.283, 1.256, 1.283, 1.33, 1.421, 1.357, 1.376, 1.347, 1.311, 1.287, 1.341, 1.36, 1.313, 1.265, 1.238, 1.663, 1.609, 1.599, 1.662, 1.534]","[1.6788, 1.6777, 1.6766, 1.6755, 1.6744, 1.6733, 1.6722, 1.6711, 1.67, 1.6689, 1.6678, 1.6667, 1.6656, 1.6645, 1.6634, 1.6623, 1.6612, 1.6601, 1.659, 1.6579, 1.6568, 1.6557, 1.6546, 1.6535, 1.6524, 1.6513, 1.6502, 1.6491, 1.648, 1.6469]"
microsoft/Phi-3.5-mini-instruct,DOTUSDT,28,0.0997,7.35,0,0,"[1.509, 1.533, 1.541, 1.53, 1.488, 1.448, 1.452, 1.494, 1.486, 1.522, 1.518, 1.464, 1.414, 1.441, 1.64, 1.62, 1.577, 1.521, 1.499, 1.468, 1.413, 1.421, 1.401, 1.363, 1.321, 1.292, 1.259, 1.261, 1.243, 1.253]","[1.533667, 1.533333, 1.533, 1.532667, 1.532333, 1.532, 1.531667, 1.531333, 1.531, 1.530667, 1.530333, 1.529999, 1.529667, 1.529333, 1.529, 1.528667, 1.528333, 1.528, 1.527667, 1.527333, 1.527, 1.526667, 1.526333, 1.526, 1.525667, 1.525333, 1.525, 1.524667, 1.524333, 1.524]"
microsoft/Phi-3.5-mini-instruct,ETCUSDT,28,2.015,16.5,0,0,"[12.06, 12.52, 12.56, 12.82, 13.31, 13.37, 12.88, 12.61, 12.61, 12.54, 12.37, 12.26, 13.29, 13.2, 12.65, 12.76, 12.85, 12.24, 12.03, 11.54, 11.66, 11.58, 11.67, 11.59, 11.14, 11.39, 11.58, 11.55, 10.81, 10.6]","[11.4, 11.316296, 11.232593, 11.14889, 11.065187, 10.981484, 10.897781, 10.814078, 10.730375, 10.646672, 10.562969, 10.479266, 10.395563, 10.31186, 10.228157, 10.144454, 10.060751, 9.977048, 9.893345, 9.809642, 9.725939, 9.642236, 9.558533, 9.47483, 9.391127, 9.307424, 9.223721, 9.140018, 9.056315, 8.972612]"
microsoft/Phi-3.5-mini-instruct,ETCUSDT,28,0.741,8.58,0,0,"[9.76, 9.5, 9.81, 9.57, 9.34, 8.06, 8.84, 8.78, 8.57, 8.59, 8.33, 8.14, 8.25, 8.53, 9.0, 8.74, 8.84, 8.68, 8.44, 8.27, 8.76, 9.05, 8.52, 8.36, 8.3, 9.15, 8.86, 8.65, 8.68, 8.47]","[10.454726, 10.382045, 10.310364, 10.238683, 10.167002, 10.095321, 10.02364, 9.951959, 9.880278, 9.808597, 9.736916, 9.665235, 9.593554, 9.521873, 9.450192, 9.378511, 9.30683, 9.235149, 9.163468, 9.091787, 9.020106, 8.948425, 8.876744, 8.805063, 8.733382, 8.661701, 8.59002, 8.518339, 8.446658, 8.374977]"
microsoft/Phi-3.5-mini-instruct,ETCUSDT,28,0.2213,2.6,0,0,"[8.72, 8.49, 8.85, 8.65, 8.25, 8.12, 7.99, 8.16, 8.23, 8.28, 8.27, 8.49, 8.26, 8.48, 9.03, 8.86, 8.51, 8.34, 8.41, 8.18, 8.03, 8.59, 8.67, 8.68, 8.21, 8.09, 8.04, 7.95, 8.07, 8.19]","[8.42, 8.41, 8.4, 8.39, 8.38, 8.37, 8.36, 8.35, 8.34, 8.33, 8.32, 8.31, 8.3, 8.29, 8.28, 8.27, 8.26, 8.25, 8.24, 8.23, 8.22, 8.21, 8.2, 8.19, 8.18, 8.17, 8.16, 8.15, 8.14, 8.13]"
microsoft/Phi-3.5-mini-instruct,ETHUSDT,28,211.6817,6.66,0,0,"[3004.19, 3125.45, 3127.11, 3144.7, 3224.99, 3296.84, 3168.72, 3106.65, 3088.4, 3086.72, 3123.45, 3095.75, 3325.82, 3354.92, 3318.69, 3296.28, 3310.56, 3284.03, 3189.55, 2939.88, 2982.27, 2952.69, 2956.41, 2953.22, 2816.89, 2930.35, 3026.77, 3010.78, 2822.59, 2707.38]","[2961.98, 2957.0, 2952.02, 2947.04, 2942.06, 2937.08, 2932.1, 2927.12, 2922.14, 2917.16, 2912.18, 2907.2, 2902.22, 2897.24, 2892.26, 2887.28, 2882.3, 2877.32, 2872.34, 2867.36, 2862.38, 2857.4, 2852.42, 2847.44, 2842.46, 2837.48, 2832.5, 2827.52, 2822.54, 2817.56]"
microsoft/Phi-3.5-mini-instruct,ETHUSDT,28,412.0422,20.46,0,0,"[2451.95, 2270.15, 2347.02, 2233.72, 2148.26, 1826.83, 2063.38, 2087.08, 2089.74, 2105.02, 2022.67, 1941.18, 1947.85, 2048.72, 2086.59, 1966.58, 1998.33, 1991.66, 1955.91, 1949.08, 1968.88, 1973.35, 1957.82, 1856.3, 1851.94, 2057.48, 2027.68, 1929.84, 1964.51, 1939.71]","[2692.834444, 2677.288889, 2661.743333, 2646.207778, 2629.672222, 2613.136667, 2596.601111, 2579.065556, 2561.53, 2544.994444, 2527.458889, 2509.923333, 2492.387778, 2474.852222, 2457.316667, 2439.781111, 2422.245556, 2404.71, 2387.174444, 2369.638889, 2352.103333, 2334.567778, 2317.032222, 2299.496667, 2281.961111, 2264.425556, 2246.89, 2229.354444, 2211.818889, 2194.283333]"
microsoft/Phi-3.5-mini-instruct,ETHUSDT,28,379.2945,17.97,0,0,"[2027.35, 1982.8, 2127.28, 2072.86, 1978.68, 1969.59, 1937.1, 1992.98, 2036.51, 2051.97, 2073.52, 2092.22, 2096.16, 2178.3, 2352.97, 2317.39, 2203.39, 2137.81, 2146.22, 2084.87, 2053.89, 2152.03, 2156.23, 2169.02, 2060.43, 1992.75, 1994.74, 1984.64, 2026.48, 2105.43]","[1924.625, 1909.54, 1894.455, 1879.37, 1864.285, 1849.2, 1834.115, 1819.03, 1803.945, 1788.86, 1773.775, 1758.69, 1743.605, 1728.52, 1713.435, 1698.35, 1683.265, 1668.18, 1653.095, 1638.01, 1622.925, 1607.84, 1592.755, 1577.67, 1562.585, 1547.5, 1532.415, 1517.33, 1502.245, 1487.16]"
microsoft/Phi-3.5-mini-instruct,FILUSDT,28,0.1532,10.31,0,0,"[1.483, 1.504, 1.494, 1.494, 1.569, 1.593, 1.519, 1.497, 1.488, 1.482, 1.457, 1.461, 1.576, 1.592, 1.504, 1.52, 1.551, 1.45, 1.384, 1.312, 1.348, 1.319, 1.313, 1.315, 1.251, 1.269, 1.272, 1.28, 1.194, 1.176]","[1.2888, 1.2887, 1.2886, 1.2885, 1.2884, 1.2883, 1.2882, 1.2881, 1.288, 1.2879, 1.2878, 1.2877, 1.2876, 1.2875, 1.2874, 1.2873, 1.2872, 1.2871, 1.287, 1.2869, 1.2868, 1.2867, 1.2866, 1.2865, 1.2864, 1.2863, 1.2862, 1.2861, 1.286, 1.2859]"
microsoft/Phi-3.5-mini-instruct,FILUSDT,28,0.1782,18.79,0,0,"[1.052, 1.035, 1.083, 1.068, 1.05, 0.883, 0.977, 0.976, 0.934, 0.938, 0.902, 0.879, 0.914, 0.958, 1.015, 0.963, 0.978, 0.96, 0.927, 0.915, 0.958, 0.97, 0.93, 0.891, 0.88, 1.062, 1.026, 0.994, 1.005, 0.964]","[1.1637, 1.1626, 1.1615, 1.1604, 1.1593, 1.1582, 1.1571, 1.156, 1.1549, 1.1538, 1.1527, 1.1516, 1.1505, 1.1494, 1.1483, 1.1472, 1.1461, 1.145, 1.1439, 1.1428, 1.1417, 1.1406, 1.1395, 1.1384, 1.1373, 1.1362, 1.1351, 1.134, 1.1329, 1.1318]"
microsoft/Phi-3.5-mini-instruct,FILUSDT,28,0.0675,7.75,0,0,"[0.987, 1.0, 1.025, 1.011, 0.978, 0.952, 0.934, 0.939, 0.866, 0.878, 0.877, 0.869, 0.883, 0.895, 0.99, 0.969, 0.925, 0.895, 0.902, 0.882, 0.848, 0.923, 0.923, 0.928, 0.869, 0.839, 0.801, 0.802, 0.816, 0.832]","[0.959956, 0.959912, 0.959868, 0.959824, 0.95978, 0.959736, 0.959692, 0.959648, 0.959604, 0.95956, 0.959516, 0.959472, 0.959428, 0.959384, 0.95934, 0.959296, 0.959252, 0.959208, 0.959164, 0.95912, 0.959076, 0.959032, 0.958988, 0.958944, 0.9589, 0.958856, 0.958812, 0.958768, 0.958724, 0.95868]"
microsoft/Phi-3.5-mini-instruct,LINKUSDT,28,0.9928,7.5,0,0,"[12.6, 13.27, 13.23, 13.43, 13.9, 14.04, 13.44, 13.21, 13.14, 13.13, 13.21, 13.08, 14.06, 14.11, 13.8, 13.73, 13.75, 13.32, 12.88, 12.12, 12.4, 12.27, 12.22, 12.2, 11.52, 11.95, 12.03, 11.84, 11.13, 10.79]","[12.129, 12.1235, 12.118, 12.1125, 12.107, 12.0995, 12.093, 12.0865, 12.079, 12.0725, 12.066, 12.0595, 12.053, 12.0465, 12.04, 12.0335, 12.027, 12.0205, 12.014, 12.0075, 11.9985, 11.9905, 11.9825, 11.9745, 11.9665, 11.9585, 11.9505, 11.9425, 11.9345, 11.9265]"
microsoft/Phi-3.5-mini-instruct,LINKUSDT,28,0.7107,8.09,0,0,"[9.99, 9.41, 9.81, 9.49, 9.25, 7.92, 8.88, 8.91, 8.83, 8.83, 8.57, 8.33, 8.41, 8.77, 9.09, 8.79, 8.94, 8.82, 8.6, 8.58, 8.95, 8.87, 8.69, 8.26, 8.19, 9.27, 9.09, 8.71, 8.85, 8.67]","[10.6, 10.51, 10.42, 10.33, 10.24, 10.15, 10.06, 9.97, 9.88, 9.79, 9.7, 9.61, 9.52, 9.43, 9.34, 9.25, 9.16, 9.07, 8.98, 8.89, 8.8, 8.71, 8.62, 8.53, 8.44, 8.35, 8.26, 8.17, 8.08, 7.99]"
microsoft/Phi-3.5-mini-instruct,LINKUSDT,28,0.8311,9.12,0,0,"[8.96, 8.8, 9.35, 9.21, 8.8, 8.7, 8.52, 8.87, 8.99, 8.99, 9.05, 9.08, 9.17, 9.5, 9.92, 9.79, 9.22, 9.04, 9.12, 8.82, 8.68, 9.11, 9.25, 9.37, 8.91, 8.57, 8.44, 8.42, 8.62, 8.78]","[8.637778, 8.605556, 8.573333, 8.541111, 8.508889, 8.476667, 8.444444, 8.412222, 8.38, 8.347778, 8.315556, 8.283333, 8.251111, 8.218889, 8.186667, 8.154444, 8.122222, 8.09, 8.057778, 8.025556, 7.993333, 7.961111, 7.928889, 7.896667, 7.864444, 7.832222, 7.799999, 7.767778, 7.735556, 7.703333]"
microsoft/Phi-3.5-mini-instruct,LTCUSDT,28,3.8402,5.0,0,0,"[79.97, 81.93, 82.08, 82.26, 83.46, 83.96, 81.71, 81.31, 81.49, 81.19, 78.79, 76.12, 78.18, 76.67, 72.21, 75.22, 74.92, 72.29, 70.8, 67.12, 68.48, 68.19, 68.07, 68.19, 67.3, 69.72, 70.03, 69.42, 66.24, 65.47]","[76.602222, 76.354444, 76.106667, 75.858889, 75.611111, 75.363333, 75.115556, 74.867778, 74.62, 74.372222, 74.124444, 73.876667, 73.628889, 73.381111, 73.133333, 72.885556, 72.637778, 72.39, 72.142222, 71.894444, 71.646667, 71.399, 71.151333, 70.903667, 70.656, 70.408333, 70.160667, 69.913, 69.665333, 69.417667]"
microsoft/Phi-3.5-mini-instruct,LTCUSDT,28,10.4713,19.29,0,0,"[59.53, 58.49, 60.02, 59.48, 58.89, 50.79, 55.02, 55.19, 54.53, 54.45, 53.38, 52.32, 53.15, 55.03, 55.99, 55.08, 55.13, 53.96, 53.32, 52.7, 55.19, 54.9, 53.48, 51.35, 51.15, 56.76, 55.62, 54.56, 54.4, 53.24]","[65.463849, 65.457698, 65.451547, 65.445396, 65.439245, 65.433094, 65.426943, 65.420792, 65.414641, 65.40849, 65.40234, 65.396189, 65.390038, 65.383887, 65.377736, 65.371585, 65.365434, 65.359283, 65.353132, 65.346981, 65.34083, 65.334679, 65.328528, 65.322377, 65.316226, 65.310075, 65.303924, 65.297773, 65.291622, 65.285471]"
microsoft/Phi-3.5-mini-instruct,LTCUSDT,28,5.4702,9.89,0,0,"[54.61, 54.76, 56.77, 55.46, 53.81, 53.58, 52.59, 53.77, 53.87, 54.8, 54.56, 55.3, 54.98, 56.27, 58.7, 58.09, 56.08, 55.54, 56.17, 54.81, 53.51, 55.72, 56.38, 56.65, 54.59, 53.72, 53.85, 53.32, 53.34, 53.95]","[53.008889, 52.767778, 52.526667, 52.285556, 52.044444, 51.803333, 51.562222, 51.321111, 51.08, 50.838889, 50.597778, 50.356667, 50.115556, 49.874444, 49.633333, 49.392222, 49.151111, 48.91, 48.668889, 48.427778, 48.186667, 47.945556, 47.704444, 47.463333, 47.222222, 46.981111, 46.74, 46.508889, 46.277778, 46.046667]"
microsoft/Phi-3.5-mini-instruct,NEARUSDT,28,0.1512,8.96,0,0,"[1.627, 1.692, 1.711, 1.728, 1.774, 1.808, 1.722, 1.686, 1.703, 1.689, 1.702, 1.675, 1.859, 1.799, 1.722, 1.731, 1.751, 1.629, 1.597, 1.506, 1.529, 1.513, 1.509, 1.506, 1.436, 1.463, 1.49, 1.489, 1.375, 1.323]","[1.5038, 1.5037, 1.5036, 1.5035, 1.5034, 1.5033, 1.5032, 1.5031, 1.503, 1.5029, 1.5028, 1.5027, 1.5026, 1.5025, 1.5024, 1.5023, 1.5022, 1.5021, 1.502, 1.5019, 1.5018, 1.5017, 1.5016, 1.5015, 1.5014, 1.5013, 1.5012, 1.5011, 1.501, 1.5009]"
microsoft/Phi-3.5-mini-instruct,NEARUSDT,28,0.1219,11.51,0,0,"[1.206, 1.173, 1.2, 1.176, 1.16, 0.976, 1.087, 1.075, 1.038, 1.03, 0.993, 0.962, 0.964, 1.024, 1.086, 1.056, 1.058, 1.044, 1.017, 1.007, 1.054, 1.059, 1.022, 0.981, 0.967, 1.172, 1.127, 1.094, 1.172, 1.15]","[1.311627, 1.300254, 1.288881, 1.277508, 1.266135, 1.254762, 1.243389, 1.232016, 1.220643, 1.20927, 1.197897, 1.186524, 1.175151, 1.163778, 1.152405, 1.141032, 1.129659, 1.118286, 1.106913, 1.09554, 1.084167, 1.072794, 1.061421, 1.050048, 1.038675, 1.027302, 1.015929, 1.004556, 0.993183, 0.98181]"
microsoft/Phi-3.5-mini-instruct,NEARUSDT,28,0.1605,12.14,0,0,"[1.36, 1.358, 1.311, 1.271, 1.227, 1.214, 1.212, 1.235, 1.284, 1.299, 1.368, 1.336, 1.325, 1.35, 1.49, 1.452, 1.386, 1.335, 1.316, 1.281, 1.274, 1.311, 1.292, 1.28, 1.224, 1.18, 1.173, 1.164, 1.162, 1.189]","[1.147, 1.1457, 1.1444, 1.1431, 1.1418, 1.1405, 1.1392, 1.1379, 1.1366, 1.1353, 1.134, 1.1327, 1.1314, 1.1301, 1.1288, 1.1275, 1.1262, 1.1249, 1.1236, 1.1223, 1.121, 1.1197, 1.1184, 1.1171, 1.1158, 1.1145, 1.1132, 1.1119, 1.1106, 1.1093]"
microsoft/Phi-3.5-mini-instruct,SOLUSDT,28,15.7393,11.59,0,0,"[126.9, 132.29, 133.37, 134.12, 137.9, 141.08, 136.39, 138.37, 135.97, 135.84, 139.7, 139.22, 145.51, 146.69, 142.4, 144.89, 143.72, 137.87, 133.44, 125.8, 129.54, 128.47, 127.43, 127.21, 118.85, 124.24, 127.19, 125.35, 117.82, 117.59]","[123.6, 123.1, 122.68, 122.26, 121.84, 121.42, 121.0, 120.58, 120.16, 119.74, 119.32, 118.9, 118.48, 118.06, 117.64, 117.22, 116.8, 116.38, 115.96, 115.54, 115.12, 114.7, 114.28, 113.86, 113.44, 113.02, 112.6, 112.18, 111.76, 111.34]"
microsoft/Phi-3.5-mini-instruct,SOLUSDT,28,58.0652,60.43,0,0,"[105.58, 100.79, 104.55, 97.89, 92.12, 78.35, 87.46, 87.59, 86.99, 86.77, 82.99, 79.3, 78.4, 84.33, 88.06, 86.16, 86.45, 85.08, 81.61, 82.5, 84.67, 85.17, 82.79, 77.9, 78.99, 88.06, 85.91, 81.85, 84.35, 83.6]","[1156.0, 116.53, 116.0444, 115.5588, 115.0732, 114.5876, 114.102, 113.6164, 113.1308, 112.6452, 112.1596, 111.674, 111.1884, 110.7028, 110.2172, 109.7316, 109.246, 108.7604, 108.2748, 107.7892, 107.3036, 106.818, 106.3324, 105.8468, 105.3612, 104.8756, 104.39, 103.9044, 103.4188, 102.9332]"
microsoft/Phi-3.5-mini-instruct,SOLUSDT,28,5.7341,6.4,0,0,"[86.64, 86.97, 90.85, 88.77, 84.7, 83.22, 81.59, 84.96, 85.88, 86.58, 86.84, 88.18, 88.03, 92.3, 96.2, 94.62, 90.08, 88.89, 89.84, 87.56, 86.2, 91.43, 90.8, 91.7, 86.53, 83.11, 82.09, 81.44, 82.54, 83.2]","[82.824074, 82.747157, 82.67024, 82.593323, 82.516406, 82.43949, 82.362573, 82.285657, 82.20874, 82.131824, 82.054907, 81.977991, 81.901074, 81.824157, 81.747241, 81.670324, 81.593408, 81.516491, 81.439575, 81.362658, 81.285742, 81.208825, 81.131909, 81.054992, 80.978075, 80.901158, 80.824242, 80.747325, 80.670408, 80.593492]"
microsoft/Phi-3.5-mini-instruct,TRXUSDT,28,0.0163,5.37,0,0,"[0.2871, 0.289, 0.2956, 0.2939, 0.2922, 0.2942, 0.2981, 0.295, 0.2984, 0.3024, 0.2995, 0.2998, 0.3071, 0.3047, 0.3126, 0.3096, 0.3188, 0.3178, 0.3119, 0.297, 0.2993, 0.3054, 0.2979, 0.2954, 0.2957, 0.2966, 0.2947, 0.2954, 0.295, 0.2942]","[0.2845, 0.284438, 0.284376, 0.284314, 0.284252, 0.28419, 0.284128, 0.284066, 0.283904, 0.283842, 0.28378, 0.283718, 0.283656, 0.283594, 0.283532, 0.28347, 0.283408, 0.283346, 0.283284, 0.283222, 0.28316, 0.283098, 0.283036, 0.282974, 0.282912, 0.28285, 0.282788, 0.282726, 0.282664, 0.282602]"
microsoft/Phi-3.5-mini-instruct,TRXUSDT,28,0.011,3.92,0,0,"[0.2866, 0.2847, 0.2835, 0.2861, 0.2833, 0.2696, 0.2741, 0.2782, 0.2778, 0.2791, 0.2782, 0.2784, 0.28, 0.2823, 0.2826, 0.2805, 0.2846, 0.2821, 0.2788, 0.2849, 0.2854, 0.289, 0.2906, 0.2816, 0.2837, 0.2853, 0.2857, 0.2828, 0.2819, 0.2807]","[0.293749, 0.2937, 0.293651, 0.293602, 0.293554, 0.293506, 0.293458, 0.29341, 0.293362, 0.293314, 0.293266, 0.293218, 0.29317, 0.293122, 0.293074, 0.293026, 0.292978, 0.29293, 0.292882, 0.292834, 0.292786, 0.292738, 0.29269, 0.292642, 0.292594, 0.292546, 0.292498, 0.29245, 0.292402, 0.292354]"
microsoft/Phi-3.5-mini-instruct,TRXUSDT,28,0.021,6.82,0,0,"[0.2832, 0.2805, 0.2871, 0.2852, 0.2846, 0.2866, 0.2891, 0.2856, 0.2858, 0.2913, 0.2891, 0.2934, 0.2978, 0.2987, 0.2956, 0.3068, 0.3045, 0.3036, 0.3097, 0.3121, 0.3104, 0.3081, 0.3061, 0.3146, 0.3115, 0.3113, 0.3167, 0.322, 0.32, 0.3133]","[0.2806, 0.2805, 0.2804, 0.2803, 0.2802, 0.2801, 0.28, 0.2799, 0.2798, 0.2797, 0.2796, 0.2795, 0.2794, 0.2793, 0.2792, 0.2791, 0.279, 0.2789, 0.2788, 0.2787, 0.2786, 0.2785, 0.2784, 0.2783, 0.2782, 0.2781, 0.278, 0.2779, 0.2778, 0.2777]"
microsoft/Phi-3.5-mini-instruct,UNIUSDT,28,0.3769,7.54,0,0,"[5.809, 6.038, 5.917, 5.85, 6.162, 6.07, 5.726, 5.488, 5.467, 5.476, 5.456, 5.367, 5.73, 5.681, 5.35, 5.315, 5.352, 5.095, 5.026, 4.803, 4.94, 4.836, 4.873, 4.855, 4.637, 4.711, 4.8, 4.82, 4.396, 4.276]","[5.628112, 5.616336, 5.604672, 5.593118, 5.581676, 5.570344, 5.559024, 5.547714, 5.536416, 5.525128, 5.513852, 5.502586, 5.491332, 5.480088, 5.468856, 5.457634, 5.446424, 5.435225, 5.424037, 5.412859, 5.401693, 5.390538, 5.379394, 5.36826, 5.357137, 5.346025, 5.334923, 5.323832, 5.312752, 5.301683]"
microsoft/Phi-3.5-mini-instruct,UNIUSDT,28,0.3934,10.85,0,0,"[3.96, 3.837, 3.925, 3.86, 3.801, 3.168, 3.552, 3.539, 3.468, 3.493, 3.36, 3.369, 3.247, 3.398, 3.629, 3.471, 3.601, 3.524, 3.403, 3.391, 3.492, 3.609, 3.491, 3.349, 3.337, 4.055, 3.879, 3.742, 3.811, 3.748]","[4.216, 4.156, 4.106, 4.056, 4.006, 3.956, 3.906, 3.856, 3.806, 3.756, 3.706, 3.656, 3.606, 3.556, 3.506, 3.456, 3.406, 3.356, 3.306, 3.256, 3.206, 3.156, 3.106, 3.056, 3.006, 2.956, 2.906, 2.856, 2.806, 2.756]"
microsoft/Phi-3.5-mini-instruct,UNIUSDT,28,0.1707,4.47,0,0,"[3.929, 3.912, 3.977, 3.97, 3.848, 3.771, 3.661, 3.861, 3.843, 3.898, 3.918, 4.004, 3.948, 4.069, 4.157, 3.957, 3.681, 3.579, 3.605, 3.486, 3.471, 3.587, 3.609, 3.708, 3.528, 3.388, 3.384, 3.355, 3.48, 3.545]","[3.7355, 3.73, 3.7245, 3.719, 3.7135, 3.708, 3.7025, 3.697, 3.6915, 3.686, 3.6805, 3.675, 3.6695, 3.664, 3.6585, 3.653, 3.6475, 3.642, 3.6365, 3.631, 3.6255, 3.62, 3.6145, 3.609, 3.6035, 3.598, 3.5925, 3.587, 3.5815, 3.576]"
microsoft/Phi-3.5-mini-instruct,XLMUSDT,28,0.0213,9.38,0,0,"[0.2087, 0.2191, 0.2222, 0.233, 0.2526, 0.2438, 0.2342, 0.2302, 0.2284, 0.2264, 0.2244, 0.2193, 0.2386, 0.2361, 0.2285, 0.226, 0.2309, 0.2182, 0.2157, 0.207, 0.2124, 0.2115, 0.2122, 0.2115, 0.2033, 0.2074, 0.2085, 0.2105, 0.1987, 0.1919]","[0.2009, 0.2008, 0.2007, 0.2006, 0.2005, 0.2004, 0.2003, 0.2002, 0.2001, 0.2, 0.1999, 0.1998, 0.1997, 0.1996, 0.1995, 0.1994, 0.1993, 0.1992, 0.1991, 0.199, 0.1989, 0.1988, 0.1987, 0.1986, 0.1985, 0.1984, 0.1983, 0.1982, 0.1981, 0.198]"
microsoft/Phi-3.5-mini-instruct,XLMUSDT,28,0.0508,31.55,0,0,"[0.181, 0.1751, 0.1787, 0.1758, 0.1714, 0.1471, 0.1642, 0.1619, 0.1615, 0.1596, 0.1585, 0.1547, 0.1563, 0.1646, 0.1744, 0.1702, 0.1698, 0.1657, 0.1613, 0.1591, 0.1627, 0.161, 0.155, 0.1514, 0.1496, 0.1627, 0.1622, 0.1588, 0.159, 0.1541]","[0.1907, 0.1906, 0.1905, 0.1904, 0.1903, 0.1902, 0.1901, 0.19, 0.0999, 0.0998, 0.0997, 0.0996, 0.0995, 0.0994, 0.0993, 0.0992, 0.0991, 0.099, 0.0989, 0.0988, 0.0987, 0.0986, 0.0985, 0.0984, 0.0983, 0.0982, 0.0981, 0.098, 0.0979, 0.0978]"
microsoft/Phi-3.5-mini-instruct,XLMUSDT,28,0.0232,13.82,0,0,"[0.1557, 0.1515, 0.1595, 0.1569, 0.1522, 0.1504, 0.1482, 0.1508, 0.1586, 0.1592, 0.16, 0.1641, 0.1665, 0.1693, 0.176, 0.1736, 0.1702, 0.1654, 0.1654, 0.1621, 0.156, 0.1668, 0.1738, 0.1774, 0.1738, 0.1674, 0.168, 0.1645, 0.1674, 0.1673]","[0.1532, 0.1523, 0.1514, 0.1505, 0.1496, 0.1487, 0.1478, 0.1469, 0.146, 0.1451, 0.1442, 0.1433, 0.1424, 0.1415, 0.1406, 0.1397, 0.1388, 0.1379, 0.137, 0.1361, 0.1352, 0.1343, 0.1334, 0.1325, 0.1316, 0.1307, 0.1298, 0.1289, 0.128, 0.1271]"
microsoft/Phi-3.5-mini-instruct,XRPUSDT,28,0.2004,9.6,0,0,"[1.8799, 2.0069, 2.0182, 2.0909, 2.3478, 2.3042, 2.1657, 2.1232, 2.0958, 2.0907, 2.0745, 2.054, 2.1655, 2.1394, 2.0789, 2.0678, 2.0631, 1.9914, 1.986, 1.89, 1.9476, 1.9236, 1.9196, 1.9143, 1.8356, 1.9041, 1.9158, 1.9111, 1.8076, 1.7352]","[1.8323, 1.8314, 1.8305, 1.8296, 1.8287, 1.8278, 1.8269, 1.826, 1.8251, 1.8242, 1.8233, 1.8224, 1.8215, 1.8206, 1.8197, 1.8188, 1.8179, 1.817, 1.8161, 1.8152, 1.8143, 1.8134, 1.8125, 1.8116, 1.8107, 1.8098, 1.8089, 1.808, 1.8071, 1.8062]"
microsoft/Phi-3.5-mini-instruct,XRPUSDT,28,0.1274,9.08,0,0,"[1.6472, 1.5908, 1.6198, 1.5791, 1.512, 1.2146, 1.4698, 1.4231, 1.4308, 1.437, 1.3999, 1.3697, 1.3635, 1.4071, 1.5094, 1.4753, 1.4876, 1.4743, 1.4219, 1.4068, 1.4292, 1.4304, 1.3932, 1.3518, 1.3482, 1.4339, 1.4027, 1.3562, 1.3762, 1.3524]","[1.7153, 1.7049, 1.6945, 1.6841, 1.6737, 1.6633, 1.6529, 1.6425, 1.6321, 1.6217, 1.6113, 1.6009, 1.5905, 1.5801, 1.5697, 1.5593, 1.5489, 1.5385, 1.5281, 1.5177, 1.5073, 1.4969, 1.4865, 1.4761, 1.4657, 1.4553, 1.4449, 1.4345, 1.4241, 1.4137]"
microsoft/Phi-3.5-mini-instruct,XRPUSDT,28,0.0627,4.36,0,0,"[1.39, 1.3607, 1.4309, 1.4037, 1.3633, 1.3567, 1.34, 1.3631, 1.3863, 1.3847, 1.3846, 1.3989, 1.4063, 1.4487, 1.543, 1.5182, 1.4647, 1.4475, 1.4452, 1.4086, 1.3848, 1.4323, 1.416, 1.4145, 1.3609, 1.3257, 1.3333, 1.3278, 1.3242, 1.3411]","[1.3473, 1.3464, 1.3455, 1.3446, 1.3437, 1.3428, 1.3419, 1.341, 1.3401, 1.3392, 1.3383, 1.3374, 1.3365, 1.3356, 1.3347, 1.3338, 1.3329, 1.332, 1.3311, 1.3302, 1.3293, 1.3284, 1.3275, 1.3266, 1.3257, 1.3248, 1.3239, 1.323, 1.3221, 1.3212]"
