Model,Coin,Lookback,MAE_Window,MAPE_Window,Total_Attempts,Final_Style,Actual_30_Days,Predicted_30_Days
google/gemma-3-4b-it,ADAUSDT,1,0.2551,70.56,2,1,"[0.3565, 0.3949, 0.3893, 0.4007, 0.4211, 0.4194, 0.4022, 0.3956, 0.3914, 0.3886, 0.391, 0.3862, 0.4218, 0.4143, 0.3936, 0.3955, 0.3973, 0.3758, 0.3703, 0.3507, 0.3659, 0.3594, 0.3602, 0.3583, 0.3391, 0.3521, 0.3608, 0.3583, 0.3347, 0.3208]","[0.342789, 0.361543, 0.380397, 0.400251, 0.420105, 0.44, 0.46, 0.48, 0.5, 0.52, 0.54, 0.56, 0.58, 0.6, 0.62, 0.64, 0.66, 0.68, 0.7, 0.72, 0.74, 0.76, 0.78, 0.8, 0.82, 0.84, 0.86, 0.88, 0.9, 0.92]"
google/gemma-3-4b-it,ADAUSDT,1,0.5589,202.57,2,1,"[0.2936, 0.2858, 0.2991, 0.2917, 0.2864, 0.2455, 0.2762, 0.2721, 0.2701, 0.2699, 0.262, 0.2559, 0.2643, 0.2728, 0.295, 0.2818, 0.2858, 0.2811, 0.2735, 0.2729, 0.2849, 0.28, 0.2717, 0.2623, 0.2587, 0.2971, 0.287, 0.2776, 0.281, 0.2735]","[0.34567, 0.36982, 0.39456, 0.42012, 0.44689, 0.47465, 0.50341, 0.53317, 0.56493, 0.59769, 0.63145, 0.66621, 0.70197, 0.73873, 0.77649, 0.81525, 0.85501, 0.89577, 0.93753, 0.9803, 1.02407, 1.06883, 1.11459, 1.16235, 1.21111, 1.26187, 1.31463, 1.36839, 1.42315, 1.47891]"
google/gemma-3-4b-it,ADAUSDT,1,0.1878,72.94,2,1,"[0.2771, 0.2625, 0.2763, 0.2692, 0.259, 0.2544, 0.2493, 0.2552, 0.2621, 0.2626, 0.2636, 0.2656, 0.2634, 0.2702, 0.2904, 0.2891, 0.2742, 0.2675, 0.2661, 0.2574, 0.2506, 0.2616, 0.2664, 0.2705, 0.2547, 0.2461, 0.246, 0.2398, 0.2434, 0.2418]","[0.28496, 0.29632, 0.30768, 0.31904, 0.3304, 0.34176, 0.35312, 0.36448, 0.37584, 0.3872, 0.39856, 0.40992, 0.42128, 0.43264, 0.444, 0.45536, 0.46672, 0.47808, 0.48944, 0.5008, 0.51216, 0.52352, 0.53488, 0.54624, 0.5576, 0.56896, 0.58032, 0.59168, 0.60304, 0.6144]"
google/gemma-3-4b-it,ALGOUSDT,1,0.0617,49.88,2,1,"[0.1202, 0.1275, 0.1279, 0.1362, 0.1396, 0.1423, 0.1364, 0.1344, 0.1332, 0.1337, 0.1323, 0.129, 0.1385, 0.1365, 0.128, 0.1303, 0.1315, 0.1228, 0.1209, 0.1143, 0.1177, 0.1188, 0.1203, 0.1186, 0.1147, 0.1221, 0.122, 0.1263, 0.1145, 0.1121]","[0.124897, 0.136352, 0.145871, 0.153668, 0.160845, 0.167323, 0.173187, 0.178453, 0.182789, 0.186115, 0.188441, 0.190767, 0.192103, 0.193439, 0.194775, 0.196111, 0.197457, 0.198803, 0.200159, 0.201515, 0.202871, 0.204227, 0.205583, 0.20694, 0.208296, 0.209652, 0.210998, 0.212344, 0.21369, 0.215036]"
google/gemma-3-4b-it,ALGOUSDT,1,0.2308,260.04,2,1,"[0.104, 0.1005, 0.1049, 0.1064, 0.1031, 0.0884, 0.0989, 0.0977, 0.0969, 0.096, 0.0917, 0.0891, 0.0918, 0.0941, 0.0997, 0.0959, 0.0947, 0.0931, 0.091, 0.0892, 0.0905, 0.0896, 0.0868, 0.0839, 0.0835, 0.091, 0.088, 0.0866, 0.0879, 0.0856]","[0.1145, 0.1168, 0.1197, 0.123, 0.1277, 0.1331, 0.1393, 0.1463, 0.1547, 0.1641, 0.1743, 0.1855, 0.1979, 0.2123, 0.2287, 0.2475, 0.2701, 0.2957, 0.3234, 0.3537, 0.3871, 0.4236, 0.4632, 0.5058, 0.5523, 0.6018, 0.6545, 0.7099, 0.7687, 0.8305]"
google/gemma-3-4b-it,ALGOUSDT,1,0.046,52.99,2,1,"[0.088, 0.0861, 0.0888, 0.0873, 0.0844, 0.083, 0.0818, 0.0833, 0.0853, 0.0862, 0.089, 0.0939, 0.091, 0.0926, 0.0972, 0.0947, 0.0901, 0.0893, 0.0898, 0.0868, 0.0855, 0.0875, 0.0872, 0.0875, 0.084, 0.0815, 0.0816, 0.0812, 0.0822, 0.0939]","[0.0924, 0.0972, 0.1018, 0.1062, 0.1103, 0.1139, 0.1173, 0.1205, 0.1234, 0.1261, 0.1286, 0.1309, 0.1331, 0.1352, 0.1372, 0.139, 0.1407, 0.1423, 0.1439, 0.1454, 0.1468, 0.1481, 0.1493, 0.1504, 0.1514, 0.1523, 0.1531, 0.1538, 0.1545, 0.155]"
google/gemma-3-4b-it,ATOMUSDT,1,1.424,61.86,2,1,"[2.069, 2.168, 2.239, 2.34, 2.369, 2.532, 2.433, 2.461, 2.592, 2.57, 2.574, 2.487, 2.636, 2.582, 2.477, 2.494, 2.567, 2.426, 2.456, 2.295, 2.382, 2.335, 2.368, 2.334, 2.236, 2.222, 2.244, 2.237, 2.128, 2.112]","[2.05, 2.1, 2.18, 2.27, 2.36, 2.46, 2.56, 2.67, 2.78, 2.9, 3.02, 3.15, 3.28, 3.42, 3.56, 3.71, 3.86, 4.01, 4.17, 4.33, 4.5, 4.67, 4.84, 5.01, 5.18, 5.35, 5.52, 5.69, 5.86, 6.03]"
google/gemma-3-4b-it,ATOMUSDT,1,1.241,61.45,2,1,"[1.971, 1.91, 1.982, 2.036, 1.995, 1.819, 1.987, 1.989, 1.95, 1.96, 1.922, 1.945, 1.968, 2.122, 2.186, 2.137, 2.292, 2.242, 2.346, 2.292, 2.358, 2.314, 2.25, 2.12, 1.992, 1.942, 1.879, 1.849, 1.849, 1.799]","[2.458976, 2.512345, 2.56789, 2.623456, 2.680123, 2.73789, 2.795647, 2.853401, 2.911157, 2.968913, 3.026669, 3.084425, 3.142181, 3.2, 3.257857, 3.315714, 3.373571, 3.431428, 3.489285, 3.547142, 3.605, 3.662857, 3.720714, 3.778571, 3.836428, 3.894285, 3.952142, 4.01, 4.067857, 4.125714]"
google/gemma-3-4b-it,ATOMUSDT,1,3.4438,194.79,2,1,"[1.843, 1.814, 1.879, 1.84, 1.809, 1.785, 1.738, 1.743, 1.788, 1.84, 1.838, 1.862, 1.87, 1.861, 1.978, 1.961, 1.909, 1.811, 1.834, 1.793, 1.769, 1.786, 1.787, 1.765, 1.699, 1.676, 1.666, 1.646, 1.665, 1.707]","[2.458, 2.612, 2.775, 2.941, 3.11, 3.282, 3.457, 3.634, 3.813, 4.0, 4.19, 4.382, 4.577, 4.775, 5.0, 5.21, 5.43, 5.65, 5.88, 6.11, 6.34, 6.57, 6.8, 7.03, 7.26, 7.5, 7.74, 8.0, 8.25, 8.5]"
google/gemma-3-4b-it,AVAXUSDT,1,13.854,111.45,2,1,"[13.59, 13.82, 13.99, 14.25, 14.45, 14.59, 14.11, 13.89, 13.79, 13.74, 13.7, 13.53, 14.75, 14.6, 13.82, 13.59, 13.75, 12.98, 12.74, 12.09, 12.42, 12.2, 12.13, 12.05, 11.49, 11.72, 12.14, 12.07, 11.04, 10.87]","[14.56789, 15.23456, 16.01234, 16.89012, 17.76543, 18.6321, 19.50876, 20.38542, 21.26209, 22.13875, 23.01541, 23.9, 24.78207, 25.65873, 26.5354, 27.41206, 28.28872, 29.16538, 30.04204, 30.9187, 31.79536, 32.67202, 33.54868, 34.42534, 35.302, 36.17866, 37.05532, 37.932, 38.80866, 39.68532]"
google/gemma-3-4b-it,AVAXUSDT,1,60.3673,669.43,2,1,"[10.12, 9.91, 10.14, 9.93, 9.72, 8.32, 9.28, 9.23, 9.08, 9.06, 8.76, 8.63, 8.9, 9.14, 9.59, 9.29, 9.26, 9.14, 8.86, 8.91, 9.17, 9.12, 8.87, 8.36, 8.29, 9.51, 9.31, 8.95, 9.16, 9.04]","[12.56, 14.92, 17.38, 20.01, 22.85, 25.89, 29.02, 32.35, 35.88, 39.61, 43.54, 47.67, 52.0, 56.53, 61.26, 66.19, 71.22, 76.35, 81.58, 87.01, 92.54, 98.17, 104.0, 109.93, 115.86, 121.89, 128.02, 134.25, 140.58, 147.01]"
google/gemma-3-4b-it,AVAXUSDT,1,2.7877,29.77,2,1,"[9.17, 9.18, 9.5, 9.39, 9.01, 8.91, 8.82, 9.26, 9.53, 9.55, 9.67, 9.72, 9.73, 9.95, 10.49, 10.2, 9.69, 9.48, 9.56, 9.21, 9.03, 9.56, 9.62, 9.68, 9.11, 8.79, 8.75, 8.6, 8.81, 8.91]","[8.75, 8.6, 8.45, 8.3, 8.15, 8.0, 7.85, 7.7, 7.55, 7.4, 7.25, 7.1, 6.95, 6.8, 6.65, 6.5, 6.35, 6.2, 6.05, 5.9, 5.75, 5.6, 5.45, 5.3, 5.15, 5.0, 4.85, 4.7, 4.55, 4.4]"
google/gemma-3-4b-it,BCHUSDT,1,432.6307,73.28,2,1,"[593.2, 609.8, 654.5, 639.1, 645.2, 638.2, 629.2, 632.0, 634.7, 643.9, 649.1, 621.7, 617.0, 597.4, 590.8, 599.5, 594.1, 591.4, 584.0, 573.2, 584.8, 599.2, 595.7, 593.6, 572.2, 578.7, 600.2, 591.1, 554.1, 553.2]","[624.78, 651.23, 678.91, 706.69, 735.47, 764.25, 793.03, 821.81, 850.59, 879.37, 908.15, 936.93, 965.71, 994.49, 1023.27, 1052.05, 1080.83, 1109.61, 1138.39, 1167.17, 1196.0, 1224.99, 1253.77, 1282.55, 1311.33, 1340.11, 1368.89, 1397.67, 1426.45, 1455.23]"
google/gemma-3-4b-it,BCHUSDT,1,465.6443,91.01,2,1,"[507.5, 516.2, 539.7, 527.1, 532.5, 453.9, 523.2, 525.1, 527.0, 533.0, 524.3, 516.2, 503.0, 563.9, 562.9, 553.5, 569.2, 563.4, 558.0, 560.4, 562.4, 564.1, 570.7, 495.8, 484.8, 492.9, 478.4, 461.5, 457.6, 441.7]","[648.79, 672.15, 695.52, 718.89, 742.26, 765.63, 788.99, 812.36, 835.73, 859.09, 882.46, 905.83, 929.19, 952.56, 975.93, 1000.0, 1023.37, 1046.74, 1070.11, 1093.48, 1116.85, 1140.22, 1163.59, 1186.96, 1210.33, 1233.7, 1257.07, 1280.44, 1303.81, 1327.18]"
google/gemma-3-4b-it,BCHUSDT,1,30.7446,6.65,2,1,"[445.3, 443.9, 466.9, 461.6, 449.7, 450.2, 443.1, 444.6, 447.1, 455.1, 455.2, 461.0, 467.6, 469.7, 478.8, 470.7, 456.9, 455.6, 474.6, 462.6, 467.4, 478.0, 477.4, 473.6, 461.9, 472.9, 481.2, 452.7, 460.3, 466.5]","[452.689998, 455.389996, 458.089994, 460.789992, 463.48999, 466.189988, 468.889986, 471.589984, 474.289982, 476.98998, 479.689978, 482.389976, 485.089974, 487.789972, 490.48997, 493.189968, 495.889966, 498.589964, 501.289962, 503.98996, 506.689958, 509.389956, 512.089954, 514.789952, 517.48995, 520.189948, 522.889946, 525.589944, 528.289942, 530.98994]"
google/gemma-3-4b-it,BNBUSDT,1,103.778,11.64,2,1,"[864.39, 881.25, 878.63, 895.43, 910.31, 917.64, 900.3, 892.26, 896.86, 907.93, 904.32, 905.78, 943.73, 948.47, 931.2, 938.16, 947.12, 932.51, 923.6, 884.2, 883.36, 888.06, 891.63, 887.17, 866.02, 879.41, 898.36, 902.91, 868.69, 858.81]","[875.29, 884.18, 893.07, 901.96, 910.85, 919.74, 928.63, 937.52, 946.41, 955.3, 964.19, 973.08, 981.97, 990.86, 1000.75, 1009.64, 1018.53, 1027.42, 1036.31, 1045.2, 1054.09, 1062.98, 1071.87, 1080.76, 1089.65, 1098.54, 1107.43, 1116.32, 1125.21, 1134.1]"
google/gemma-3-4b-it,BNBUSDT,1,503.4463,80.48,2,1,"[781.38, 758.54, 773.94, 754.78, 697.27, 608.3, 657.21, 647.0, 639.93, 636.39, 619.85, 608.11, 614.29, 618.94, 632.77, 615.16, 627.19, 617.74, 604.8, 607.83, 625.91, 625.61, 614.8, 596.41, 583.6, 629.42, 625.74, 614.03, 617.14, 617.96]","[924.67, 948.23, 962.89, 977.55, 992.21, 1006.87, 1021.53, 1036.19, 1050.85, 1065.51, 1080.17, 1094.83, 1109.49, 1124.15, 1138.81, 1153.47, 1168.13, 1182.8, 1197.46, 1212.12, 1226.78, 1241.44, 1256.1, 1270.76, 1285.42, 1300.08, 1314.74, 1329.4, 1344.06, 1358.72]"
google/gemma-3-4b-it,BNBUSDT,1,97.6347,15.5,2,1,"[637.79, 633.56, 657.99, 647.85, 627.31, 620.26, 611.98, 634.64, 642.0, 651.46, 651.72, 655.73, 657.7, 673.77, 679.71, 668.61, 652.27, 639.15, 642.11, 630.7, 626.41, 639.11, 638.3, 647.66, 628.86, 613.95, 611.08, 606.09, 609.29, 617.43]","[625.48, 632.93, 640.38, 647.82, 655.26, 662.7, 670.14, 677.58, 685.02, 692.46, 700.0, 707.54, 715.08, 722.62, 730.16, 737.7, 745.24, 752.78, 760.32, 767.86, 775.4, 782.94, 790.48, 798.02, 805.56, 813.1, 820.64, 828.18, 835.72, 843.26]"
google/gemma-3-4b-it,BTCUSDT,1,23705.2053,26.46,2,1,"[88839.04, 89995.13, 90628.01, 91529.73, 93859.71, 93747.97, 91364.16, 91099.99, 90641.28, 90504.7, 91013.65, 91296.2, 95414.0, 96951.78, 95604.8, 95550.94, 95147.77, 93673.14, 92631.0, 88427.66, 89454.73, 89559.67, 89600.26, 89225.34, 86670.36, 88347.08, 89250.0, 89299.99, 84650.16, 84260.49]","[90523.45, 92187.65, 93841.85, 95506.05, 97170.25, 98834.45, 100500.0, 102164.2, 103828.4, 105492.6, 107156.8, 108821.0, 110485.2, 112149.4, 113813.6, 115477.8, 117142.0, 118806.2, 120470.4, 122134.6, 123800.0, 125464.2, 127128.4, 128792.6, 130456.8, 132121.0, 133785.2, 135449.4, 137113.6, 138777.8]"
google/gemma-3-4b-it,BTCUSDT,1,23861.782,35.18,2,1,"[78741.09, 76968.21, 78738.61, 75770.21, 73165.83, 62909.86, 70580.26, 69289.38, 70330.38, 70138.0, 68841.29, 67082.52, 66272.17, 68853.96, 69822.95, 68832.58, 68892.43, 67503.52, 66461.0, 67003.73, 68020.01, 67975.93, 67643.4, 64656.02, 64058.15, 67988.04, 67485.18, 65872.1, 66973.26, 65776.47]","[85700.0, 86200.0, 86700.0, 87200.0, 87700.0, 88200.0, 88700.0, 89200.0, 89700.0, 90200.0, 90700.0, 91200.0, 91700.0, 92200.0, 92700.0, 93200.0, 93700.0, 94200.0, 94700.0, 95200.0, 95700.0, 96200.0, 96700.0, 97200.0, 97700.0, 98200.0, 98700.0, 99200.0, 99700.0, 100200.0]"
google/gemma-3-4b-it,BTCUSDT,1,35211.2627,50.95,2,1,"[68830.06, 68338.0, 72666.77, 70890.72, 68114.02, 67262.91, 65971.2, 68432.16, 69948.63, 70191.86, 70541.34, 70930.0, 71211.95, 72815.24, 74884.67, 73909.36, 71246.54, 69930.0, 70510.73, 68918.12, 67859.0, 70906.45, 70556.74, 71336.53, 68820.31, 66407.28, 66377.03, 66010.93, 66797.37, 68284.48]","[68293.47, 70812.47, 73331.47, 75849.47, 78367.47, 80885.47, 83403.47, 85921.47, 88439.47, 90957.47, 93475.47, 95993.47, 98511.47, 101029.47, 103547.47, 106065.47, 108583.47, 111099.47, 113617.47, 116135.47, 118653.47, 121171.47, 123689.47, 126207.47, 128725.47, 131243.47, 133761.47, 136279.47, 138797.47, 141315.47]"
google/gemma-3-4b-it,DOGEUSDT,1,0.0168,11.98,0,0,"[0.12683, 0.14188, 0.14315, 0.14953, 0.15171, 0.15055, 0.14642, 0.14194, 0.14071, 0.13965, 0.13801, 0.13662, 0.14828, 0.14718, 0.14004, 0.13813, 0.13788, 0.13164, 0.12916, 0.12336, 0.12654, 0.12437, 0.12477, 0.12423, 0.11945, 0.12236, 0.12619, 0.125, 0.11728, 0.11581]","[0.1175, 0.11751, 0.11752, 0.11753, 0.11754, 0.11755, 0.11756, 0.11757, 0.11758, 0.11759, 0.1176, 0.11761, 0.11762, 0.11763, 0.11764, 0.11765, 0.11766, 0.11767, 0.11768, 0.11769, 0.1177, 0.11771, 0.11772, 0.11773, 0.11774, 0.11775, 0.11776, 0.11777, 0.11778, 0.11779]"
google/gemma-3-4b-it,DOGEUSDT,1,1.374,1437.11,2,1,"[0.10426, 0.10426, 0.10792, 0.10602, 0.10383, 0.08849, 0.09848, 0.09823, 0.09663, 0.09611, 0.09277, 0.09112, 0.093, 0.09667, 0.11104, 0.10269, 0.10102, 0.10066, 0.09855, 0.09837, 0.10011, 0.09841, 0.09558, 0.09266, 0.09137, 0.10095, 0.09701, 0.09337, 0.09405, 0.0919]","[0.12, 0.124, 0.129, 0.136, 0.147, 0.16, 0.18, 0.205, 0.235, 0.27, 0.31, 0.36, 0.42, 0.5, 0.6, 0.72, 0.85, 1.0, 1.2, 1.45, 1.75, 2.1, 2.5, 2.9, 3.3, 3.7, 4.1, 4.5, 4.9, 5.3]"
google/gemma-3-4b-it,DOGEUSDT,1,0.0221,23.51,2,1,"[0.09356, 0.08997, 0.09893, 0.09356, 0.09129, 0.08993, 0.08915, 0.09049, 0.09452, 0.09288, 0.09475, 0.09596, 0.09604, 0.09738, 0.10304, 0.10015, 0.09526, 0.09354, 0.09416, 0.09135, 0.09015, 0.09415, 0.0951, 0.09618, 0.09205, 0.09011, 0.091, 0.09045, 0.09083, 0.09232]","[0.0875, 0.0864, 0.0853, 0.0842, 0.0831, 0.082, 0.0809, 0.0798, 0.0787, 0.0776, 0.0765, 0.0754, 0.0743, 0.0732, 0.0721, 0.071, 0.0699, 0.0688, 0.0677, 0.0666, 0.0655, 0.0644, 0.0633, 0.0622, 0.0611, 0.06, 0.0589, 0.0578, 0.0567, 0.0556]"
google/gemma-3-4b-it,DOTUSDT,1,3.6451,186.74,2,1,"[1.999, 2.166, 2.125, 2.142, 2.208, 2.235, 2.145, 2.111, 2.083, 2.093, 2.07, 2.055, 2.282, 2.226, 2.117, 2.119, 2.179, 2.065, 2.028, 1.897, 1.955, 1.927, 1.926, 1.93, 1.823, 1.875, 1.876, 1.87, 1.736, 1.69]","[2.456, 2.678, 2.89, 3.123, 3.345, 3.567, 3.789, 4.012, 4.234, 4.456, 4.678, 4.89, 5.123, 5.345, 5.567, 5.789, 6.012, 6.234, 6.456, 6.678, 6.89, 7.123, 7.345, 7.567, 7.789, 8.012, 8.234, 8.456, 8.678, 8.89]"
google/gemma-3-4b-it,DOTUSDT,1,0.4341,31.93,0,0,"[1.547, 1.495, 1.543, 1.5, 1.461, 1.248, 1.368, 1.372, 1.337, 1.32, 1.283, 1.256, 1.283, 1.33, 1.421, 1.357, 1.376, 1.347, 1.311, 1.287, 1.341, 1.36, 1.313, 1.265, 1.238, 1.663, 1.609, 1.599, 1.662, 1.534]","[1.69, 1.7, 1.71, 1.72, 1.73, 1.74, 1.75, 1.76, 1.77, 1.78, 1.79, 1.8, 1.81, 1.82, 1.83, 1.84, 1.85, 1.86, 1.87, 1.88, 1.89, 1.9, 1.91, 1.92, 1.93, 1.94, 1.95, 1.96, 1.97, 1.98]"
google/gemma-3-4b-it,DOTUSDT,1,6.5088,465.42,2,1,"[1.509, 1.533, 1.541, 1.53, 1.488, 1.448, 1.452, 1.494, 1.486, 1.522, 1.518, 1.464, 1.414, 1.441, 1.64, 1.62, 1.577, 1.521, 1.499, 1.468, 1.413, 1.421, 1.401, 1.363, 1.321, 1.292, 1.259, 1.261, 1.243, 1.253]","[2.6897, 3.0523, 3.415, 3.7778, 4.1406, 4.5034, 4.8662, 5.229, 5.5918, 5.9546, 6.3174, 6.6802, 7.043, 7.4058, 7.7686, 8.1314, 8.5042, 8.867, 9.23, 9.5928, 9.9556, 10.3184, 10.6812, 11.044, 11.4068, 11.7696, 12.1324, 12.5, 12.8628, 13.2256]"
google/gemma-3-4b-it,ETCUSDT,1,0.8277,6.63,0,0,"[12.06, 12.52, 12.56, 12.82, 13.31, 13.37, 12.88, 12.61, 12.61, 12.54, 12.37, 12.26, 13.29, 13.2, 12.65, 12.76, 12.85, 12.24, 12.03, 11.54, 11.66, 11.58, 11.67, 11.59, 11.14, 11.39, 11.58, 11.55, 10.81, 10.6]","[11.49, 11.5, 11.51, 11.52, 11.53, 11.54, 11.55, 11.56, 11.57, 11.58, 11.59, 11.6, 11.61, 11.62, 11.63, 11.64, 11.65, 11.66, 11.67, 11.68, 11.69, 11.7, 11.71, 11.72, 11.73, 11.74, 11.75, 11.76, 11.77, 11.78]"
google/gemma-3-4b-it,ETCUSDT,1,8.0247,92.69,2,1,"[9.76, 9.5, 9.81, 9.57, 9.34, 8.06, 8.84, 8.78, 8.57, 8.59, 8.33, 8.14, 8.25, 8.53, 9.0, 8.74, 8.84, 8.68, 8.44, 8.27, 8.76, 9.05, 8.52, 8.36, 8.3, 9.15, 8.86, 8.65, 8.68, 8.47]","[12.589473, 12.876543, 13.165432, 13.454321, 13.74321, 14.032109, 14.321098, 14.61, 14.9, 15.19, 15.48, 15.77, 16.06, 16.35, 16.64, 16.93, 17.22, 17.51, 17.8, 18.09, 18.38, 18.67, 18.96, 19.25, 19.54, 19.83, 20.12, 20.41, 20.7, 20.99]"
google/gemma-3-4b-it,ETCUSDT,1,8.8527,106.62,2,1,"[8.72, 8.49, 8.85, 8.65, 8.25, 8.12, 7.99, 8.16, 8.23, 8.28, 8.27, 8.49, 8.26, 8.48, 9.03, 8.86, 8.51, 8.34, 8.41, 8.18, 8.03, 8.59, 8.67, 8.68, 8.21, 8.09, 8.04, 7.95, 8.07, 8.19]","[9.25, 9.62, 10.11, 10.61, 11.12, 11.64, 12.17, 12.71, 13.26, 13.82, 14.39, 14.97, 15.55, 16.14, 16.73, 17.34, 17.95, 18.57, 19.2, 19.83, 20.47, 21.11, 21.76, 22.4, 22.95, 23.5, 24.05, 24.6, 25.15, 25.7]"
google/gemma-3-4b-it,ETHUSDT,1,161.467,5.14,0,0,"[3004.19, 3125.45, 3127.11, 3144.7, 3224.99, 3296.84, 3168.72, 3106.65, 3088.4, 3086.72, 3123.45, 3095.75, 3325.82, 3354.92, 3318.69, 3296.28, 3310.56, 3284.03, 3189.55, 2939.88, 2982.27, 2952.69, 2956.41, 2953.22, 2816.89, 2930.35, 3026.77, 3010.78, 2822.59, 2707.38]","[2982.64, 2983.64, 2984.64, 2985.64, 2986.64, 2987.64, 2988.64, 2989.64, 2990.64, 2991.64, 2992.64, 2993.64, 2994.64, 2995.64, 2996.64, 2997.64, 2998.64, 2999.64, 3000.64, 3001.64, 3002.64, 3003.64, 3004.64, 3005.64, 3006.64, 3007.64, 3008.64, 3009.64, 3010.64, 3011.64]"
google/gemma-3-4b-it,ETHUSDT,1,775.573,38.85,2,1,"[2451.95, 2270.15, 2347.02, 2233.72, 2148.26, 1826.83, 2063.38, 2087.08, 2089.74, 2105.02, 2022.67, 1941.18, 1947.85, 2048.72, 2086.59, 1966.58, 1998.33, 1991.66, 1955.91, 1949.08, 1968.88, 1973.35, 1957.82, 1856.3, 1851.94, 2057.48, 2027.68, 1929.84, 1964.51, 1939.71]","[2695.48, 2703.42, 2711.38, 2719.34, 2727.3, 2735.26, 2743.22, 2751.18, 2759.14, 2767.1, 2775.06, 2783.02, 2790.98, 2798.94, 2806.9, 2814.86, 2822.82, 2830.78, 2838.74, 2846.7, 2854.66, 2862.62, 2870.58, 2878.54, 2886.5, 2894.46, 2902.42, 2910.38, 2918.34, 2926.3]"
google/gemma-3-4b-it,ETHUSDT,1,7524.3503,362.15,2,1,"[2027.35, 1982.8, 2127.28, 2072.86, 1978.68, 1969.59, 1937.1, 1992.98, 2036.51, 2051.97, 2073.52, 2092.22, 2096.16, 2178.3, 2352.97, 2317.39, 2203.39, 2137.81, 2146.22, 2084.87, 2053.89, 2152.03, 2156.23, 2169.02, 2060.43, 1992.75, 1994.74, 1984.64, 2026.48, 2105.43]","[2458.63, 2587.22, 2735.88, 2904.55, 3100.22, 3325.9, 3578.57, 3856.24, 4162.91, 4500.58, 4866.25, 5259.92, 5706.59, 6202.26, 6728.93, 7305.6, 7923.27, 8600.94, 9358.61, 10226.28, 11213.95, 12327.62, 13585.29, 15083.96, 16722.63, 18531.3, 20470.0, 22558.67, 24937.34, 27466.01]"
google/gemma-3-4b-it,FILUSDT,1,0.3851,29.14,2,1,"[1.483, 1.504, 1.494, 1.494, 1.569, 1.593, 1.519, 1.497, 1.488, 1.482, 1.457, 1.461, 1.576, 1.592, 1.504, 1.52, 1.551, 1.45, 1.384, 1.312, 1.348, 1.319, 1.313, 1.315, 1.251, 1.269, 1.272, 1.28, 1.194, 1.176]","[1.456, 1.478, 1.501, 1.525, 1.549, 1.573, 1.597, 1.621, 1.645, 1.669, 1.693, 1.717, 1.741, 1.765, 1.789, 1.813, 1.837, 1.861, 1.885, 1.909, 1.933, 1.957, 1.981, 2.005, 2.029, 2.053, 2.077, 2.101, 2.125, 2.149]"
google/gemma-3-4b-it,FILUSDT,1,0.4975,52.02,2,1,"[1.052, 1.035, 1.083, 1.068, 1.05, 0.883, 0.977, 0.976, 0.934, 0.938, 0.902, 0.879, 0.914, 0.958, 1.015, 0.963, 0.978, 0.96, 0.927, 0.915, 0.958, 0.97, 0.93, 0.891, 0.88, 1.062, 1.026, 0.994, 1.005, 0.964]","[1.25894, 1.27331, 1.28765, 1.302, 1.31635, 1.3307, 1.34505, 1.3594, 1.37375, 1.38809, 1.40244, 1.41678, 1.43113, 1.44547, 1.46, 1.47434, 1.48868, 1.50302, 1.51736, 1.5317, 1.54604, 1.56038, 1.57472, 1.58906, 1.6034, 1.61774, 1.63208, 1.64642, 1.66076, 1.6751]"
google/gemma-3-4b-it,FILUSDT,1,2.0188,237.89,2,1,"[0.987, 1.0, 1.025, 1.011, 0.978, 0.952, 0.934, 0.939, 0.866, 0.878, 0.877, 0.869, 0.883, 0.895, 0.99, 0.969, 0.925, 0.895, 0.902, 0.882, 0.848, 0.923, 0.923, 0.928, 0.869, 0.839, 0.801, 0.802, 0.816, 0.832]","[0.972, 0.985, 1.001, 1.022, 1.048, 1.078, 1.112, 1.152, 1.198, 1.251, 1.312, 1.383, 1.463, 1.553, 1.653, 1.773, 1.911, 2.072, 2.264, 2.486, 2.741, 3.032, 3.444, 3.917, 4.533, 5.305, 6.367, 7.729, 9.551, 12.385]"
google/gemma-3-4b-it,LINKUSDT,1,22.8363,184.33,2,1,"[12.6, 13.27, 13.23, 13.43, 13.9, 14.04, 13.44, 13.21, 13.14, 13.13, 13.21, 13.08, 14.06, 14.11, 13.8, 13.73, 13.75, 13.32, 12.88, 12.12, 12.4, 12.27, 12.22, 12.2, 11.52, 11.95, 12.03, 11.84, 11.13, 10.79]","[14.56, 15.89, 17.23, 18.67, 20.12, 21.58, 23.05, 24.52, 26.0, 27.48, 28.96, 30.44, 31.93, 33.41, 34.9, 36.38, 37.87, 39.36, 40.85, 42.34, 43.83, 45.32, 46.81, 48.3, 49.79, 51.28, 52.77, 54.26, 55.75, 57.24]"
google/gemma-3-4b-it,LINKUSDT,1,2.0185,23.09,0,0,"[9.99, 9.41, 9.81, 9.49, 9.25, 7.92, 8.88, 8.91, 8.83, 8.83, 8.57, 8.33, 8.41, 8.77, 9.09, 8.79, 8.94, 8.82, 8.6, 8.58, 8.95, 8.87, 8.69, 8.26, 8.19, 9.27, 9.09, 8.71, 8.85, 8.67]","[10.805, 10.81, 10.815, 10.82, 10.825, 10.83, 10.835, 10.84, 10.845, 10.85, 10.855, 10.86, 10.865, 10.87, 10.875, 10.88, 10.885, 10.89, 10.895, 10.9, 10.905, 10.91, 10.915, 10.92, 10.925, 10.93, 10.935, 10.94, 10.945, 10.95]"
google/gemma-3-4b-it,LINKUSDT,1,3.7393,42.08,2,1,"[8.96, 8.8, 9.35, 9.21, 8.8, 8.7, 8.52, 8.87, 8.99, 8.99, 9.05, 9.08, 9.17, 9.5, 9.92, 9.79, 9.22, 9.04, 9.12, 8.82, 8.68, 9.11, 9.25, 9.37, 8.91, 8.57, 8.44, 8.42, 8.62, 8.78]","[9.25, 9.48, 9.62, 9.77, 9.93, 10.1, 10.28, 10.47, 10.67, 10.88, 11.1, 11.34, 11.6, 11.87, 12.15, 12.44, 12.74, 13.05, 13.38, 13.72, 14.07, 14.43, 14.8, 15.18, 15.57, 15.97, 16.4, 16.85, 17.32, 17.8]"
google/gemma-3-4b-it,LTCUSDT,1,6.2643,8.71,1,0,"[79.97, 81.93, 82.08, 82.26, 83.46, 83.96, 81.71, 81.31, 81.49, 81.19, 78.79, 76.12, 78.18, 76.67, 72.21, 75.22, 74.92, 72.29, 70.8, 67.12, 68.48, 68.19, 68.07, 68.19, 67.3, 69.72, 70.03, 69.42, 66.24, 65.47]","[85.0, 76.9, 76.95, 77.0, 77.05, 77.1, 77.15, 77.2, 77.25, 77.3, 77.35, 77.4, 77.45, 77.5, 77.55, 77.6, 77.65, 77.7, 77.75, 77.8, 77.85, 77.9, 77.95, 78.0, 78.05, 78.1, 78.15, 78.2, 78.25, 78.3]"
google/gemma-3-4b-it,LTCUSDT,1,51.287,94.63,2,1,"[59.53, 58.49, 60.02, 59.48, 58.89, 50.79, 55.02, 55.19, 54.53, 54.45, 53.38, 52.32, 53.15, 55.03, 55.99, 55.08, 55.13, 53.96, 53.32, 52.7, 55.19, 54.9, 53.48, 51.35, 51.15, 56.76, 55.62, 54.56, 54.4, 53.24]","[68.29, 70.81, 73.43, 76.05, 78.67, 81.29, 83.91, 86.53, 89.15, 91.77, 94.39, 97.01, 99.63, 102.25, 104.87, 107.49, 110.11, 112.73, 115.35, 117.97, 120.59, 123.21, 125.83, 128.45, 131.07, 133.69, 136.31, 139.0, 141.62, 144.24]"
google/gemma-3-4b-it,LTCUSDT,1,54.002,98.4,2,1,"[54.61, 54.76, 56.77, 55.46, 53.81, 53.58, 52.59, 53.77, 53.87, 54.8, 54.56, 55.3, 54.98, 56.27, 58.7, 58.09, 56.08, 55.54, 56.17, 54.81, 53.51, 55.72, 56.38, 56.65, 54.59, 53.72, 53.85, 53.32, 53.34, 53.95]","[68.79, 72.35, 75.81, 78.47, 81.13, 83.8, 86.46, 89.12, 91.78, 94.44, 97.1, 99.76, 102.42, 105.08, 107.74, 110.4, 113.06, 115.72, 118.38, 121.04, 123.7, 126.36, 129.02, 131.68, 134.34, 137.0, 139.66, 142.32, 145.0, 147.68]"
google/gemma-3-4b-it,NEARUSDT,1,7.4754,483.65,2,1,"[1.627, 1.692, 1.711, 1.728, 1.774, 1.808, 1.722, 1.686, 1.703, 1.689, 1.702, 1.675, 1.859, 1.799, 1.722, 1.731, 1.751, 1.629, 1.597, 1.506, 1.529, 1.513, 1.509, 1.506, 1.436, 1.463, 1.49, 1.489, 1.375, 1.323]","[2.687999, 3.018998, 3.363997, 3.718996, 4.084995, 4.460994, 4.846993, 5.243992, 5.650991, 6.07799, 6.524989, 6.991988, 7.468987, 7.965986, 8.482985, 8.999984, 9.526983, 10.063982, 10.600981, 11.14798, 11.694979, 12.241978, 12.798977, 13.355976, 13.912975, 14.479974, 15.046973, 15.613972, 16.180971, 16.74797]"
google/gemma-3-4b-it,NEARUSDT,1,0.7219,68.41,2,1,"[1.206, 1.173, 1.2, 1.176, 1.16, 0.976, 1.087, 1.075, 1.038, 1.03, 0.993, 0.962, 0.964, 1.024, 1.086, 1.056, 1.058, 1.044, 1.017, 1.007, 1.054, 1.059, 1.022, 0.981, 0.967, 1.172, 1.127, 1.094, 1.172, 1.15]","[1.456789, 1.478901, 1.501234, 1.524567, 1.54789, 1.571123, 1.594456, 1.617789, 1.641123, 1.664456, 1.687789, 1.711123, 1.734456, 1.757789, 1.781123, 1.804456, 1.827789, 1.851123, 1.874456, 1.897789, 1.921123, 1.944456, 1.967789, 1.991123, 2.014456, 2.037789, 2.061123, 2.084456, 2.107789, 2.131123]"
google/gemma-3-4b-it,NEARUSDT,1,0.1122,8.38,0,0,"[1.36, 1.358, 1.311, 1.271, 1.227, 1.214, 1.212, 1.235, 1.284, 1.299, 1.368, 1.336, 1.325, 1.35, 1.49, 1.452, 1.386, 1.335, 1.316, 1.281, 1.274, 1.311, 1.292, 1.28, 1.224, 1.18, 1.173, 1.164, 1.162, 1.189]","[1.1789, 1.1789, 1.1789, 1.1789, 1.1789, 1.1789, 1.1789, 1.1789, 1.1789, 1.1789, 1.1789, 1.1789, 1.1789, 1.1789, 1.1789, 1.1789, 1.1789, 1.1789, 1.1789, 1.1789, 1.1789, 1.1789, 1.1789, 1.1789, 1.1789, 1.1789, 1.1789, 1.1789, 1.1789, 1.1789]"
google/gemma-3-4b-it,SOLUSDT,1,50.5773,39.44,2,1,"[126.9, 132.29, 133.37, 134.12, 137.9, 141.08, 136.39, 138.37, 135.97, 135.84, 139.7, 139.22, 145.51, 146.69, 142.4, 144.89, 143.72, 137.87, 133.44, 125.8, 129.54, 128.47, 127.43, 127.21, 118.85, 124.24, 127.19, 125.35, 117.82, 117.59]","[128.79, 132.15, 135.82, 139.48, 143.21, 147.05, 150.9, 154.76, 158.61, 162.47, 166.32, 170.18, 174.03, 177.89, 181.75, 185.6, 189.46, 193.31, 197.17, 201.02, 204.88, 208.73, 212.59, 216.44, 220.3, 224.15, 228.0, 231.86, 235.71, 239.57]"
google/gemma-3-4b-it,SOLUSDT,1,33.138,39.17,0,0,"[105.58, 100.79, 104.55, 97.89, 92.12, 78.35, 87.46, 87.59, 86.99, 86.77, 82.99, 79.3, 78.4, 84.33, 88.06, 86.16, 86.45, 85.08, 81.61, 82.5, 84.67, 85.17, 82.79, 77.9, 78.99, 88.06, 85.91, 81.85, 84.35, 83.6]","[118.23, 118.33, 118.43, 118.53, 118.63, 118.73, 118.83, 118.93, 119.03, 119.13, 119.23, 119.33, 119.43, 119.53, 119.63, 119.73, 119.83, 119.93, 120.03, 120.13, 120.23, 120.33, 120.43, 120.53, 120.63, 120.73, 120.83, 120.93, 121.03, 121.13]"
google/gemma-3-4b-it,SOLUSDT,1,11.507,13.46,2,1,"[86.64, 86.97, 90.85, 88.77, 84.7, 83.22, 81.59, 84.96, 85.88, 86.58, 86.84, 88.18, 88.03, 92.3, 96.2, 94.62, 90.08, 88.89, 89.84, 87.56, 86.2, 91.43, 90.8, 91.7, 86.53, 83.11, 82.09, 81.44, 82.54, 83.2]","[84.25, 84.79, 85.42, 86.11, 86.85, 87.63, 88.45, 89.31, 90.2, 91.12, 92.07, 93.05, 94.06, 95.1, 96.17, 97.27, 98.4, 99.56, 100.76, 102.01, 103.3, 104.63, 106.01, 107.43, 108.9, 110.43, 112.03, 113.68, 115.4, 117.18]"
google/gemma-3-4b-it,TRXUSDT,1,0.1782,59.39,2,1,"[0.2871, 0.289, 0.2956, 0.2939, 0.2922, 0.2942, 0.2981, 0.295, 0.2984, 0.3024, 0.2995, 0.2998, 0.3071, 0.3047, 0.3126, 0.3096, 0.3188, 0.3178, 0.3119, 0.297, 0.2993, 0.3054, 0.2979, 0.2954, 0.2957, 0.2966, 0.2947, 0.2954, 0.295, 0.2942]","[0.2967, 0.3093, 0.3218, 0.3343, 0.3468, 0.3593, 0.3718, 0.3843, 0.3968, 0.4093, 0.4218, 0.4343, 0.4468, 0.4593, 0.4718, 0.4843, 0.4968, 0.5093, 0.5218, 0.5343, 0.5468, 0.5593, 0.5718, 0.5843, 0.5968, 0.6093, 0.6218, 0.6343, 0.6468, 0.6593]"
google/gemma-3-4b-it,TRXUSDT,1,0.0561,19.89,2,1,"[0.2866, 0.2847, 0.2835, 0.2861, 0.2833, 0.2696, 0.2741, 0.2782, 0.2778, 0.2791, 0.2782, 0.2784, 0.28, 0.2823, 0.2826, 0.2805, 0.2846, 0.2821, 0.2788, 0.2849, 0.2854, 0.289, 0.2906, 0.2816, 0.2837, 0.2853, 0.2857, 0.2828, 0.2819, 0.2807]","[0.28567, 0.29283, 0.29876, 0.30389, 0.30792, 0.31095, 0.31398, 0.31691, 0.31984, 0.32277, 0.3257, 0.32863, 0.33156, 0.33449, 0.33742, 0.34035, 0.34328, 0.34621, 0.34914, 0.35207, 0.355, 0.35793, 0.36086, 0.36379, 0.36672, 0.36965, 0.37258, 0.37551, 0.37844, 0.38137]"
google/gemma-3-4b-it,TRXUSDT,1,0.0157,5.35,2,1,"[0.2832, 0.2805, 0.2871, 0.2852, 0.2846, 0.2866, 0.2891, 0.2856, 0.2858, 0.2913, 0.2891, 0.2934, 0.2978, 0.2987, 0.2956, 0.3068, 0.3045, 0.3036, 0.3097, 0.3121, 0.3104, 0.3081, 0.3061, 0.3146, 0.3115, 0.3113, 0.3167, 0.322, 0.32, 0.3133]","[0.2954, 0.3063, 0.3132, 0.3165, 0.3168, 0.3162, 0.3155, 0.3148, 0.3141, 0.3134, 0.3127, 0.312, 0.3113, 0.3106, 0.3099, 0.3092, 0.3085, 0.3078, 0.3071, 0.3064, 0.3057, 0.305, 0.3043, 0.3036, 0.3029, 0.3022, 0.3015, 0.3008, 0.3001, 0.2994]"
google/gemma-3-4b-it,UNIUSDT,1,1.1665,23.8,2,1,"[5.809, 6.038, 5.917, 5.85, 6.162, 6.07, 5.726, 5.488, 5.467, 5.476, 5.456, 5.367, 5.73, 5.681, 5.35, 5.315, 5.352, 5.095, 5.026, 4.803, 4.94, 4.836, 4.873, 4.855, 4.637, 4.711, 4.8, 4.82, 4.396, 4.276]","[5.7298, 5.7828, 5.8368, 5.8818, 5.9268, 5.9718, 6.0168, 6.0618, 6.1068, 6.1518, 6.1968, 6.2418, 6.2868, 6.3318, 6.3768, 6.4218, 6.4668, 6.5118, 6.5568, 6.5998, 6.6428, 6.6858, 6.7288, 6.7718, 6.8148, 6.8578, 6.9008, 6.9438, 6.9868, 7.0298]"
google/gemma-3-4b-it,UNIUSDT,1,5.6414,158.46,2,1,"[3.96, 3.837, 3.925, 3.86, 3.801, 3.168, 3.552, 3.539, 3.468, 3.493, 3.36, 3.369, 3.247, 3.398, 3.629, 3.471, 3.601, 3.524, 3.403, 3.391, 3.492, 3.609, 3.491, 3.349, 3.337, 4.055, 3.879, 3.742, 3.811, 3.748]","[5.89, 6.12, 6.35, 6.58, 6.81, 7.04, 7.27, 7.5, 7.73, 7.96, 8.19, 8.42, 8.65, 8.88, 9.11, 9.34, 9.57, 9.8, 10.03, 10.26, 10.49, 10.72, 10.95, 11.18, 11.41, 11.64, 11.87, 12.1, 12.33, 12.56]"
google/gemma-3-4b-it,UNIUSDT,1,1.228,33.91,2,1,"[3.929, 3.912, 3.977, 3.97, 3.848, 3.771, 3.661, 3.861, 3.843, 3.898, 3.918, 4.004, 3.948, 4.069, 4.157, 3.957, 3.681, 3.579, 3.605, 3.486, 3.471, 3.587, 3.609, 3.708, 3.528, 3.388, 3.384, 3.355, 3.48, 3.545]","[3.92, 4.05, 4.16, 4.26, 4.35, 4.43, 4.51, 4.58, 4.65, 4.72, 4.78, 4.84, 4.9, 4.95, 5.01, 5.06, 5.12, 5.17, 5.23, 5.28, 5.33, 5.38, 5.42, 5.46, 5.5, 5.53, 5.56, 5.58, 5.6, 5.62]"
google/gemma-3-4b-it,XLMUSDT,1,2.8,1336.89,2,1,"[0.2087, 0.2191, 0.2222, 0.233, 0.2526, 0.2438, 0.2342, 0.2302, 0.2284, 0.2264, 0.2244, 0.2193, 0.2386, 0.2361, 0.2285, 0.226, 0.2309, 0.2182, 0.2157, 0.207, 0.2124, 0.2115, 0.2122, 0.2115, 0.2033, 0.2074, 0.2085, 0.2105, 0.1987, 0.1919]","[0.25, 0.28, 0.34, 0.4, 0.47, 0.55, 0.63, 0.72, 0.82, 0.93, 1.05, 1.2, 1.38, 1.58, 1.8, 2.05, 2.35, 2.7, 3.08, 3.5, 3.95, 4.45, 4.98, 5.55, 6.1, 6.7, 7.3, 7.9, 8.5, 9.1]"
google/gemma-3-4b-it,XLMUSDT,1,0.0297,18.55,1,0,"[0.181, 0.1751, 0.1787, 0.1758, 0.1714, 0.1471, 0.1642, 0.1619, 0.1615, 0.1596, 0.1585, 0.1547, 0.1563, 0.1646, 0.1744, 0.1702, 0.1698, 0.1657, 0.1613, 0.1591, 0.1627, 0.161, 0.155, 0.1514, 0.1496, 0.1627, 0.1622, 0.1588, 0.159, 0.1541]","[0.1919, 0.191925, 0.192, 0.19205, 0.1921, 0.19215, 0.1922, 0.19225, 0.1923, 0.19235, 0.1924, 0.19245, 0.1925, 0.19255, 0.1926, 0.19265, 0.1927, 0.19275, 0.1928, 0.19285, 0.1929, 0.19295, 0.193, 0.19305, 0.1931, 0.19315, 0.1932, 0.19325, 0.1933, 0.19335]"
google/gemma-3-4b-it,XLMUSDT,1,0.1702,103.96,2,1,"[0.1557, 0.1515, 0.1595, 0.1569, 0.1522, 0.1504, 0.1482, 0.1508, 0.1586, 0.1592, 0.16, 0.1641, 0.1665, 0.1693, 0.176, 0.1736, 0.1702, 0.1654, 0.1654, 0.1621, 0.156, 0.1668, 0.1738, 0.1774, 0.1738, 0.1674, 0.168, 0.1645, 0.1674, 0.1673]","[0.26897, 0.27342, 0.27787, 0.28232, 0.28677, 0.29122, 0.29567, 0.30012, 0.30457, 0.30902, 0.31347, 0.31792, 0.32237, 0.32682, 0.33127, 0.33572, 0.34017, 0.34462, 0.34907, 0.35352, 0.358, 0.36247, 0.36692, 0.37137, 0.37582, 0.38027, 0.38472, 0.38917, 0.39362, 0.39807]"
google/gemma-3-4b-it,XRPUSDT,1,0.4575,23.54,2,1,"[1.8799, 2.0069, 2.0182, 2.0909, 2.3478, 2.3042, 2.1657, 2.1232, 2.0958, 2.0907, 2.0745, 2.054, 2.1655, 2.1394, 2.0789, 2.0678, 2.0631, 1.9914, 1.986, 1.89, 1.9476, 1.9236, 1.9196, 1.9143, 1.8356, 1.9041, 1.9158, 1.9111, 1.8076, 1.7352]","[1.9576, 2.0358, 2.1063, 2.1687, 2.2246, 2.2753, 2.3178, 2.3534, 2.3813, 2.4017, 2.4213, 2.4402, 2.4588, 2.4771, 2.4948, 2.512, 2.5292, 2.5461, 2.5628, 2.5791, 2.5952, 2.6108, 2.626, 2.641, 2.6557, 2.6701, 2.6842, 2.7, 2.7146, 2.729]"
google/gemma-3-4b-it,XRPUSDT,1,0.8786,62.35,2,1,"[1.6472, 1.5908, 1.6198, 1.5791, 1.512, 1.2146, 1.4698, 1.4231, 1.4308, 1.437, 1.3999, 1.3697, 1.3635, 1.4071, 1.5094, 1.4753, 1.4876, 1.4743, 1.4219, 1.4068, 1.4292, 1.4304, 1.3932, 1.3518, 1.3482, 1.4339, 1.4027, 1.3562, 1.3762, 1.3524]","[1.8469, 1.8783, 1.9107, 1.9431, 1.9755, 2.0079, 2.0403, 2.0727, 2.1051, 2.1375, 2.1699, 2.2023, 2.2347, 2.2671, 2.2995, 2.3319, 2.3643, 2.3967, 2.4291, 2.4615, 2.4939, 2.5263, 2.5587, 2.5911, 2.6235, 2.6559, 2.6883, 2.7207, 2.7531, 2.7855]"
google/gemma-3-4b-it,XRPUSDT,1,0.1035,7.55,2,1,"[1.39, 1.3607, 1.4309, 1.4037, 1.3633, 1.3567, 1.34, 1.3631, 1.3863, 1.3847, 1.3846, 1.3989, 1.4063, 1.4487, 1.543, 1.5182, 1.4647, 1.4475, 1.4452, 1.4086, 1.3848, 1.4323, 1.416, 1.4145, 1.3609, 1.3257, 1.3333, 1.3278, 1.3242, 1.3411]","[1.36897, 1.37753, 1.38608, 1.39461, 1.40313, 1.41163, 1.42011, 1.42858, 1.43696, 1.44532, 1.45366, 1.46198, 1.47028, 1.47856, 1.48681, 1.49504, 1.50325, 1.51143, 1.51959, 1.52774, 1.53587, 1.54398, 1.55207, 1.56013, 1.56816, 1.57617, 1.58416, 1.59212, 1.60007, 1.60799]"
google/gemma-3-4b-it,ADAUSDT,14,0.0376,9.66,2,1,"[0.3565, 0.3949, 0.3893, 0.4007, 0.4211, 0.4194, 0.4022, 0.3956, 0.3914, 0.3886, 0.391, 0.3862, 0.4218, 0.4143, 0.3936, 0.3955, 0.3973, 0.3758, 0.3703, 0.3507, 0.3659, 0.3594, 0.3602, 0.3583, 0.3391, 0.3521, 0.3608, 0.3583, 0.3347, 0.3208]","[0.3642, 0.3628, 0.3589, 0.3575, 0.3552, 0.3539, 0.3526, 0.3513, 0.35, 0.3487, 0.3474, 0.3461, 0.3448, 0.3435, 0.3422, 0.3409, 0.3396, 0.3383, 0.337, 0.3357, 0.3344, 0.3331, 0.3318, 0.3305, 0.3292, 0.3279, 0.3266, 0.3253, 0.324, 0.3227]"
google/gemma-3-4b-it,ADAUSDT,14,0.038,13.8,2,1,"[0.2936, 0.2858, 0.2991, 0.2917, 0.2864, 0.2455, 0.2762, 0.2721, 0.2701, 0.2699, 0.262, 0.2559, 0.2643, 0.2728, 0.295, 0.2818, 0.2858, 0.2811, 0.2735, 0.2729, 0.2849, 0.28, 0.2717, 0.2623, 0.2587, 0.2971, 0.287, 0.2776, 0.281, 0.2735]","[0.3628, 0.3579, 0.353, 0.3481, 0.3432, 0.3383, 0.3334, 0.3285, 0.3236, 0.3187, 0.3138, 0.309, 0.3041, 0.2993, 0.2944, 0.2896, 0.2847, 0.2799, 0.275, 0.2702, 0.2653, 0.2605, 0.2556, 0.2508, 0.246, 0.2412, 0.2364, 0.2316, 0.2268, 0.222]"
google/gemma-3-4b-it,ADAUSDT,14,0.0172,6.65,2,1,"[0.2771, 0.2625, 0.2763, 0.2692, 0.259, 0.2544, 0.2493, 0.2552, 0.2621, 0.2626, 0.2636, 0.2656, 0.2634, 0.2702, 0.2904, 0.2891, 0.2742, 0.2675, 0.2661, 0.2574, 0.2506, 0.2616, 0.2664, 0.2705, 0.2547, 0.2461, 0.246, 0.2398, 0.2434, 0.2418]","[0.2873, 0.2827, 0.2761, 0.2745, 0.2862, 0.2794, 0.2698, 0.2635, 0.2599, 0.2955, 0.2852, 0.2758, 0.2801, 0.2726, 0.2651, 0.2593, 0.2837, 0.2781, 0.2705, 0.2648, 0.2589, 0.2912, 0.2824, 0.2731, 0.2774, 0.2697, 0.2634, 0.2586, 0.2903, 0.2818]"
google/gemma-3-4b-it,ALGOUSDT,14,0.0128,9.76,2,1,"[0.1202, 0.1275, 0.1279, 0.1362, 0.1396, 0.1423, 0.1364, 0.1344, 0.1332, 0.1337, 0.1323, 0.129, 0.1385, 0.1365, 0.128, 0.1303, 0.1315, 0.1228, 0.1209, 0.1143, 0.1177, 0.1188, 0.1203, 0.1186, 0.1147, 0.1221, 0.122, 0.1263, 0.1145, 0.1121]","[0.1162, 0.1158, 0.1145, 0.1132, 0.1129, 0.1141, 0.1154, 0.1167, 0.1179, 0.1175, 0.116, 0.1147, 0.1134, 0.1121, 0.1118, 0.113, 0.1143, 0.1156, 0.1169, 0.1165, 0.1152, 0.1139, 0.1126, 0.1113, 0.1109, 0.1122, 0.1135, 0.1148, 0.1161, 0.1174]"
google/gemma-3-4b-it,ALGOUSDT,14,0.0245,26.81,2,1,"[0.104, 0.1005, 0.1049, 0.1064, 0.1031, 0.0884, 0.0989, 0.0977, 0.0969, 0.096, 0.0917, 0.0891, 0.0918, 0.0941, 0.0997, 0.0959, 0.0947, 0.0931, 0.091, 0.0892, 0.0905, 0.0896, 0.0868, 0.0839, 0.0835, 0.091, 0.088, 0.0866, 0.0879, 0.0856]","[0.1198, 0.1175, 0.1162, 0.1159, 0.1171, 0.1184, 0.1197, 0.12, 0.1189, 0.1155, 0.1178, 0.1191, 0.1204, 0.1173, 0.1157, 0.1169, 0.1182, 0.1195, 0.1208, 0.1187, 0.1161, 0.1148, 0.1175, 0.1192, 0.1205, 0.1184, 0.116, 0.1137, 0.117, 0.1188]"
google/gemma-3-4b-it,ALGOUSDT,14,0.004,4.46,1,0,"[0.088, 0.0861, 0.0888, 0.0873, 0.0844, 0.083, 0.0818, 0.0833, 0.0853, 0.0862, 0.089, 0.0939, 0.091, 0.0926, 0.0972, 0.0947, 0.0901, 0.0893, 0.0898, 0.0868, 0.0855, 0.0875, 0.0872, 0.0875, 0.084, 0.0815, 0.0816, 0.0812, 0.0822, 0.0939]","[0.085, 0.0851, 0.0849, 0.085, 0.0848, 0.0849, 0.0847, 0.0848, 0.0846, 0.0847, 0.0845, 0.0846, 0.0844, 0.0845, 0.0843, 0.0844, 0.0842, 0.0843, 0.0841, 0.0842, 0.084, 0.0841, 0.0839, 0.084, 0.0838, 0.0839, 0.0837, 0.0838, 0.0836, 0.0837]"
google/gemma-3-4b-it,ATOMUSDT,14,0.3558,14.54,0,0,"[2.069, 2.168, 2.239, 2.34, 2.369, 2.532, 2.433, 2.461, 2.592, 2.57, 2.574, 2.487, 2.636, 2.582, 2.477, 2.494, 2.567, 2.426, 2.456, 2.295, 2.382, 2.335, 2.368, 2.334, 2.236, 2.222, 2.244, 2.237, 2.128, 2.112]","[1.936, 1.942, 1.948, 1.954, 1.96, 1.966, 1.972, 1.978, 1.984, 1.99, 1.996, 2.002, 2.008, 2.014, 2.02, 2.026, 2.032, 2.038, 2.044, 2.05, 2.056, 2.062, 2.068, 2.074, 2.08, 2.086, 2.092, 2.098, 2.104, 2.11]"
google/gemma-3-4b-it,ATOMUSDT,14,0.1961,9.51,2,1,"[1.971, 1.91, 1.982, 2.036, 1.995, 1.819, 1.987, 1.989, 1.95, 1.96, 1.922, 1.945, 1.968, 2.122, 2.186, 2.137, 2.292, 2.242, 2.346, 2.292, 2.358, 2.314, 2.25, 2.12, 1.992, 1.942, 1.879, 1.849, 1.849, 1.799]","[2.312, 2.288, 2.265, 2.242, 2.221, 2.201, 2.182, 2.164, 2.147, 2.13, 2.115, 2.1, 2.086, 2.072, 2.06, 2.049, 2.038, 2.028, 2.018, 2.009, 1.999, 1.99, 1.981, 1.973, 1.965, 1.957, 1.95, 1.942, 1.935, 1.928]"
google/gemma-3-4b-it,ATOMUSDT,14,0.2741,15.36,2,1,"[1.843, 1.814, 1.879, 1.84, 1.809, 1.785, 1.738, 1.743, 1.788, 1.84, 1.838, 1.862, 1.87, 1.861, 1.978, 1.961, 1.909, 1.811, 1.834, 1.793, 1.769, 1.786, 1.787, 1.765, 1.699, 1.676, 1.666, 1.646, 1.665, 1.707]","[2.318, 2.278, 2.332, 2.302, 2.364, 2.324, 2.284, 2.144, 2.014, 1.964, 1.894, 1.864, 1.844, 1.794, 1.764, 1.734, 1.704, 1.674, 1.644, 1.614, 1.584, 1.554, 1.524, 1.494, 1.464, 1.434, 1.404, 1.374, 1.344, 1.314]"
google/gemma-3-4b-it,AVAXUSDT,14,1.4023,11.08,0,0,"[13.59, 13.82, 13.99, 14.25, 14.45, 14.59, 14.11, 13.89, 13.79, 13.74, 13.7, 13.53, 14.75, 14.6, 13.82, 13.59, 13.75, 12.98, 12.74, 12.09, 12.42, 12.2, 12.13, 12.05, 11.49, 11.72, 12.14, 12.07, 11.04, 10.87]","[12.44, 12.5, 12.57, 12.63, 12.69, 12.75, 12.81, 12.87, 12.93, 13.0, 13.06, 13.12, 13.18, 13.24, 13.3, 13.36, 13.42, 13.48, 13.54, 13.6, 13.66, 13.72, 13.78, 13.84, 13.9, 13.96, 14.02, 14.08, 14.14, 14.2]"
google/gemma-3-4b-it,AVAXUSDT,14,1.158,12.78,0,0,"[10.12, 9.91, 10.14, 9.93, 9.72, 8.32, 9.28, 9.23, 9.08, 9.06, 8.76, 8.63, 8.9, 9.14, 9.59, 9.29, 9.26, 9.14, 8.86, 8.91, 9.17, 9.12, 8.87, 8.36, 8.29, 9.51, 9.31, 8.95, 9.16, 9.04]","[10.515923, 10.354386, 10.19285, 10.031313, 9.87, 9.709474, 9.549047, 9.38862, 9.228193, 9.067766, 8.907339, 8.747012, 8.586585, 8.426158, 8.265731, 8.105304, 8.044877, 7.88445, 7.724023, 7.563596, 7.403169, 7.242742, 7.082315, 6.921888, 6.761461, 6.601034, 6.440607, 6.28018, 6.119753, 6.059326]"
google/gemma-3-4b-it,AVAXUSDT,14,0.4366,4.62,0,0,"[9.17, 9.18, 9.5, 9.39, 9.01, 8.91, 8.82, 9.26, 9.53, 9.55, 9.67, 9.72, 9.73, 9.95, 10.49, 10.2, 9.69, 9.48, 9.56, 9.21, 9.03, 9.56, 9.62, 9.68, 9.11, 8.79, 8.75, 8.6, 8.81, 8.91]","[9.023077, 9.006054, 8.990031, 9.003008, 9.020085, 9.037062, 9.054039, 9.071016, 9.088003, 9.105, 9.122, 9.139, 9.156, 9.173, 9.19, 9.207, 9.224, 9.241, 9.258, 9.275, 9.292, 9.309, 9.326, 9.343, 9.36, 9.377, 9.394, 9.411, 9.428, 9.445]"
google/gemma-3-4b-it,BCHUSDT,14,43.7167,7.21,2,1,"[593.2, 609.8, 654.5, 639.1, 645.2, 638.2, 629.2, 632.0, 634.7, 643.9, 649.1, 621.7, 617.0, 597.4, 590.8, 599.5, 594.1, 591.4, 584.0, 573.2, 584.8, 599.2, 595.7, 593.6, 572.2, 578.7, 600.2, 591.1, 554.1, 553.2]","[612.2, 608.7, 605.3, 602.9, 598.5, 595.1, 591.7, 588.3, 585.0, 581.6, 578.2, 574.8, 571.4, 568.0, 564.6, 561.2, 557.8, 554.4, 551.0, 547.6, 544.2, 540.8, 537.4, 534.0, 530.6, 527.2, 523.8, 520.4, 517.0, 513.6]"
google/gemma-3-4b-it,BCHUSDT,14,216.4519,42.2,1,0,"[507.5, 516.2, 539.7, 527.1, 532.5, 453.9, 523.2, 525.1, 527.0, 533.0, 524.3, 516.2, 503.0, 563.9, 562.9, 553.5, 569.2, 563.4, 558.0, 560.4, 562.4, 564.1, 570.7, 495.8, 484.8, 492.9, 478.4, 461.5, 457.6, 441.7]","[5878.0, 535.3878, 532.1878, 528.9878, 525.7878, 522.5878, 519.3878, 516.1878, 512.9878, 509.7878, 506.5878, 503.3878, 500.1878, 496.9878, 493.7878, 490.5878, 487.3878, 484.1878, 480.9878, 477.7878, 474.5878, 471.3878, 468.1878, 464.9878, 461.7878, 458.5878, 455.3878, 452.1878, 448.9878, 445.7878]"
google/gemma-3-4b-it,BCHUSDT,14,56.37,12.37,2,1,"[445.3, 443.9, 466.9, 461.6, 449.7, 450.2, 443.1, 444.6, 447.1, 455.1, 455.2, 461.0, 467.6, 469.7, 478.8, 470.7, 456.9, 455.6, 474.6, 462.6, 467.4, 478.0, 477.4, 473.6, 461.9, 472.9, 481.2, 452.7, 460.3, 466.5]","[573.1, 577.3, 571.5, 565.7, 560.9, 556.1, 550.3, 544.5, 538.7, 532.9, 527.1, 521.3, 515.5, 509.7, 503.9, 498.1, 492.3, 486.5, 480.7, 474.9, 469.1, 463.3, 457.5, 451.7, 445.9, 439.1, 433.3, 427.5, 421.7, 415.9]"
google/gemma-3-4b-it,BNBUSDT,14,35.5673,3.88,2,1,"[864.39, 881.25, 878.63, 895.43, 910.31, 917.64, 900.3, 892.26, 896.86, 907.93, 904.32, 905.78, 943.73, 948.47, 931.2, 938.16, 947.12, 932.51, 923.6, 884.2, 883.36, 888.06, 891.63, 887.17, 866.02, 879.41, 898.36, 902.91, 868.69, 858.81]","[867.12, 870.38, 868.87, 872.55, 870.14, 865.73, 863.22, 860.71, 862.2, 865.69, 870.18, 872.67, 870.16, 867.65, 865.14, 862.63, 860.12, 861.61, 864.1, 866.59, 869.08, 870.57, 868.06, 865.55, 863.04, 860.53, 862.02, 864.51, 866.0, 867.49]"
google/gemma-3-4b-it,BNBUSDT,14,72.9707,11.38,0,0,"[781.38, 758.54, 773.94, 754.78, 697.27, 608.3, 657.21, 647.0, 639.93, 636.39, 619.85, 608.11, 614.29, 618.94, 632.77, 615.16, 627.19, 617.74, 604.8, 607.83, 625.91, 625.61, 614.8, 596.41, 583.6, 629.42, 625.74, 614.03, 617.14, 617.96]","[848.35, 837.81, 827.37, 817.03, 806.7, 796.37, 786.04, 775.71, 765.38, 755.05, 744.72, 734.4, 724.08, 713.75, 703.42, 693.1, 682.78, 672.46, 662.13, 651.8, 641.48, 631.15, 620.82, 610.5, 600.18, 590.0, 580.0, 570.0, 560.0, 550.0]"
google/gemma-3-4b-it,BNBUSDT,14,25.5967,3.95,2,1,"[637.79, 633.56, 657.99, 647.85, 627.31, 620.26, 611.98, 634.64, 642.0, 651.46, 651.72, 655.73, 657.7, 673.77, 679.71, 668.61, 652.27, 639.15, 642.11, 630.7, 626.41, 639.11, 638.3, 647.66, 628.86, 613.95, 611.08, 606.09, 609.29, 617.43]","[622.38, 615.87, 603.92, 606.95, 624.93, 624.62, 613.81, 595.4, 582.59, 630.1, 626.31, 614.62, 616.73, 617.54, 617.25, 620.36, 623.67, 622.98, 612.27, 604.56, 607.67, 625.98, 625.67, 615.06, 617.37, 617.08, 620.19, 623.5, 622.81, 613.12]"
google/gemma-3-4b-it,BTCUSDT,14,3306.216,3.58,2,1,"[88839.04, 89995.13, 90628.01, 91529.73, 93859.71, 93747.97, 91364.16, 91099.99, 90641.28, 90504.7, 91013.65, 91296.2, 95414.0, 96951.78, 95604.8, 95550.94, 95147.77, 93673.14, 92631.0, 88427.66, 89454.73, 89559.67, 89600.26, 89225.34, 86670.36, 88347.08, 89250.0, 89299.99, 84650.16, 84260.49]","[89123.65, 88890.23, 88578.91, 88265.59, 88543.17, 88020.75, 87798.33, 87575.91, 87853.49, 88130.07, 88307.65, 88085.23, 88612.81, 88290.39, 88068.0, 88535.58, 88213.16, 87990.74, 88268.32, 88545.9, 88823.48, 88501.06, 88178.64, 88456.22, 88733.8, 88411.38, 88689.0, 88366.58, 88644.16, 88921.74]"
google/gemma-3-4b-it,BTCUSDT,14,18295.1153,26.64,2,1,"[78741.09, 76968.21, 78738.61, 75770.21, 73165.83, 62909.86, 70580.26, 69289.38, 70330.38, 70138.0, 68841.29, 67082.52, 66272.17, 68853.96, 69822.95, 68832.58, 68892.43, 67503.52, 66461.0, 67003.73, 68020.01, 67975.93, 67643.4, 64656.02, 64058.15, 67988.04, 67485.18, 65872.1, 66973.26, 65776.47]","[94500.0, 93000.0, 91500.0, 89000.0, 90000.0, 91000.0, 92000.0, 93000.0, 91000.0, 89500.0, 90500.0, 91500.0, 92500.0, 93500.0, 92500.0, 91000.0, 89500.0, 88000.0, 87000.0, 86000.0, 85000.0, 84000.0, 83000.0, 82000.0, 81000.0, 80000.0, 79000.0, 78000.0, 77000.0, 76000.0]"
google/gemma-3-4b-it,BTCUSDT,14,3181.0333,4.48,2,1,"[68830.06, 68338.0, 72666.77, 70890.72, 68114.02, 67262.91, 65971.2, 68432.16, 69948.63, 70191.86, 70541.34, 70930.0, 71211.95, 72815.24, 74884.67, 73909.36, 71246.54, 69930.0, 70510.73, 68918.12, 67859.0, 70906.45, 70556.74, 71336.53, 68820.31, 66407.28, 66377.03, 66010.93, 66797.37, 68284.48]","[68456.23, 67892.11, 67234.87, 66678.54, 67112.32, 66856.98, 66501.75, 64845.42, 64500.19, 67654.87, 67201.54, 66548.21, 66004.88, 66461.55, 67008.22, 66764.99, 66421.66, 64768.33, 64425.0, 67772.67, 67329.34, 66676.01, 66232.68, 66599.35, 67146.02, 66802.79, 66460.46, 64797.13, 64453.8, 67880.47]"
google/gemma-3-4b-it,DOGEUSDT,14,0.0154,11.05,2,1,"[0.12683, 0.14188, 0.14315, 0.14953, 0.15171, 0.15055, 0.14642, 0.14194, 0.14071, 0.13965, 0.13801, 0.13662, 0.14828, 0.14718, 0.14004, 0.13813, 0.13788, 0.13164, 0.12916, 0.12336, 0.12654, 0.12437, 0.12477, 0.12423, 0.11945, 0.12236, 0.12619, 0.125, 0.11728, 0.11581]","[0.12478, 0.12412, 0.12355, 0.12299, 0.12332, 0.12201, 0.12158, 0.12115, 0.12073, 0.12031, 0.12, 0.11968, 0.11937, 0.11906, 0.11875, 0.11844, 0.11813, 0.11782, 0.11751, 0.1172, 0.11689, 0.11658, 0.11627, 0.116, 0.11579, 0.1155, 0.11521, 0.11492, 0.11463, 0.11434]"
google/gemma-3-4b-it,DOGEUSDT,14,0.0149,15.5,0,0,"[0.10426, 0.10426, 0.10792, 0.10602, 0.10383, 0.08849, 0.09848, 0.09823, 0.09663, 0.09611, 0.09277, 0.09112, 0.093, 0.09667, 0.11104, 0.10269, 0.10102, 0.10066, 0.09855, 0.09837, 0.10011, 0.09841, 0.09558, 0.09266, 0.09137, 0.10095, 0.09701, 0.09337, 0.09405, 0.0919]","[0.11537, 0.115201, 0.115032, 0.114863, 0.114704, 0.114545, 0.114386, 0.114227, 0.114068, 0.113909, 0.11375, 0.113591, 0.113432, 0.113273, 0.113114, 0.113, 0.11285, 0.1127, 0.11255, 0.1124, 0.11225, 0.1121, 0.112, 0.11185, 0.1117, 0.11155, 0.1114, 0.11125, 0.1111, 0.111]"
google/gemma-3-4b-it,DOGEUSDT,14,0.0039,4.17,2,1,"[0.09356, 0.08997, 0.09893, 0.09356, 0.09129, 0.08993, 0.08915, 0.09049, 0.09452, 0.09288, 0.09475, 0.09596, 0.09604, 0.09738, 0.10304, 0.10015, 0.09526, 0.09354, 0.09416, 0.09135, 0.09015, 0.09415, 0.0951, 0.09618, 0.09205, 0.09011, 0.091, 0.09045, 0.09083, 0.09232]","[0.10038, 0.09989, 0.09883, 0.09855, 0.10022, 0.09848, 0.09565, 0.09283, 0.09157, 0.10063, 0.09719, 0.09353, 0.09421, 0.09205, 0.09023, 0.08941, 0.09187, 0.09313, 0.09447, 0.09233, 0.09051, 0.08977, 0.09193, 0.09327, 0.09461, 0.09247, 0.09065, 0.08989, 0.09175, 0.09311]"
google/gemma-3-4b-it,DOTUSDT,14,0.2486,11.85,2,1,"[1.999, 2.166, 2.125, 2.142, 2.208, 2.235, 2.145, 2.111, 2.083, 2.093, 2.07, 2.055, 2.282, 2.226, 2.117, 2.119, 2.179, 2.065, 2.028, 1.897, 1.955, 1.927, 1.926, 1.93, 1.823, 1.875, 1.876, 1.87, 1.736, 1.69]","[1.778, 1.795, 1.812, 1.829, 1.818, 1.799, 1.775, 1.751, 1.778, 1.805, 1.832, 1.821, 1.808, 1.792, 1.77, 1.755, 1.772, 1.8, 1.827, 1.815, 1.798, 1.782, 1.765, 1.75, 1.768, 1.795, 1.822, 1.81, 1.797, 1.783]"
google/gemma-3-4b-it,DOTUSDT,14,0.2231,16.46,0,0,"[1.547, 1.495, 1.543, 1.5, 1.461, 1.248, 1.368, 1.372, 1.337, 1.32, 1.283, 1.256, 1.283, 1.33, 1.421, 1.357, 1.376, 1.347, 1.311, 1.287, 1.341, 1.36, 1.313, 1.265, 1.238, 1.663, 1.609, 1.599, 1.662, 1.534]","[1.686, 1.68, 1.673, 1.666, 1.659, 1.652, 1.645, 1.638, 1.631, 1.624, 1.617, 1.61, 1.603, 1.596, 1.589, 1.582, 1.575, 1.568, 1.561, 1.554, 1.547, 1.54, 1.533, 1.526, 1.519, 1.512, 1.505, 1.498, 1.491, 1.484]"
google/gemma-3-4b-it,DOTUSDT,14,0.2184,15.73,2,1,"[1.509, 1.533, 1.541, 1.53, 1.488, 1.448, 1.452, 1.494, 1.486, 1.522, 1.518, 1.464, 1.414, 1.441, 1.64, 1.62, 1.577, 1.521, 1.499, 1.468, 1.413, 1.421, 1.401, 1.363, 1.321, 1.292, 1.259, 1.261, 1.243, 1.253]","[1.392, 1.378, 1.355, 1.332, 1.358, 1.375, 1.338, 1.315, 1.292, 1.687, 1.633, 1.618, 1.685, 1.551, 1.518, 1.505, 1.692, 1.648, 1.631, 1.699, 1.655, 1.642, 1.707, 1.664, 1.651, 1.715, 1.672, 1.66, 1.726, 1.683]"
google/gemma-3-4b-it,ETCUSDT,14,0.6903,5.59,2,1,"[12.06, 12.52, 12.56, 12.82, 13.31, 13.37, 12.88, 12.61, 12.61, 12.54, 12.37, 12.26, 13.29, 13.2, 12.65, 12.76, 12.85, 12.24, 12.03, 11.54, 11.66, 11.58, 11.67, 11.59, 11.14, 11.39, 11.58, 11.55, 10.81, 10.6]","[11.85, 11.98, 12.12, 12.05, 11.82, 11.75, 11.68, 11.55, 11.62, 11.78, 11.85, 11.92, 12.05, 12.18, 12.09, 11.95, 11.88, 11.71, 11.64, 11.57, 11.6, 11.73, 11.86, 11.99, 12.12, 12.05, 11.98, 11.85, 11.78, 11.71]"
google/gemma-3-4b-it,ETCUSDT,14,1.2409,14.27,0,0,"[9.76, 9.5, 9.81, 9.57, 9.34, 8.06, 8.84, 8.78, 8.57, 8.59, 8.33, 8.14, 8.25, 8.53, 9.0, 8.74, 8.84, 8.68, 8.44, 8.27, 8.76, 9.05, 8.52, 8.36, 8.3, 9.15, 8.86, 8.65, 8.68, 8.47]","[10.427, 10.254, 10.081, 9.908, 9.735, 9.562, 9.389, 9.216, 9.043, 8.87, 8.7, 8.597, 8.424, 8.251, 8.078, 7.905, 7.732, 7.559, 7.386, 7.213, 7.04, 6.867, 6.694, 6.521, 6.348, 6.175, 6.002, 5.829, 5.656, 5.483]"
google/gemma-3-4b-it,ETCUSDT,14,0.5203,6.33,2,1,"[8.72, 8.49, 8.85, 8.65, 8.25, 8.12, 7.99, 8.16, 8.23, 8.28, 8.27, 8.49, 8.26, 8.48, 9.03, 8.86, 8.51, 8.34, 8.41, 8.18, 8.03, 8.59, 8.67, 8.68, 8.21, 8.09, 8.04, 7.95, 8.07, 8.19]","[8.92, 9.01, 8.88, 8.75, 9.03, 8.95, 8.82, 8.71, 8.68, 9.12, 8.94, 8.83, 8.72, 8.61, 9.07, 8.96, 8.85, 8.74, 9.1, 8.93, 8.82, 8.71, 8.6, 9.18, 8.97, 8.86, 8.75, 9.2, 8.98, 8.87]"
google/gemma-3-4b-it,ETHUSDT,14,275.5995,8.94,0,0,"[3004.19, 3125.45, 3127.11, 3144.7, 3224.99, 3296.84, 3168.72, 3106.65, 3088.4, 3086.72, 3123.45, 3095.75, 3325.82, 3354.92, 3318.69, 3296.28, 3310.56, 3284.03, 3189.55, 2939.88, 2982.27, 2952.69, 2956.41, 2953.22, 2816.89, 2930.35, 3026.77, 3010.78, 2822.59, 2707.38]","[6450.0, 2983.65, 2984.655, 2985.66, 2986.665, 2987.67, 2988.675, 2989.68, 2990.685, 2991.69, 2992.695, 2993.6, 2994.6, 2995.6, 2996.6, 2997.6, 2998.6, 2999.6, 3000.6, 3001.6, 3002.6, 3003.6, 3004.6, 3005.6, 3006.6, 3007.6, 3008.6, 3009.6, 3010.6, 3011.6]"
google/gemma-3-4b-it,ETHUSDT,14,917.7683,46.04,0,0,"[2451.95, 2270.15, 2347.02, 2233.72, 2148.26, 1826.83, 2063.38, 2087.08, 2089.74, 2105.02, 2022.67, 1941.18, 1947.85, 2048.72, 2086.59, 1966.58, 1998.33, 1991.66, 1955.91, 1949.08, 1968.88, 1973.35, 1957.82, 1856.3, 1851.94, 2057.48, 2027.68, 1929.84, 1964.51, 1939.71]","[2698.37, 2714.96, 2732.56, 2750.16, 2767.76, 2785.37, 2802.98, 2820.6, 2838.22, 2855.85, 2873.48, 2891.11, 2908.75, 2926.39, 2944.04, 2961.7, 2979.37, 2997.04, 3014.71, 3032.38, 3050.06, 3067.74, 3085.42, 3103.11, 3120.8, 3138.49, 3156.18, 3173.87, 3191.56, 3209.25]"
google/gemma-3-4b-it,ETHUSDT,14,283.7381,13.78,0,0,"[2027.35, 1982.8, 2127.28, 2072.86, 1978.68, 1969.59, 1937.1, 1992.98, 2036.51, 2051.97, 2073.52, 2092.22, 2096.16, 2178.3, 2352.97, 2317.39, 2203.39, 2137.81, 2146.22, 2084.87, 2053.89, 2152.03, 2156.23, 2169.02, 2060.43, 1992.75, 1994.74, 1984.64, 2026.48, 2105.43]","[7588.0, 1903.5857, 1912.633, 1921.8573, 1931.2746, 1940.8739, 1950.6472, 1960.5435, 1970.5338, 1980.6472, 1990.8573, 2001.1573, 2011.5573, 2022.0573, 2032.6573, 2043.3573, 2054.1573, 2064.0573, 2073.0573, 2082.1573, 2091.3573, 2100.6573, 2109.9573, 2119.3573, 2128.8573, 2138.4573, 2148.1573, 2157.9573, 2167.8573, 2177.8573]"
google/gemma-3-4b-it,FILUSDT,14,0.1413,9.55,0,0,"[1.483, 1.504, 1.494, 1.494, 1.569, 1.593, 1.519, 1.497, 1.488, 1.482, 1.457, 1.461, 1.576, 1.592, 1.504, 1.52, 1.551, 1.45, 1.384, 1.312, 1.348, 1.319, 1.313, 1.315, 1.251, 1.269, 1.272, 1.28, 1.194, 1.176]","[1.306462, 1.314923, 1.307385, 1.310846, 1.304208, 1.30667, 1.301032, 1.303493, 1.308955, 1.312416, 1.306778, 1.30924, 1.3127, 1.307062, 1.310523, 1.305885, 1.308346, 1.311808, 1.307069, 1.310531, 1.305892, 1.308355, 1.311817, 1.306979, 1.30944, 1.312902, 1.308064, 1.310525, 1.305787, 1.308248]"
google/gemma-3-4b-it,FILUSDT,14,0.0997,10.55,0,0,"[1.052, 1.035, 1.083, 1.068, 1.05, 0.883, 0.977, 0.976, 0.934, 0.938, 0.902, 0.879, 0.914, 0.958, 1.015, 0.963, 0.978, 0.96, 0.927, 0.915, 0.958, 0.97, 0.93, 0.891, 0.88, 1.062, 1.026, 0.994, 1.005, 0.964]","[1.148, 1.142, 1.136, 1.13, 1.124, 1.118, 1.112, 1.106, 1.099, 1.093, 1.087, 1.081, 1.075, 1.069, 1.063, 1.057, 1.051, 1.045, 1.039, 1.033, 1.027, 1.021, 1.015, 1.009, 1.003, 0.997, 0.991, 0.985, 0.979, 0.973]"
google/gemma-3-4b-it,FILUSDT,14,0.0976,11.2,2,1,"[0.987, 1.0, 1.025, 1.011, 0.978, 0.952, 0.934, 0.939, 0.866, 0.878, 0.877, 0.869, 0.883, 0.895, 0.99, 0.969, 0.925, 0.895, 0.902, 0.882, 0.848, 0.923, 0.923, 0.928, 0.869, 0.839, 0.801, 0.802, 0.816, 0.832]","[0.993, 1.015, 0.988, 0.975, 1.032, 0.999, 0.985, 0.97, 1.045, 0.995, 1.008, 0.972, 0.989, 1.055, 0.998, 1.012, 0.987, 0.968, 1.038, 1.007, 0.978, 0.991, 1.023, 0.986, 0.971, 1.041, 1.01, 0.983, 0.996, 1.009]"
google/gemma-3-4b-it,LINKUSDT,14,0.9901,7.8,1,0,"[12.6, 13.27, 13.23, 13.43, 13.9, 14.04, 13.44, 13.21, 13.14, 13.13, 13.21, 13.08, 14.06, 14.11, 13.8, 13.73, 13.75, 13.32, 12.88, 12.12, 12.4, 12.27, 12.22, 12.2, 11.52, 11.95, 12.03, 11.84, 11.13, 10.79]","[12.25256, 12.2736, 12.30464, 12.33568, 12.36672, 12.39776, 12.4288, 12.46, 12.491, 12.522, 12.553, 12.584, 12.615, 12.646, 12.677, 12.708, 12.739, 12.77, 12.801, 12.832, 12.863, 12.894, 12.925, 12.956, 13.0, 13.02, 13.04, 13.06, 13.08, 13.1]"
google/gemma-3-4b-it,LINKUSDT,14,0.9434,10.73,0,0,"[9.99, 9.41, 9.81, 9.49, 9.25, 7.92, 8.88, 8.91, 8.83, 8.83, 8.57, 8.33, 8.41, 8.77, 9.09, 8.79, 8.94, 8.82, 8.6, 8.58, 8.95, 8.87, 8.69, 8.26, 8.19, 9.27, 9.09, 8.71, 8.85, 8.67]","[10.3846, 10.227, 10.07, 9.913, 9.756, 9.6, 9.444, 9.288, 9.132, 9.0, 8.868, 8.736, 8.604, 8.472, 8.34, 8.208, 8.086, 7.964, 7.842, 7.72, 7.6, 7.48, 7.36, 7.24, 7.12, 7.0, 6.88, 6.76, 6.64, 6.52]"
google/gemma-3-4b-it,LINKUSDT,14,0.4003,4.33,2,1,"[8.96, 8.8, 9.35, 9.21, 8.8, 8.7, 8.52, 8.87, 8.99, 8.99, 9.05, 9.08, 9.17, 9.5, 9.92, 9.79, 9.22, 9.04, 9.12, 8.82, 8.68, 9.11, 9.25, 9.37, 8.91, 8.57, 8.44, 8.42, 8.62, 8.78]","[8.94, 8.82, 8.6, 8.58, 8.95, 8.87, 8.69, 8.26, 8.19, 9.27, 9.09, 8.71, 8.85, 8.67, 8.75, 8.62, 8.5, 8.48, 8.92, 8.8, 8.65, 8.55, 8.6, 8.52, 8.68, 8.55, 8.63, 8.5, 8.47, 8.53]"
google/gemma-3-4b-it,LTCUSDT,14,8.1424,11.49,1,0,"[79.97, 81.93, 82.08, 82.26, 83.46, 83.96, 81.71, 81.31, 81.49, 81.19, 78.79, 76.12, 78.18, 76.67, 72.21, 75.22, 74.92, 72.29, 70.8, 67.12, 68.48, 68.19, 68.07, 68.19, 67.3, 69.72, 70.03, 69.42, 66.24, 65.47]","[77.037, 77.234, 77.442, 77.651, 77.862, 78.075, 78.29, 78.506, 78.724, 78.943, 79.163, 79.385, 79.608, 79.832, 80.06, 80.289, 80.519, 80.751, 81.0, 81.249, 81.499, 81.75, 82.0, 82.25, 82.5, 82.75, 83.0, 83.25, 83.5, 83.75]"
google/gemma-3-4b-it,LTCUSDT,14,3.4487,6.28,0,0,"[59.53, 58.49, 60.02, 59.48, 58.89, 50.79, 55.02, 55.19, 54.53, 54.45, 53.38, 52.32, 53.15, 55.03, 55.99, 55.08, 55.13, 53.96, 53.32, 52.7, 55.19, 54.9, 53.48, 51.35, 51.15, 56.76, 55.62, 54.56, 54.4, 53.24]","[64.73, 64.0, 63.28, 62.63, 62.0, 61.38, 60.77, 60.17, 59.58, 58.99, 58.4, 57.81, 57.23, 56.65, 56.08, 55.51, 55.0, 54.49, 54.0, 53.5, 53.0, 52.5, 52.0, 51.5, 51.0, 50.5, 50.0, 49.5, 49.0, 48.5]"
google/gemma-3-4b-it,LTCUSDT,14,3.978,7.18,1,0,"[54.61, 54.76, 56.77, 55.46, 53.81, 53.58, 52.59, 53.77, 53.87, 54.8, 54.56, 55.3, 54.98, 56.27, 58.7, 58.09, 56.08, 55.54, 56.17, 54.81, 53.51, 55.72, 56.38, 56.65, 54.59, 53.72, 53.85, 53.32, 53.34, 53.95]","[52.9592, 52.8138, 52.6784, 52.543, 52.4076, 52.2722, 52.1368, 52.0014, 51.866, 51.7306, 51.5952, 51.46, 51.3248, 51.19, 51.055, 50.92, 50.785, 50.65, 50.515, 50.38, 50.245, 50.11, 50.0, 49.885, 49.76, 49.635, 49.51, 49.385, 49.26, 49.135]"
google/gemma-3-4b-it,NEARUSDT,14,0.1395,8.34,2,1,"[1.627, 1.692, 1.711, 1.728, 1.774, 1.808, 1.722, 1.686, 1.703, 1.689, 1.702, 1.675, 1.859, 1.799, 1.722, 1.731, 1.751, 1.629, 1.597, 1.506, 1.529, 1.513, 1.509, 1.506, 1.436, 1.463, 1.49, 1.489, 1.375, 1.323]","[1.535, 1.521, 1.507, 1.493, 1.511, 1.588, 1.575, 1.518, 1.532, 1.545, 1.538, 1.527, 1.518, 1.509, 1.515, 1.528, 1.541, 1.535, 1.522, 1.508, 1.514, 1.525, 1.537, 1.54, 1.533, 1.52, 1.506, 1.512, 1.523, 1.53]"
google/gemma-3-4b-it,NEARUSDT,14,0.255,24.34,2,1,"[1.206, 1.173, 1.2, 1.176, 1.16, 0.976, 1.087, 1.075, 1.038, 1.03, 0.993, 0.962, 0.964, 1.024, 1.086, 1.056, 1.058, 1.044, 1.017, 1.007, 1.054, 1.059, 1.022, 0.981, 0.967, 1.172, 1.127, 1.094, 1.172, 1.15]","[1.448, 1.432, 1.425, 1.418, 1.409, 1.401, 1.394, 1.386, 1.378, 1.37, 1.362, 1.354, 1.346, 1.338, 1.33, 1.322, 1.314, 1.306, 1.298, 1.29, 1.282, 1.274, 1.266, 1.258, 1.25, 1.242, 1.234, 1.226, 1.218, 1.21]"
google/gemma-3-4b-it,NEARUSDT,14,0.1002,7.76,0,0,"[1.36, 1.358, 1.311, 1.271, 1.227, 1.214, 1.212, 1.235, 1.284, 1.299, 1.368, 1.336, 1.325, 1.35, 1.49, 1.452, 1.386, 1.335, 1.316, 1.281, 1.274, 1.311, 1.292, 1.28, 1.224, 1.18, 1.173, 1.164, 1.162, 1.189]","[1.157077, 1.164077, 1.171077, 1.178077, 1.185077, 1.192077, 1.199077, 1.206077, 1.213077, 1.220077, 1.227077, 1.234077, 1.241077, 1.248077, 1.255077, 1.262077, 1.269077, 1.276077, 1.283077, 1.290077, 1.297077, 1.304077, 1.311077, 1.318077, 1.325077, 1.332077, 1.339077, 1.346077, 1.353077, 1.360077]"
google/gemma-3-4b-it,SOLUSDT,14,9.8487,7.17,2,1,"[126.9, 132.29, 133.37, 134.12, 137.9, 141.08, 136.39, 138.37, 135.97, 135.84, 139.7, 139.22, 145.51, 146.69, 142.4, 144.89, 143.72, 137.87, 133.44, 125.8, 129.54, 128.47, 127.43, 127.21, 118.85, 124.24, 127.19, 125.35, 117.82, 117.59]","[123.5, 124.1, 123.8, 124.5, 124.2, 123.9, 124.7, 125.1, 124.9, 124.6, 124.3, 125.0, 124.8, 125.3, 124.5, 125.1, 124.7, 125.4, 124.9, 125.2, 124.6, 125.0, 124.8, 125.3, 124.7, 125.1, 124.9, 125.2, 124.8, 125.0]"
google/gemma-3-4b-it,SOLUSDT,14,11.757,13.74,0,0,"[105.58, 100.79, 104.55, 97.89, 92.12, 78.35, 87.46, 87.59, 86.99, 86.77, 82.99, 79.3, 78.4, 84.33, 88.06, 86.16, 86.45, 85.08, 81.61, 82.5, 84.67, 85.17, 82.79, 77.9, 78.99, 88.06, 85.91, 81.85, 84.35, 83.6]","[115.63, 113.68, 111.73, 109.78, 107.83, 105.88, 103.93, 102.0, 100.07, 98.12, 96.17, 94.22, 92.27, 90.32, 88.37, 86.42, 84.47, 82.52, 80.57, 78.62, 76.67, 74.72, 72.77, 70.82, 68.87, 66.92, 65.0, 63.07, 61.12, 59.17]"
google/gemma-3-4b-it,SOLUSDT,14,9.9728,11.27,0,0,"[86.64, 86.97, 90.85, 88.77, 84.7, 83.22, 81.59, 84.96, 85.88, 86.58, 86.84, 88.18, 88.03, 92.3, 96.2, 94.62, 90.08, 88.89, 89.84, 87.56, 86.2, 91.43, 90.8, 91.7, 86.53, 83.11, 82.09, 81.44, 82.54, 83.2]","[83.38077, 82.96954, 82.55831, 82.14708, 81.73585, 81.32462, 80.91339, 80.50216, 80.09093, 79.6797, 79.26847, 78.85724, 78.44601, 78.03478, 77.62355, 77.21232, 76.80109, 76.39, 75.97987, 75.56864, 75.15741, 74.74618, 74.33495, 73.92372, 73.51249, 73.10126, 72.69003, 72.2798, 71.86857, 71.45734]"
google/gemma-3-4b-it,TRXUSDT,14,0.0091,2.98,0,0,"[0.2871, 0.289, 0.2956, 0.2939, 0.2922, 0.2942, 0.2981, 0.295, 0.2984, 0.3024, 0.2995, 0.2998, 0.3071, 0.3047, 0.3126, 0.3096, 0.3188, 0.3178, 0.3119, 0.297, 0.2993, 0.3054, 0.2979, 0.2954, 0.2957, 0.2966, 0.2947, 0.2954, 0.295, 0.2942]","[0.2853, 0.2857, 0.2861, 0.2865, 0.2869, 0.2873, 0.2877, 0.2881, 0.2885, 0.2889, 0.2893, 0.2897, 0.2901, 0.2905, 0.2909, 0.2913, 0.2917, 0.2921, 0.2925, 0.2929, 0.2933, 0.2937, 0.2941, 0.2945, 0.2949, 0.2953, 0.2957, 0.2961, 0.2965, 0.2969]"
google/gemma-3-4b-it,TRXUSDT,14,0.0118,4.21,2,1,"[0.2866, 0.2847, 0.2835, 0.2861, 0.2833, 0.2696, 0.2741, 0.2782, 0.2778, 0.2791, 0.2782, 0.2784, 0.28, 0.2823, 0.2826, 0.2805, 0.2846, 0.2821, 0.2788, 0.2849, 0.2854, 0.289, 0.2906, 0.2816, 0.2837, 0.2853, 0.2857, 0.2828, 0.2819, 0.2807]","[0.2962, 0.2958, 0.2953, 0.2948, 0.2951, 0.2945, 0.2949, 0.2943, 0.2946, 0.2941, 0.2944, 0.2939, 0.2942, 0.2937, 0.294, 0.2935, 0.2938, 0.2933, 0.2936, 0.2931, 0.2934, 0.293, 0.2933, 0.2928, 0.2931, 0.2927, 0.2929, 0.2925, 0.2928, 0.2926]"
google/gemma-3-4b-it,TRXUSDT,14,0.0163,5.27,2,1,"[0.2832, 0.2805, 0.2871, 0.2852, 0.2846, 0.2866, 0.2891, 0.2856, 0.2858, 0.2913, 0.2891, 0.2934, 0.2978, 0.2987, 0.2956, 0.3068, 0.3045, 0.3036, 0.3097, 0.3121, 0.3104, 0.3081, 0.3061, 0.3146, 0.3115, 0.3113, 0.3167, 0.322, 0.32, 0.3133]","[0.2832, 0.2825, 0.2818, 0.2831, 0.2845, 0.2858, 0.2865, 0.2852, 0.284, 0.2835, 0.2828, 0.2823, 0.2817, 0.283, 0.2842, 0.2855, 0.2862, 0.2858, 0.2847, 0.2838, 0.2831, 0.2826, 0.282, 0.2815, 0.2828, 0.2841, 0.2854, 0.2867, 0.2863, 0.2856]"
google/gemma-3-4b-it,UNIUSDT,14,1.1782,24.04,0,0,"[5.809, 6.038, 5.917, 5.85, 6.162, 6.07, 5.726, 5.488, 5.467, 5.476, 5.456, 5.367, 5.73, 5.681, 5.35, 5.315, 5.352, 5.095, 5.026, 4.803, 4.94, 4.836, 4.873, 4.855, 4.637, 4.711, 4.8, 4.82, 4.396, 4.276]","[5.64, 5.692308, 5.74461, 5.797, 5.849308, 5.9, 5.95, 6.0, 6.05, 6.1, 6.15, 6.2, 6.25, 6.3, 6.35, 6.4, 6.45, 6.5, 6.55, 6.6, 6.65, 6.7, 6.75, 6.8, 6.85, 6.9, 6.95, 7.0, 7.05, 7.1]"
google/gemma-3-4b-it,UNIUSDT,14,0.7387,20.79,2,1,"[3.96, 3.837, 3.925, 3.86, 3.801, 3.168, 3.552, 3.539, 3.468, 3.493, 3.36, 3.369, 3.247, 3.398, 3.629, 3.471, 3.601, 3.524, 3.403, 3.391, 3.492, 3.609, 3.491, 3.349, 3.337, 4.055, 3.879, 3.742, 3.811, 3.748]","[5.182, 5.038, 4.951, 4.835, 4.788, 4.731, 4.674, 4.617, 4.56, 4.503, 4.446, 4.389, 4.332, 4.275, 4.218, 4.161, 4.104, 4.047, 3.99, 3.933, 3.876, 3.819, 3.762, 3.705, 3.648, 3.591, 3.534, 3.477, 3.42, 3.363]"
google/gemma-3-4b-it,UNIUSDT,14,0.2781,7.76,0,0,"[3.929, 3.912, 3.977, 3.97, 3.848, 3.771, 3.661, 3.861, 3.843, 3.898, 3.918, 4.004, 3.948, 4.069, 4.157, 3.957, 3.681, 3.579, 3.605, 3.486, 3.471, 3.587, 3.609, 3.708, 3.528, 3.388, 3.384, 3.355, 3.48, 3.545]","[3.752, 3.763, 3.774, 3.785, 3.796, 3.807, 3.818, 3.829, 3.84, 3.851, 3.862, 3.873, 3.884, 3.895, 3.906, 3.917, 3.928, 3.939, 3.95, 3.961, 3.972, 3.983, 3.994, 4.005, 4.016, 4.027, 4.038, 4.049, 4.06, 4.071]"
google/gemma-3-4b-it,XLMUSDT,14,0.0115,5.12,2,1,"[0.2087, 0.2191, 0.2222, 0.233, 0.2526, 0.2438, 0.2342, 0.2302, 0.2284, 0.2264, 0.2244, 0.2193, 0.2386, 0.2361, 0.2285, 0.226, 0.2309, 0.2182, 0.2157, 0.207, 0.2124, 0.2115, 0.2122, 0.2115, 0.2033, 0.2074, 0.2085, 0.2105, 0.1987, 0.1919]","[0.223, 0.2187, 0.2178, 0.2162, 0.2195, 0.2211, 0.2198, 0.2145, 0.213, 0.2177, 0.2192, 0.2175, 0.2118, 0.2095, 0.2112, 0.2148, 0.2135, 0.2163, 0.2188, 0.2171, 0.2139, 0.2125, 0.2152, 0.214, 0.2176, 0.2168, 0.2133, 0.2115, 0.2142, 0.2158]"
google/gemma-3-4b-it,XLMUSDT,14,0.0286,17.83,0,0,"[0.181, 0.1751, 0.1787, 0.1758, 0.1714, 0.1471, 0.1642, 0.1619, 0.1615, 0.1596, 0.1585, 0.1547, 0.1563, 0.1646, 0.1744, 0.1702, 0.1698, 0.1657, 0.1613, 0.1591, 0.1627, 0.161, 0.155, 0.1514, 0.1496, 0.1627, 0.1622, 0.1588, 0.159, 0.1541]","[0.1919, 0.19187, 0.19184, 0.19181, 0.19178, 0.19175, 0.19172, 0.19169, 0.19166, 0.19163, 0.1916, 0.19157, 0.19154, 0.19151, 0.19148, 0.19145, 0.19142, 0.19139, 0.19136, 0.19133, 0.1913, 0.19127, 0.19124, 0.19121, 0.19118, 0.19115, 0.19112, 0.19109, 0.19106, 0.19103]"
google/gemma-3-4b-it,XLMUSDT,14,0.0146,8.72,0,0,"[0.1557, 0.1515, 0.1595, 0.1569, 0.1522, 0.1504, 0.1482, 0.1508, 0.1586, 0.1592, 0.16, 0.1641, 0.1665, 0.1693, 0.176, 0.1736, 0.1702, 0.1654, 0.1654, 0.1621, 0.156, 0.1668, 0.1738, 0.1774, 0.1738, 0.1674, 0.168, 0.1645, 0.1674, 0.1673]","[0.1517, 0.1515, 0.1513, 0.1511, 0.1509, 0.1507, 0.1505, 0.1503, 0.1501, 0.1499, 0.1497, 0.1495, 0.1493, 0.1491, 0.1489, 0.1487, 0.1485, 0.1483, 0.1481, 0.1479, 0.1477, 0.1475, 0.1473, 0.1471, 0.1469, 0.1467, 0.1465, 0.1463, 0.1461, 0.1459]"
google/gemma-3-4b-it,XRPUSDT,14,0.2569,12.56,2,1,"[1.8799, 2.0069, 2.0182, 2.0909, 2.3478, 2.3042, 2.1657, 2.1232, 2.0958, 2.0907, 2.0745, 2.054, 2.1655, 2.1394, 2.0789, 2.0678, 2.0631, 1.9914, 1.986, 1.89, 1.9476, 1.9236, 1.9196, 1.9143, 1.8356, 1.9041, 1.9158, 1.9111, 1.8076, 1.7352]","[1.8848, 1.8923, 1.8877, 1.8751, 1.8625, 1.8509, 1.8403, 1.8307, 1.8211, 1.8105, 1.8009, 1.7913, 1.7817, 1.7721, 1.7625, 1.7529, 1.7433, 1.7337, 1.7241, 1.7145, 1.7049, 1.6953, 1.6857, 1.6761, 1.6665, 1.6569, 1.6473, 1.6377, 1.6281, 1.6185]"
google/gemma-3-4b-it,XRPUSDT,14,0.3523,25.09,0,0,"[1.6472, 1.5908, 1.6198, 1.5791, 1.512, 1.2146, 1.4698, 1.4231, 1.4308, 1.437, 1.3999, 1.3697, 1.3635, 1.4071, 1.5094, 1.4753, 1.4876, 1.4743, 1.4219, 1.4068, 1.4292, 1.4304, 1.3932, 1.3518, 1.3482, 1.4339, 1.4027, 1.3562, 1.3762, 1.3524]","[1.7058, 1.7116, 1.7174, 1.7232, 1.729, 1.7348, 1.7406, 1.7464, 1.7522, 1.758, 1.7638, 1.7696, 1.7754, 1.7812, 1.787, 1.7928, 1.7986, 1.8044, 1.809, 1.8148, 1.8206, 1.8264, 1.8322, 1.838, 1.8438, 1.8496, 1.8554, 1.8612, 1.867, 1.8728]"
google/gemma-3-4b-it,XRPUSDT,14,0.0544,3.78,0,0,"[1.39, 1.3607, 1.4309, 1.4037, 1.3633, 1.3567, 1.34, 1.3631, 1.3863, 1.3847, 1.3846, 1.3989, 1.4063, 1.4487, 1.543, 1.5182, 1.4647, 1.4475, 1.4452, 1.4086, 1.3848, 1.4323, 1.416, 1.4145, 1.3609, 1.3257, 1.3333, 1.3278, 1.3242, 1.3411]","[1.3509, 1.3493, 1.3503, 1.3487, 1.3501, 1.3485, 1.3503, 1.3487, 1.3501, 1.3485, 1.3503, 1.3487, 1.3501, 1.3485, 1.3503, 1.3487, 1.3501, 1.3485, 1.3503, 1.3487, 1.3501, 1.3485, 1.3503, 1.3487, 1.3501, 1.3485, 1.3503, 1.3487, 1.3501, 1.3485]"
google/gemma-3-4b-it,ADAUSDT,21,0.0445,11.37,2,1,"[0.3565, 0.3949, 0.3893, 0.4007, 0.4211, 0.4194, 0.4022, 0.3956, 0.3914, 0.3886, 0.391, 0.3862, 0.4218, 0.4143, 0.3936, 0.3955, 0.3973, 0.3758, 0.3703, 0.3507, 0.3659, 0.3594, 0.3602, 0.3583, 0.3391, 0.3521, 0.3608, 0.3583, 0.3347, 0.3208]","[0.3378, 0.3355, 0.3371, 0.3347, 0.3364, 0.333, 0.3357, 0.3342, 0.3369, 0.3351, 0.3338, 0.3355, 0.3342, 0.336, 0.3348, 0.3375, 0.3362, 0.3345, 0.3368, 0.3356, 0.3339, 0.3357, 0.3344, 0.3366, 0.3353, 0.3337, 0.3359, 0.3346, 0.3368, 0.3355]"
google/gemma-3-4b-it,ADAUSDT,21,0.0562,20.19,2,1,"[0.2936, 0.2858, 0.2991, 0.2917, 0.2864, 0.2455, 0.2762, 0.2721, 0.2701, 0.2699, 0.262, 0.2559, 0.2643, 0.2728, 0.295, 0.2818, 0.2858, 0.2811, 0.2735, 0.2729, 0.2849, 0.28, 0.2717, 0.2623, 0.2587, 0.2971, 0.287, 0.2776, 0.281, 0.2735]","[0.3373, 0.3258, 0.3147, 0.3046, 0.2955, 0.2869, 0.2788, 0.2703, 0.2624, 0.2548, 0.2476, 0.2408, 0.2344, 0.2284, 0.2227, 0.2173, 0.2122, 0.2074, 0.2029, 0.1987, 0.1948, 0.1912, 0.1878, 0.1847, 0.1818, 0.1791, 0.1766, 0.1742, 0.1719, 0.1697]"
google/gemma-3-4b-it,ADAUSDT,21,0.0186,7.27,2,1,"[0.2771, 0.2625, 0.2763, 0.2692, 0.259, 0.2544, 0.2493, 0.2552, 0.2621, 0.2626, 0.2636, 0.2656, 0.2634, 0.2702, 0.2904, 0.2891, 0.2742, 0.2675, 0.2661, 0.2574, 0.2506, 0.2616, 0.2664, 0.2705, 0.2547, 0.2461, 0.246, 0.2398, 0.2434, 0.2418]","[0.2785, 0.2762, 0.2749, 0.2775, 0.2798, 0.2821, 0.2805, 0.2788, 0.2765, 0.2752, 0.278, 0.2795, 0.2818, 0.2802, 0.2785, 0.2768, 0.2791, 0.2814, 0.2798, 0.2775, 0.2792, 0.2807, 0.2789, 0.2766, 0.2782, 0.2799, 0.2816, 0.2803, 0.278, 0.2757]"
google/gemma-3-4b-it,ALGOUSDT,21,0.0135,10.31,2,1,"[0.1202, 0.1275, 0.1279, 0.1362, 0.1396, 0.1423, 0.1364, 0.1344, 0.1332, 0.1337, 0.1323, 0.129, 0.1385, 0.1365, 0.128, 0.1303, 0.1315, 0.1228, 0.1209, 0.1143, 0.1177, 0.1188, 0.1203, 0.1186, 0.1147, 0.1221, 0.122, 0.1263, 0.1145, 0.1121]","[0.1163, 0.1148, 0.1132, 0.1125, 0.1111, 0.1099, 0.1093, 0.1105, 0.1118, 0.1133, 0.1149, 0.1164, 0.1179, 0.1193, 0.1207, 0.1213, 0.1208, 0.1195, 0.1181, 0.1167, 0.1153, 0.114, 0.1127, 0.1114, 0.1101, 0.1088, 0.1075, 0.1062, 0.105, 0.1038]"
google/gemma-3-4b-it,ALGOUSDT,21,0.0196,21.41,2,1,"[0.104, 0.1005, 0.1049, 0.1064, 0.1031, 0.0884, 0.0989, 0.0977, 0.0969, 0.096, 0.0917, 0.0891, 0.0918, 0.0941, 0.0997, 0.0959, 0.0947, 0.0931, 0.091, 0.0892, 0.0905, 0.0896, 0.0868, 0.0839, 0.0835, 0.091, 0.088, 0.0866, 0.0879, 0.0856]","[0.1198, 0.1175, 0.1152, 0.1179, 0.1161, 0.1138, 0.1155, 0.1142, 0.1129, 0.1136, 0.1113, 0.1127, 0.113, 0.1147, 0.1133, 0.1116, 0.113, 0.1124, 0.1141, 0.1118, 0.1105, 0.1098, 0.1101, 0.1108, 0.1095, 0.1102, 0.1119, 0.1107, 0.1104, 0.1111]"
google/gemma-3-4b-it,ALGOUSDT,21,0.0044,5.08,2,1,"[0.088, 0.0861, 0.0888, 0.0873, 0.0844, 0.083, 0.0818, 0.0833, 0.0853, 0.0862, 0.089, 0.0939, 0.091, 0.0926, 0.0972, 0.0947, 0.0901, 0.0893, 0.0898, 0.0868, 0.0855, 0.0875, 0.0872, 0.0875, 0.084, 0.0815, 0.0816, 0.0812, 0.0822, 0.0939]","[0.0923, 0.0908, 0.0895, 0.0902, 0.0921, 0.0948, 0.0935, 0.0924, 0.0909, 0.0897, 0.0904, 0.0898, 0.0877, 0.0858, 0.0849, 0.0918, 0.0891, 0.0874, 0.0862, 0.0877, 0.086, 0.0873, 0.0856, 0.0868, 0.0859, 0.0871, 0.0863, 0.0875, 0.0866, 0.0878]"
google/gemma-3-4b-it,ATOMUSDT,21,0.5936,24.7,2,1,"[2.069, 2.168, 2.239, 2.34, 2.369, 2.532, 2.433, 2.461, 2.592, 2.57, 2.574, 2.487, 2.636, 2.582, 2.477, 2.494, 2.567, 2.426, 2.456, 2.295, 2.382, 2.335, 2.368, 2.334, 2.236, 2.222, 2.244, 2.237, 2.128, 2.112]","[2.012, 1.988, 1.955, 1.931, 1.917, 1.903, 1.899, 1.885, 1.871, 1.857, 1.843, 1.83, 1.817, 1.803, 1.79, 1.777, 1.763, 1.75, 1.737, 1.723, 1.71, 1.697, 1.683, 1.67, 1.657, 1.644, 1.631, 1.618, 1.605, 1.592]"
google/gemma-3-4b-it,ATOMUSDT,21,0.2057,10.4,2,1,"[1.971, 1.91, 1.982, 2.036, 1.995, 1.819, 1.987, 1.989, 1.95, 1.96, 1.922, 1.945, 1.968, 2.122, 2.186, 2.137, 2.292, 2.242, 2.346, 2.292, 2.358, 2.314, 2.25, 2.12, 1.992, 1.942, 1.879, 1.849, 1.849, 1.799]","[2.318, 2.289, 2.265, 2.248, 2.232, 2.223, 2.235, 2.231, 2.218, 2.211, 2.205, 2.198, 2.202, 2.207, 2.203, 2.195, 2.188, 2.182, 2.176, 2.17, 2.164, 2.158, 2.152, 2.146, 2.14, 2.134, 2.128, 2.122, 2.116, 2.11]"
google/gemma-3-4b-it,ATOMUSDT,21,0.4807,26.98,2,1,"[1.843, 1.814, 1.879, 1.84, 1.809, 1.785, 1.738, 1.743, 1.788, 1.84, 1.838, 1.862, 1.87, 1.861, 1.978, 1.961, 1.909, 1.811, 1.834, 1.793, 1.769, 1.786, 1.787, 1.765, 1.699, 1.676, 1.666, 1.646, 1.665, 1.707]","[2.268, 2.234, 2.271, 2.245, 2.319, 2.282, 2.335, 2.301, 2.268, 2.234, 2.271, 2.245, 2.319, 2.282, 2.335, 2.301, 2.268, 2.234, 2.271, 2.245, 2.319, 2.282, 2.335, 2.301, 2.268, 2.234, 2.271, 2.245, 2.319, 2.282]"
google/gemma-3-4b-it,AVAXUSDT,21,1.1623,8.61,2,1,"[13.59, 13.82, 13.99, 14.25, 14.45, 14.59, 14.11, 13.89, 13.79, 13.74, 13.7, 13.53, 14.75, 14.6, 13.82, 13.59, 13.75, 12.98, 12.74, 12.09, 12.42, 12.2, 12.13, 12.05, 11.49, 11.72, 12.14, 12.07, 11.04, 10.87]","[12.35, 12.28, 12.31, 12.25, 12.38, 12.42, 12.35, 12.4, 12.33, 12.37, 12.3, 12.45, 12.38, 12.35, 12.4, 12.33, 12.37, 12.3, 12.45, 12.38, 12.35, 12.4, 12.33, 12.37, 12.3, 12.45, 12.38, 12.35, 12.4, 12.33]"
google/gemma-3-4b-it,AVAXUSDT,21,1.591,17.42,2,1,"[10.12, 9.91, 10.14, 9.93, 9.72, 8.32, 9.28, 9.23, 9.08, 9.06, 8.76, 8.63, 8.9, 9.14, 9.59, 9.29, 9.26, 9.14, 8.86, 8.91, 9.17, 9.12, 8.87, 8.36, 8.29, 9.51, 9.31, 8.95, 9.16, 9.04]","[12.34, 12.28, 12.15, 12.09, 11.98, 11.85, 11.72, 11.6, 11.48, 11.35, 11.23, 11.11, 11.0, 10.88, 10.76, 10.65, 10.53, 10.42, 10.31, 10.2, 10.09, 10.0, 9.91, 9.82, 9.73, 9.64, 9.55, 9.46, 9.37, 9.28]"
google/gemma-3-4b-it,AVAXUSDT,21,0.4337,4.59,2,1,"[9.17, 9.18, 9.5, 9.39, 9.01, 8.91, 8.82, 9.26, 9.53, 9.55, 9.67, 9.72, 9.73, 9.95, 10.49, 10.2, 9.69, 9.48, 9.56, 9.21, 9.03, 9.56, 9.62, 9.68, 9.11, 8.79, 8.75, 8.6, 8.81, 8.91]","[9.23, 9.18, 9.05, 9.12, 9.31, 9.45, 9.35, 9.22, 9.11, 9.03, 9.15, 9.28, 9.39, 9.32, 9.21, 9.13, 9.07, 9.19, 9.33, 9.41, 9.35, 9.27, 9.17, 9.09, 9.2, 9.3, 9.37, 9.31, 9.24, 9.16]"
google/gemma-3-4b-it,BCHUSDT,21,29.9967,4.86,2,1,"[593.2, 609.8, 654.5, 639.1, 645.2, 638.2, 629.2, 632.0, 634.7, 643.9, 649.1, 621.7, 617.0, 597.4, 590.8, 599.5, 594.1, 591.4, 584.0, 573.2, 584.8, 599.2, 595.7, 593.6, 572.2, 578.7, 600.2, 591.1, 554.1, 553.2]","[585.2, 592.7, 601.3, 598.5, 587.1, 578.8, 572.3, 565.9, 575.6, 588.2, 605.1, 595.7, 584.3, 571.9, 563.5, 570.2, 581.8, 608.5, 597.2, 584.9, 573.5, 566.1, 574.7, 586.3, 603.9, 594.5, 583.1, 570.7, 562.3, 573.9]"
google/gemma-3-4b-it,BCHUSDT,21,72.26,14.46,2,1,"[507.5, 516.2, 539.7, 527.1, 532.5, 453.9, 523.2, 525.1, 527.0, 533.0, 524.3, 516.2, 503.0, 563.9, 562.9, 553.5, 569.2, 563.4, 558.0, 560.4, 562.4, 564.1, 570.7, 495.8, 484.8, 492.9, 478.4, 461.5, 457.6, 441.7]","[648.1, 638.5, 625.3, 618.9, 601.5, 593.2, 602.8, 597.5, 586.1, 575.3, 565.7, 571.4, 586.2, 599.8, 605.3, 598.9, 575.1, 582.6, 603.7, 593.4, 568.2, 571.8, 587.9, 601.5, 599.2, 580.7, 576.3, 604.8, 595.9, 582.1]"
google/gemma-3-4b-it,BCHUSDT,21,47.6067,10.42,2,1,"[445.3, 443.9, 466.9, 461.6, 449.7, 450.2, 443.1, 444.6, 447.1, 455.1, 455.2, 461.0, 467.6, 469.7, 478.8, 470.7, 456.9, 455.6, 474.6, 462.6, 467.4, 478.0, 477.4, 473.6, 461.9, 472.9, 481.2, 452.7, 460.3, 466.5]","[538.1, 535.2, 528.3, 521.4, 534.5, 536.6, 530.7, 524.8, 518.9, 513.0, 517.1, 520.2, 523.3, 526.4, 530.5, 524.6, 518.7, 512.8, 507.0, 501.1, 495.2, 489.3, 483.4, 477.5, 471.6, 465.7, 459.8, 453.9, 448.0, 442.1]"
google/gemma-3-4b-it,BNBUSDT,21,106.65,11.83,2,1,"[864.39, 881.25, 878.63, 895.43, 910.31, 917.64, 900.3, 892.26, 896.86, 907.93, 904.32, 905.78, 943.73, 948.47, 931.2, 938.16, 947.12, 932.51, 923.6, 884.2, 883.36, 888.06, 891.63, 887.17, 866.02, 879.41, 898.36, 902.91, 868.69, 858.81]","[888.23, 877.89, 868.55, 859.21, 862.97, 866.73, 860.49, 852.25, 844.01, 846.77, 840.53, 832.29, 824.05, 815.81, 807.57, 799.33, 791.09, 782.85, 774.61, 766.37, 758.13, 750.0, 741.86, 733.72, 725.58, 717.44, 709.3, 701.16, 693.02, 684.88]"
google/gemma-3-4b-it,BNBUSDT,21,259.0467,41.05,2,1,"[781.38, 758.54, 773.94, 754.78, 697.27, 608.3, 657.21, 647.0, 639.93, 636.39, 619.85, 608.11, 614.29, 618.94, 632.77, 615.16, 627.19, 617.74, 604.8, 607.83, 625.91, 625.61, 614.8, 596.41, 583.6, 629.42, 625.74, 614.03, 617.14, 617.96]","[908.38, 906.77, 911.23, 935.88, 943.21, 932.54, 930.12, 937.89, 946.55, 933.18, 924.47, 885.78, 884.85, 890.32, 888.79, 867.45, 880.12, 900.78, 904.33, 867.99, 857.21, 853.97, 860.63, 872.35, 891.11, 903.77, 907.43, 904.11, 906.78, 905.45]"
google/gemma-3-4b-it,BNBUSDT,21,26.3917,4.05,2,1,"[637.79, 633.56, 657.99, 647.85, 627.31, 620.26, 611.98, 634.64, 642.0, 651.46, 651.72, 655.73, 657.7, 673.77, 679.71, 668.61, 652.27, 639.15, 642.11, 630.7, 626.41, 639.11, 638.3, 647.66, 628.86, 613.95, 611.08, 606.09, 609.29, 617.43]","[622.15, 613.58, 605.72, 611.39, 616.34, 624.63, 613.82, 621.11, 610.36, 606.63, 615.84, 624.12, 614.31, 606.0, 600.39, 613.78, 619.47, 626.76, 616.05, 618.34, 625.63, 615.92, 608.21, 601.5, 610.89, 618.18, 625.47, 615.76, 608.05, 601.34]"
google/gemma-3-4b-it,BTCUSDT,21,2636.8037,2.88,2,1,"[88839.04, 89995.13, 90628.01, 91529.73, 93859.71, 93747.97, 91364.16, 91099.99, 90641.28, 90504.7, 91013.65, 91296.2, 95414.0, 96951.78, 95604.8, 95550.94, 95147.77, 93673.14, 92631.0, 88427.66, 89454.73, 89559.67, 89600.26, 89225.34, 86670.36, 88347.08, 89250.0, 89299.99, 84650.16, 84260.49]","[92378.38, 91874.42, 91750.01, 90648.17, 89832.08, 90763.42, 89843.22, 89116.41, 90336.94, 90460.9, 90758.86, 90720.79, 89686.0, 89869.45, 89625.27, 89736.95, 90277.01, 90352.71, 89727.13, 90885.49, 89948.22, 90050.0, 90150.0, 90250.0, 90100.0, 90300.0, 90200.0, 90350.0, 90450.0, 90350.0]"
google/gemma-3-4b-it,BTCUSDT,21,16499.404,23.99,2,1,"[78741.09, 76968.21, 78738.61, 75770.21, 73165.83, 62909.86, 70580.26, 69289.38, 70330.38, 70138.0, 68841.29, 67082.52, 66272.17, 68853.96, 69822.95, 68832.58, 68892.43, 67503.52, 66461.0, 67003.73, 68020.01, 67975.93, 67643.4, 64656.02, 64058.15, 67988.04, 67485.18, 65872.1, 66973.26, 65776.47]","[93887.28, 93235.43, 92583.67, 91932.92, 91281.17, 90629.42, 90077.67, 89536.0, 88994.35, 88452.7, 87911.05, 87369.4, 86837.75, 86306.1, 85774.45, 85242.8, 84711.15, 84179.5, 83647.85, 83116.2, 82584.55, 82052.9, 81521.25, 80989.6, 80458.0, 79926.35, 79394.7, 78863.05, 78331.4, 77800.0]"
google/gemma-3-4b-it,BTCUSDT,21,2777.79,3.94,2,1,"[68830.06, 68338.0, 72666.77, 70890.72, 68114.02, 67262.91, 65971.2, 68432.16, 69948.63, 70191.86, 70541.34, 70930.0, 71211.95, 72815.24, 74884.67, 73909.36, 71246.54, 69930.0, 70510.73, 68918.12, 67859.0, 70906.45, 70556.74, 71336.53, 68820.31, 66407.28, 66377.03, 66010.93, 66797.37, 68284.48]","[70815.23, 69878.31, 68889.57, 68154.72, 67432.98, 68556.14, 69547.39, 68638.65, 67891.81, 67174.97, 66558.13, 67681.39, 68604.65, 69527.91, 68611.17, 67634.43, 66657.69, 67000.95, 68004.21, 69007.47, 68090.73, 67104.0, 66217.26, 65330.52, 66553.78, 67667.04, 68780.3, 69903.56, 68896.82, 67910.08]"
google/gemma-3-4b-it,DOGEUSDT,21,0.0449,34.3,2,1,"[0.12683, 0.14188, 0.14315, 0.14953, 0.15171, 0.15055, 0.14642, 0.14194, 0.14071, 0.13965, 0.13801, 0.13662, 0.14828, 0.14718, 0.14004, 0.13813, 0.13788, 0.13164, 0.12916, 0.12336, 0.12654, 0.12437, 0.12477, 0.12423, 0.11945, 0.12236, 0.12619, 0.125, 0.11728, 0.11581]","[0.13333, 0.13033, 0.12733, 0.12433, 0.12133, 0.11833, 0.11533, 0.11233, 0.10933, 0.10633, 0.10333, 0.10033, 0.09733, 0.09433, 0.09133, 0.08833, 0.08533, 0.08233, 0.07933, 0.07633, 0.07333, 0.07033, 0.06733, 0.06433, 0.06133, 0.05833, 0.05533, 0.05233, 0.04933, 0.04633]"
google/gemma-3-4b-it,DOGEUSDT,21,0.0079,8.21,2,1,"[0.10426, 0.10426, 0.10792, 0.10602, 0.10383, 0.08849, 0.09848, 0.09823, 0.09663, 0.09611, 0.09277, 0.09112, 0.093, 0.09667, 0.11104, 0.10269, 0.10102, 0.10066, 0.09855, 0.09837, 0.10011, 0.09841, 0.09558, 0.09266, 0.09137, 0.10095, 0.09701, 0.09337, 0.09405, 0.0919]","[0.11634, 0.11522, 0.11458, 0.11386, 0.11314, 0.11242, 0.1117, 0.11098, 0.11026, 0.10954, 0.10882, 0.1081, 0.10738, 0.10666, 0.10594, 0.10522, 0.1045, 0.10378, 0.10306, 0.10234, 0.10162, 0.1009, 0.10018, 0.09946, 0.09874, 0.09802, 0.0973, 0.09658, 0.09586, 0.09514]"
google/gemma-3-4b-it,DOGEUSDT,21,0.7041,749.14,2,1,"[0.09356, 0.08997, 0.09893, 0.09356, 0.09129, 0.08993, 0.08915, 0.09049, 0.09452, 0.09288, 0.09475, 0.09596, 0.09604, 0.09738, 0.10304, 0.10015, 0.09526, 0.09354, 0.09416, 0.09135, 0.09015, 0.09415, 0.0951, 0.09618, 0.09205, 0.09011, 0.091, 0.09045, 0.09083, 0.09232]","[0.09587, 0.09632, 0.09687, 0.09743, 0.09801, 0.0986, 0.0992, 0.09981, 1.0042, 1.0093, 1.0145, 1.0197, 1.025, 1.0293, 1.0346, 1.039, 1.0434, 1.0478, 1.0523, 1.056, 1.0598, 1.0636, 1.0674, 1.0712, 1.075, 1.0788, 1.0826, 1.0864, 1.0902, 1.094]"
google/gemma-3-4b-it,DOTUSDT,21,0.1938,9.38,2,1,"[1.999, 2.166, 2.125, 2.142, 2.208, 2.235, 2.145, 2.111, 2.083, 2.093, 2.07, 2.055, 2.282, 2.226, 2.117, 2.119, 2.179, 2.065, 2.028, 1.897, 1.955, 1.927, 1.926, 1.93, 1.823, 1.875, 1.876, 1.87, 1.736, 1.69]","[2.058, 2.045, 2.031, 1.998, 1.975, 1.962, 1.949, 1.936, 1.923, 1.91, 1.897, 1.884, 1.871, 1.858, 1.845, 1.832, 1.819, 1.806, 1.793, 1.78, 1.767, 1.754, 1.741, 1.728, 1.715, 1.702, 1.689, 1.676, 1.663, 1.65]"
google/gemma-3-4b-it,DOTUSDT,21,0.586,42.92,2,1,"[1.547, 1.495, 1.543, 1.5, 1.461, 1.248, 1.368, 1.372, 1.337, 1.32, 1.283, 1.256, 1.283, 1.33, 1.421, 1.357, 1.376, 1.347, 1.311, 1.287, 1.341, 1.36, 1.313, 1.265, 1.238, 1.663, 1.609, 1.599, 1.662, 1.534]","[2.048, 2.035, 2.022, 2.059, 2.045, 2.031, 2.027, 2.038, 2.023, 2.019, 1.998, 2.005, 1.989, 1.977, 1.971, 1.984, 1.967, 1.961, 1.965, 1.951, 1.943, 1.947, 1.955, 1.949, 1.951, 1.945, 1.949, 1.953, 1.947, 1.951]"
google/gemma-3-4b-it,DOTUSDT,21,0.1158,8.55,0,0,"[1.509, 1.533, 1.541, 1.53, 1.488, 1.448, 1.452, 1.494, 1.486, 1.522, 1.518, 1.464, 1.414, 1.441, 1.64, 1.62, 1.577, 1.521, 1.499, 1.468, 1.413, 1.421, 1.401, 1.363, 1.321, 1.292, 1.259, 1.261, 1.243, 1.253]","[1.535, 1.536, 1.537, 1.538, 1.539, 1.54, 1.541, 1.542, 1.543, 1.544, 1.545, 1.546, 1.547, 1.548, 1.549, 1.55, 1.551, 1.552, 1.553, 1.554, 1.555, 1.556, 1.557, 1.558, 1.559, 1.56, 1.561, 1.562, 1.563, 1.564]"
google/gemma-3-4b-it,ETCUSDT,21,1.0127,8.12,2,1,"[12.06, 12.52, 12.56, 12.82, 13.31, 13.37, 12.88, 12.61, 12.61, 12.54, 12.37, 12.26, 13.29, 13.2, 12.65, 12.76, 12.85, 12.24, 12.03, 11.54, 11.66, 11.58, 11.67, 11.59, 11.14, 11.39, 11.58, 11.55, 10.81, 10.6]","[12.13, 11.98, 12.07, 11.89, 11.75, 11.62, 11.58, 11.45, 11.41, 11.36, 11.32, 11.28, 11.24, 11.19, 11.16, 11.11, 11.08, 11.04, 10.99, 10.95, 10.9, 10.86, 10.82, 10.78, 10.74, 10.7, 10.66, 10.62, 10.58, 10.54]"
google/gemma-3-4b-it,ETCUSDT,21,0.7256,8.34,0,0,"[9.76, 9.5, 9.81, 9.57, 9.34, 8.06, 8.84, 8.78, 8.57, 8.59, 8.33, 8.14, 8.25, 8.53, 9.0, 8.74, 8.84, 8.68, 8.44, 8.27, 8.76, 9.05, 8.52, 8.36, 8.3, 9.15, 8.86, 8.65, 8.68, 8.47]","[10.503, 10.396, 10.299, 10.192, 10.085, 9.978, 9.871, 9.764, 9.657, 9.55, 9.443, 9.336, 9.229, 9.122, 9.015, 8.908, 8.799999, 8.693, 8.587, 8.481, 8.375, 8.269, 8.163, 8.057, 7.951, 7.845, 7.739, 7.633, 7.527, 7.421]"
google/gemma-3-4b-it,ETCUSDT,21,0.3253,3.94,2,1,"[8.72, 8.49, 8.85, 8.65, 8.25, 8.12, 7.99, 8.16, 8.23, 8.28, 8.27, 8.49, 8.26, 8.48, 9.03, 8.86, 8.51, 8.34, 8.41, 8.18, 8.03, 8.59, 8.67, 8.68, 8.21, 8.09, 8.04, 7.95, 8.07, 8.19]","[8.47, 8.43, 8.38, 8.32, 8.41, 8.58, 8.75, 8.88, 8.72, 8.57, 8.39, 8.34, 8.43, 8.59, 8.77, 8.89, 8.76, 8.64, 8.58, 8.45, 8.36, 8.41, 8.55, 8.74, 8.87, 8.78, 8.66, 8.59, 8.48, 8.42]"
google/gemma-3-4b-it,ETHUSDT,21,427.0887,13.79,2,1,"[3004.19, 3125.45, 3127.11, 3144.7, 3224.99, 3296.84, 3168.72, 3106.65, 3088.4, 3086.72, 3123.45, 3095.75, 3325.82, 3354.92, 3318.69, 3296.28, 3310.56, 3284.03, 3189.55, 2939.88, 2982.27, 2952.69, 2956.41, 2953.22, 2816.89, 2930.35, 3026.77, 3010.78, 2822.59, 2707.38]","[3035.12, 3018.75, 2982.31, 2956.88, 2931.45, 2906.02, 2880.59, 2855.16, 2830.0, 2804.87, 2779.74, 2754.61, 2729.48, 2704.35, 2679.22, 2654.09, 2628.96, 2603.83, 2578.7, 2553.57, 2528.44, 2503.31, 2478.18, 2453.05, 2427.92, 2402.79, 2377.66, 2352.53, 2327.4, 2302.27]"
google/gemma-3-4b-it,ETHUSDT,21,859.3707,42.35,2,1,"[2451.95, 2270.15, 2347.02, 2233.72, 2148.26, 1826.83, 2063.38, 2087.08, 2089.74, 2105.02, 2022.67, 1941.18, 1947.85, 2048.72, 2086.59, 1966.58, 1998.33, 1991.66, 1955.91, 1949.08, 1968.88, 1973.35, 1957.82, 1856.3, 1851.94, 2057.48, 2027.68, 1929.84, 1964.51, 1939.71]","[3135.23, 3112.87, 3088.41, 3342.19, 3371.65, 3335.32, 3303.99, 3282.66, 3261.33, 3196.0, 3045.67, 3008.34, 2987.01, 2965.68, 2832.35, 2958.02, 3044.69, 3030.36, 2846.03, 2731.7, 2617.37, 2503.04, 2498.71, 2493.38, 2488.05, 2482.72, 2477.39, 2472.06, 2466.73, 2461.4]"
google/gemma-3-4b-it,ETHUSDT,21,107.176,4.98,2,1,"[2027.35, 1982.8, 2127.28, 2072.86, 1978.68, 1969.59, 1937.1, 1992.98, 2036.51, 2051.97, 2073.52, 2092.22, 2096.16, 2178.3, 2352.97, 2317.39, 2203.39, 2137.81, 2146.22, 2084.87, 2053.89, 2152.03, 2156.23, 2169.02, 2060.43, 1992.75, 1994.74, 1984.64, 2026.48, 2105.43]","[2035.12, 2020.87, 1985.43, 1970.98, 1988.65, 2005.32, 1975.99, 1950.66, 1945.33, 1960.0, 1975.67, 1990.34, 2005.01, 1980.68, 1965.35, 2010.02, 2025.7, 1995.37, 1980.04, 1965.71, 1970.38, 1985.05, 2000.72, 2015.39, 1990.06, 1975.73, 1960.4, 1975.07, 1990.74, 2005.41]"
google/gemma-3-4b-it,FILUSDT,21,0.2688,18.87,2,1,"[1.483, 1.504, 1.494, 1.494, 1.569, 1.593, 1.519, 1.497, 1.488, 1.482, 1.457, 1.461, 1.576, 1.592, 1.504, 1.52, 1.551, 1.45, 1.384, 1.312, 1.348, 1.319, 1.313, 1.315, 1.251, 1.269, 1.272, 1.28, 1.194, 1.176]","[1.355, 1.332, 1.318, 1.295, 1.281, 1.268, 1.255, 1.242, 1.239, 1.226, 1.213, 1.2, 1.187, 1.174, 1.161, 1.148, 1.135, 1.122, 1.109, 1.096, 1.083, 1.07, 1.057, 1.044, 1.031, 1.018, 1.005, 0.992, 0.98, 0.967]"
google/gemma-3-4b-it,FILUSDT,21,0.2921,30.54,2,1,"[1.052, 1.035, 1.083, 1.068, 1.05, 0.883, 0.977, 0.976, 0.934, 0.938, 0.902, 0.879, 0.914, 0.958, 1.015, 0.963, 0.978, 0.96, 0.927, 0.915, 0.958, 0.97, 0.93, 0.891, 0.88, 1.062, 1.026, 0.994, 1.005, 0.964]","[1.334, 1.321, 1.318, 1.315, 1.308, 1.302, 1.298, 1.295, 1.288, 1.283, 1.277, 1.273, 1.269, 1.265, 1.261, 1.257, 1.253, 1.249, 1.245, 1.241, 1.237, 1.233, 1.23, 1.226, 1.222, 1.218, 1.214, 1.21, 1.206, 1.202]"
google/gemma-3-4b-it,FILUSDT,21,0.0899,10.36,2,1,"[0.987, 1.0, 1.025, 1.011, 0.978, 0.952, 0.934, 0.939, 0.866, 0.878, 0.877, 0.869, 0.883, 0.895, 0.99, 0.969, 0.925, 0.895, 0.902, 0.882, 0.848, 0.923, 0.923, 0.928, 0.869, 0.839, 0.801, 0.802, 0.816, 0.832]","[0.987, 0.992, 1.015, 0.988, 0.975, 0.999, 1.022, 0.985, 0.97, 0.991, 0.983, 0.997, 1.01, 0.989, 0.977, 1.035, 1.008, 0.973, 0.986, 0.994, 1.009, 0.981, 0.979, 0.996, 1.013, 0.984, 0.976, 1.027, 1.001, 0.98]"
google/gemma-3-4b-it,LINKUSDT,21,2.068,15.99,0,0,"[12.6, 13.27, 13.23, 13.43, 13.9, 14.04, 13.44, 13.21, 13.14, 13.13, 13.21, 13.08, 14.06, 14.11, 13.8, 13.73, 13.75, 13.32, 12.88, 12.12, 12.4, 12.27, 12.22, 12.2, 11.52, 11.95, 12.03, 11.84, 11.13, 10.79]","[12.117, 12.024, 11.931, 11.838, 11.745, 11.652, 11.559, 11.466, 11.373, 11.28, 11.187, 11.094, 11.001, 10.908, 10.815, 10.722, 10.629, 10.536, 10.443, 10.35, 10.257, 10.164, 10.071, 10.078, 9.985, 9.892, 9.8, 9.707, 9.614, 9.521]"
google/gemma-3-4b-it,LINKUSDT,21,0.7378,8.36,0,0,"[9.99, 9.41, 9.81, 9.49, 9.25, 7.92, 8.88, 8.91, 8.83, 8.83, 8.57, 8.33, 8.41, 8.77, 9.09, 8.79, 8.94, 8.82, 8.6, 8.58, 8.95, 8.87, 8.69, 8.26, 8.19, 9.27, 9.09, 8.71, 8.85, 8.67]","[10.673, 10.556, 10.44, 10.324, 10.21, 10.1, 10.0, 9.89, 9.78, 9.67, 9.56, 9.45, 9.34, 9.23, 9.12, 9.01, 8.9, 8.79, 8.68, 8.57, 8.46, 8.35, 8.24, 8.13, 8.02, 7.91, 7.8, 7.69, 7.58, 7.47]"
google/gemma-3-4b-it,LINKUSDT,21,0.3283,3.57,2,1,"[8.96, 8.8, 9.35, 9.21, 8.8, 8.7, 8.52, 8.87, 8.99, 8.99, 9.05, 9.08, 9.17, 9.5, 9.92, 9.79, 9.22, 9.04, 9.12, 8.82, 8.68, 9.11, 9.25, 9.37, 8.91, 8.57, 8.44, 8.42, 8.62, 8.78]","[8.83, 8.78, 8.73, 8.78, 8.92, 9.07, 8.87, 8.92, 8.81, 8.68, 8.63, 8.88, 8.79, 8.57, 8.42, 9.12, 9.01, 8.75, 8.83, 8.71, 8.65, 8.77, 8.9, 9.05, 8.88, 8.93, 8.82, 8.75, 8.68, 8.71]"
google/gemma-3-4b-it,LTCUSDT,21,13.6593,19.1,1,0,"[79.97, 81.93, 82.08, 82.26, 83.46, 83.96, 81.71, 81.31, 81.49, 81.19, 78.79, 76.12, 78.18, 76.67, 72.21, 75.22, 74.92, 72.29, 70.8, 67.12, 68.48, 68.19, 68.07, 68.19, 67.3, 69.72, 70.03, 69.42, 66.24, 65.47]","[38.0, 75.86, 75.45, 74.98, 74.63, 74.43, 74.34, 74.33, 74.43, 74.73, 75.15, 75.68, 76.33, 77.08, 77.88, 78.73, 80.03, 81.33, 82.63, 84.03, 85.43, 86.83, 88.23, 90.63, 92.03, 93.43, 94.83, 96.23, 97.63, 99.03]"
google/gemma-3-4b-it,LTCUSDT,21,10.8983,19.99,2,1,"[59.53, 58.49, 60.02, 59.48, 58.89, 50.79, 55.02, 55.19, 54.53, 54.45, 53.38, 52.32, 53.15, 55.03, 55.99, 55.08, 55.13, 53.96, 53.32, 52.7, 55.19, 54.9, 53.48, 51.35, 51.15, 56.76, 55.62, 54.56, 54.4, 53.24]","[70.58, 68.87, 67.56, 69.25, 68.94, 66.63, 65.32, 67.01, 66.7, 64.39, 63.08, 65.77, 64.46, 66.15, 65.84, 64.53, 66.22, 65.91, 64.6, 65.29, 63.98, 64.67, 65.36, 64.05, 65.74, 64.43, 65.12, 63.81, 64.5, 65.29]"
google/gemma-3-4b-it,LTCUSDT,21,1.774,3.17,2,1,"[54.61, 54.76, 56.77, 55.46, 53.81, 53.58, 52.59, 53.77, 53.87, 54.8, 54.56, 55.3, 54.98, 56.27, 58.7, 58.09, 56.08, 55.54, 56.17, 54.81, 53.51, 55.72, 56.38, 56.65, 54.59, 53.72, 53.85, 53.32, 53.34, 53.95]","[54.45, 53.38, 52.32, 53.15, 55.03, 55.99, 55.08, 55.13, 53.96, 53.32, 52.7, 55.19, 54.9, 53.48, 51.35, 51.15, 56.76, 55.62, 54.56, 54.4, 53.24, 52.85, 53.52, 54.11, 54.78, 55.35, 55.01, 54.63, 54.09, 53.57]"
google/gemma-3-4b-it,NEARUSDT,21,0.1969,11.75,2,1,"[1.627, 1.692, 1.711, 1.728, 1.774, 1.808, 1.722, 1.686, 1.703, 1.689, 1.702, 1.675, 1.859, 1.799, 1.722, 1.731, 1.751, 1.629, 1.597, 1.506, 1.529, 1.513, 1.509, 1.506, 1.436, 1.463, 1.49, 1.489, 1.375, 1.323]","[1.542, 1.528, 1.515, 1.508, 1.501, 1.494, 1.487, 1.48, 1.473, 1.466, 1.459, 1.452, 1.445, 1.438, 1.431, 1.424, 1.417, 1.41, 1.403, 1.396, 1.389, 1.382, 1.375, 1.368, 1.361, 1.354, 1.347, 1.34, 1.333, 1.326]"
google/gemma-3-4b-it,NEARUSDT,21,0.3123,29.7,2,1,"[1.206, 1.173, 1.2, 1.176, 1.16, 0.976, 1.087, 1.075, 1.038, 1.03, 0.993, 0.962, 0.964, 1.024, 1.086, 1.056, 1.058, 1.044, 1.017, 1.007, 1.054, 1.059, 1.022, 0.981, 0.967, 1.172, 1.127, 1.094, 1.172, 1.15]","[1.553, 1.531, 1.518, 1.535, 1.522, 1.509, 1.496, 1.483, 1.47, 1.457, 1.444, 1.431, 1.418, 1.405, 1.392, 1.38, 1.367, 1.354, 1.341, 1.328, 1.315, 1.302, 1.289, 1.276, 1.263, 1.25, 1.237, 1.224, 1.211, 1.198]"
google/gemma-3-4b-it,NEARUSDT,21,0.0999,7.67,0,0,"[1.36, 1.358, 1.311, 1.271, 1.227, 1.214, 1.212, 1.235, 1.284, 1.299, 1.368, 1.336, 1.325, 1.35, 1.49, 1.452, 1.386, 1.335, 1.316, 1.281, 1.274, 1.311, 1.292, 1.28, 1.224, 1.18, 1.173, 1.164, 1.162, 1.189]","[1.156, 1.162, 1.168, 1.174, 1.18, 1.186, 1.192, 1.198, 1.204, 1.21, 1.216, 1.222, 1.228, 1.234, 1.24, 1.246, 1.252, 1.258, 1.264, 1.27, 1.276, 1.282, 1.288, 1.294, 1.3, 1.306, 1.312, 1.318, 1.324, 1.33]"
google/gemma-3-4b-it,SOLUSDT,21,11.8113,8.6,2,1,"[126.9, 132.29, 133.37, 134.12, 137.9, 141.08, 136.39, 138.37, 135.97, 135.84, 139.7, 139.22, 145.51, 146.69, 142.4, 144.89, 143.72, 137.87, 133.44, 125.8, 129.54, 128.47, 127.43, 127.21, 118.85, 124.24, 127.19, 125.35, 117.82, 117.59]","[123.5, 122.8, 123.1, 121.9, 122.2, 121.5, 122.0, 121.7, 122.4, 122.1, 121.8, 122.5, 122.3, 121.6, 122.0, 121.9, 122.3, 122.1, 121.8, 122.4, 122.2, 121.9, 122.3, 122.0, 121.8, 122.2, 122.0, 121.9, 122.2, 122.1]"
google/gemma-3-4b-it,SOLUSDT,21,32.787,38.49,0,0,"[105.58, 100.79, 104.55, 97.89, 92.12, 78.35, 87.46, 87.59, 86.99, 86.77, 82.99, 79.3, 78.4, 84.33, 88.06, 86.16, 86.45, 85.08, 81.61, 82.5, 84.67, 85.17, 82.79, 77.9, 78.99, 88.06, 85.91, 81.85, 84.35, 83.6]","[59.0, 117.63, 117.67, 117.71, 117.75, 117.79, 117.83, 117.87, 117.91, 117.95, 118.0, 118.04, 118.08, 118.12, 118.16, 118.2, 118.24, 118.28, 118.32, 118.36, 118.4, 118.44, 118.48, 118.52, 118.56, 118.6, 118.64, 118.68, 118.72, 118.76]"
google/gemma-3-4b-it,SOLUSDT,21,5.582,6.23,2,1,"[86.64, 86.97, 90.85, 88.77, 84.7, 83.22, 81.59, 84.96, 85.88, 86.58, 86.84, 88.18, 88.03, 92.3, 96.2, 94.62, 90.08, 88.89, 89.84, 87.56, 86.2, 91.43, 90.8, 91.7, 86.53, 83.11, 82.09, 81.44, 82.54, 83.2]","[83.38, 81.83, 80.32, 79.81, 82.44, 85.19, 83.87, 82.34, 80.86, 79.35, 81.58, 83.21, 84.76, 83.12, 80.67, 81.14, 82.69, 84.23, 83.78, 82.25, 80.78, 79.27, 81.31, 83.04, 84.59, 83.55, 81.82, 80.31, 79.8, 82.37]"
google/gemma-3-4b-it,TRXUSDT,21,0.0145,4.78,2,1,"[0.2871, 0.289, 0.2956, 0.2939, 0.2922, 0.2942, 0.2981, 0.295, 0.2984, 0.3024, 0.2995, 0.2998, 0.3071, 0.3047, 0.3126, 0.3096, 0.3188, 0.3178, 0.3119, 0.297, 0.2993, 0.3054, 0.2979, 0.2954, 0.2957, 0.2966, 0.2947, 0.2954, 0.295, 0.2942]","[0.2825, 0.2832, 0.2828, 0.2841, 0.2855, 0.2848, 0.2842, 0.2838, 0.2845, 0.2858, 0.2861, 0.2852, 0.2847, 0.2843, 0.285, 0.2864, 0.2856, 0.2852, 0.2867, 0.2859, 0.2862, 0.2855, 0.286, 0.2858, 0.2865, 0.2861, 0.2868, 0.2863, 0.287, 0.2866]"
google/gemma-3-4b-it,TRXUSDT,21,0.0226,8.05,2,1,"[0.2866, 0.2847, 0.2835, 0.2861, 0.2833, 0.2696, 0.2741, 0.2782, 0.2778, 0.2791, 0.2782, 0.2784, 0.28, 0.2823, 0.2826, 0.2805, 0.2846, 0.2821, 0.2788, 0.2849, 0.2854, 0.289, 0.2906, 0.2816, 0.2837, 0.2853, 0.2857, 0.2828, 0.2819, 0.2807]","[0.3038, 0.3022, 0.2999, 0.3065, 0.3041, 0.3115, 0.3088, 0.3192, 0.3175, 0.3121, 0.3003, 0.2986, 0.3049, 0.2965, 0.2941, 0.2958, 0.2969, 0.2944, 0.2951, 0.2945, 0.3012, 0.3005, 0.2997, 0.3073, 0.3049, 0.3119, 0.3089, 0.3195, 0.3177, 0.3123]"
google/gemma-3-4b-it,TRXUSDT,21,0.0155,5.02,2,1,"[0.2832, 0.2805, 0.2871, 0.2852, 0.2846, 0.2866, 0.2891, 0.2856, 0.2858, 0.2913, 0.2891, 0.2934, 0.2978, 0.2987, 0.2956, 0.3068, 0.3045, 0.3036, 0.3097, 0.3121, 0.3104, 0.3081, 0.3061, 0.3146, 0.3115, 0.3113, 0.3167, 0.322, 0.32, 0.3133]","[0.2835, 0.2831, 0.2838, 0.2842, 0.2848, 0.2855, 0.2852, 0.2844, 0.2839, 0.2833, 0.2845, 0.285, 0.2862, 0.2868, 0.2865, 0.2858, 0.2851, 0.2844, 0.2837, 0.283, 0.2841, 0.2847, 0.2854, 0.286, 0.2867, 0.2864, 0.2857, 0.285, 0.2843, 0.2836]"
google/gemma-3-4b-it,UNIUSDT,21,0.4901,9.91,2,1,"[5.809, 6.038, 5.917, 5.85, 6.162, 6.07, 5.726, 5.488, 5.467, 5.476, 5.456, 5.367, 5.73, 5.681, 5.35, 5.315, 5.352, 5.095, 5.026, 4.803, 4.94, 4.836, 4.873, 4.855, 4.637, 4.711, 4.8, 4.82, 4.396, 4.276]","[5.688, 5.653, 5.677, 5.631, 5.585, 5.551, 5.576, 5.54, 5.595, 5.63, 5.605, 5.58, 5.555, 5.57, 5.59, 5.62, 5.6, 5.585, 5.565, 5.58, 5.595, 5.615, 5.63, 5.61, 5.595, 5.58, 5.59, 5.605, 5.625, 5.61]"
google/gemma-3-4b-it,UNIUSDT,21,0.8514,24.15,2,1,"[3.96, 3.837, 3.925, 3.86, 3.801, 3.168, 3.552, 3.539, 3.468, 3.493, 3.36, 3.369, 3.247, 3.398, 3.629, 3.471, 3.601, 3.524, 3.403, 3.391, 3.492, 3.609, 3.491, 3.349, 3.337, 4.055, 3.879, 3.742, 3.811, 3.748]","[5.118, 5.053, 4.988, 5.031, 4.976, 4.921, 4.866, 4.811, 4.756, 4.701, 4.646, 4.591, 4.536, 4.481, 4.426, 4.371, 4.316, 4.261, 4.206, 4.151, 4.096, 4.041, 3.986, 3.931, 3.876, 3.821, 3.766, 3.711, 3.656, 3.601]"
google/gemma-3-4b-it,UNIUSDT,21,0.2475,6.42,2,1,"[3.929, 3.912, 3.977, 3.97, 3.848, 3.771, 3.661, 3.861, 3.843, 3.898, 3.918, 4.004, 3.948, 4.069, 4.157, 3.957, 3.681, 3.579, 3.605, 3.486, 3.471, 3.587, 3.609, 3.708, 3.528, 3.388, 3.384, 3.355, 3.48, 3.545]","[3.518, 3.487, 3.531, 3.459, 3.572, 3.645, 3.562, 3.618, 3.545, 3.478, 3.501, 3.625, 3.548, 3.482, 3.515, 3.641, 3.568, 3.623, 3.555, 3.488, 3.512, 3.637, 3.559, 3.493, 3.52, 3.652, 3.575, 3.63, 3.56, 3.498]"
google/gemma-3-4b-it,XLMUSDT,21,0.017,7.55,2,1,"[0.2087, 0.2191, 0.2222, 0.233, 0.2526, 0.2438, 0.2342, 0.2302, 0.2284, 0.2264, 0.2244, 0.2193, 0.2386, 0.2361, 0.2285, 0.226, 0.2309, 0.2182, 0.2157, 0.207, 0.2124, 0.2115, 0.2122, 0.2115, 0.2033, 0.2074, 0.2085, 0.2105, 0.1987, 0.1919]","[0.2155, 0.2142, 0.2139, 0.2126, 0.2113, 0.21, 0.2087, 0.2074, 0.2061, 0.2048, 0.2035, 0.2022, 0.201, 0.2007, 0.2019, 0.2032, 0.2045, 0.2058, 0.2071, 0.2084, 0.2097, 0.211, 0.2123, 0.2136, 0.2149, 0.2162, 0.2175, 0.2188, 0.2201, 0.2214]"
google/gemma-3-4b-it,XLMUSDT,21,0.0415,25.81,2,1,"[0.181, 0.1751, 0.1787, 0.1758, 0.1714, 0.1471, 0.1642, 0.1619, 0.1615, 0.1596, 0.1585, 0.1547, 0.1563, 0.1646, 0.1744, 0.1702, 0.1698, 0.1657, 0.1613, 0.1591, 0.1627, 0.161, 0.155, 0.1514, 0.1496, 0.1627, 0.1622, 0.1588, 0.159, 0.1541]","[0.2058, 0.2045, 0.2031, 0.2048, 0.2035, 0.2052, 0.204, 0.2038, 0.2055, 0.2042, 0.2037, 0.2049, 0.2039, 0.2051, 0.2043, 0.2036, 0.205, 0.2044, 0.2038, 0.2056, 0.2041, 0.2035, 0.2053, 0.204, 0.2037, 0.2055, 0.2042, 0.2039, 0.2057, 0.204]"
google/gemma-3-4b-it,XLMUSDT,21,0.0101,6.15,2,1,"[0.1557, 0.1515, 0.1595, 0.1569, 0.1522, 0.1504, 0.1482, 0.1508, 0.1586, 0.1592, 0.16, 0.1641, 0.1665, 0.1693, 0.176, 0.1736, 0.1702, 0.1654, 0.1654, 0.1621, 0.156, 0.1668, 0.1738, 0.1774, 0.1738, 0.1674, 0.168, 0.1645, 0.1674, 0.1673]","[0.16, 0.159, 0.157, 0.158, 0.166, 0.175, 0.172, 0.169, 0.165, 0.161, 0.159, 0.162, 0.161, 0.155, 0.151, 0.149, 0.163, 0.1625, 0.1595, 0.1598, 0.1552, 0.1548, 0.1518, 0.1505, 0.1535, 0.1565, 0.1605, 0.1635, 0.1655, 0.1625]"
google/gemma-3-4b-it,XRPUSDT,21,0.1139,5.46,2,1,"[1.8799, 2.0069, 2.0182, 2.0909, 2.3478, 2.3042, 2.1657, 2.1232, 2.0958, 2.0907, 2.0745, 2.054, 2.1655, 2.1394, 2.0789, 2.0678, 2.0631, 1.9914, 1.986, 1.89, 1.9476, 1.9236, 1.9196, 1.9143, 1.8356, 1.9041, 1.9158, 1.9111, 1.8076, 1.7352]","[2.0189, 2.0133, 1.9999, 1.9886, 1.9743, 1.9634, 1.9552, 1.9488, 1.9433, 1.9388, 1.9347, 1.9311, 1.9281, 1.9257, 1.9236, 1.9218, 1.9203, 1.9189, 1.9177, 1.9166, 1.9158, 1.9151, 1.9146, 1.9142, 1.914, 1.9138, 1.9137, 1.9136, 1.9136, 1.9135]"
google/gemma-3-4b-it,XRPUSDT,21,0.487,34.17,2,1,"[1.6472, 1.5908, 1.6198, 1.5791, 1.512, 1.2146, 1.4698, 1.4231, 1.4308, 1.437, 1.3999, 1.3697, 1.3635, 1.4071, 1.5094, 1.4753, 1.4876, 1.4743, 1.4219, 1.4068, 1.4292, 1.4304, 1.3932, 1.3518, 1.3482, 1.4339, 1.4027, 1.3562, 1.3762, 1.3524]","[2.083, 2.077, 2.068, 2.159, 2.133, 2.075, 2.066, 2.062, 2.003, 1.998, 1.899, 1.945, 1.921, 1.918, 1.913, 1.833, 1.903, 1.916, 1.911, 1.809, 1.733, 1.758, 1.772, 1.785, 1.798, 1.811, 1.824, 1.837, 1.85, 1.863]"
google/gemma-3-4b-it,XRPUSDT,21,0.0483,3.38,2,1,"[1.39, 1.3607, 1.4309, 1.4037, 1.3633, 1.3567, 1.34, 1.3631, 1.3863, 1.3847, 1.3846, 1.3989, 1.4063, 1.4487, 1.543, 1.5182, 1.4647, 1.4475, 1.4452, 1.4086, 1.3848, 1.4323, 1.416, 1.4145, 1.3609, 1.3257, 1.3333, 1.3278, 1.3242, 1.3411]","[1.3888, 1.3773, 1.3668, 1.3705, 1.3832, 1.4011, 1.3958, 1.3885, 1.372, 1.3657, 1.3784, 1.3901, 1.3828, 1.3605, 1.3532, 1.3759, 1.3626, 1.3593, 1.371, 1.3647, 1.3574, 1.3601, 1.3538, 1.3665, 1.3792, 1.3729, 1.3656, 1.3583, 1.361, 1.3537]"
google/gemma-3-4b-it,ADAUSDT,28,0.0468,12.78,2,1,"[0.3565, 0.3949, 0.3893, 0.4007, 0.4211, 0.4194, 0.4022, 0.3956, 0.3914, 0.3886, 0.391, 0.3862, 0.4218, 0.4143, 0.3936, 0.3955, 0.3973, 0.3758, 0.3703, 0.3507, 0.3659, 0.3594, 0.3602, 0.3583, 0.3391, 0.3521, 0.3608, 0.3583, 0.3347, 0.3208]","[0.3385, 0.3423, 0.3451, 0.3488, 0.3526, 0.3563, 0.3599, 0.3636, 0.3673, 0.371, 0.3747, 0.3784, 0.3821, 0.3858, 0.3895, 0.3932, 0.397, 0.4007, 0.4044, 0.4081, 0.4118, 0.4155, 0.4192, 0.4229, 0.4266, 0.4303, 0.434, 0.4377, 0.4414, 0.4451]"
google/gemma-3-4b-it,ADAUSDT,28,0.0667,24.31,2,1,"[0.2936, 0.2858, 0.2991, 0.2917, 0.2864, 0.2455, 0.2762, 0.2721, 0.2701, 0.2699, 0.262, 0.2559, 0.2643, 0.2728, 0.295, 0.2818, 0.2858, 0.2811, 0.2735, 0.2729, 0.2849, 0.28, 0.2717, 0.2623, 0.2587, 0.2971, 0.287, 0.2776, 0.281, 0.2735]","[0.3678, 0.3652, 0.3636, 0.362, 0.3604, 0.3588, 0.3572, 0.3556, 0.354, 0.3524, 0.3508, 0.3492, 0.3476, 0.346, 0.3444, 0.3428, 0.3412, 0.3396, 0.338, 0.3364, 0.3348, 0.3332, 0.3316, 0.33, 0.3284, 0.3268, 0.3252, 0.3236, 0.322, 0.3204]"
google/gemma-3-4b-it,ADAUSDT,28,0.0301,11.55,2,1,"[0.2771, 0.2625, 0.2763, 0.2692, 0.259, 0.2544, 0.2493, 0.2552, 0.2621, 0.2626, 0.2636, 0.2656, 0.2634, 0.2702, 0.2904, 0.2891, 0.2742, 0.2675, 0.2661, 0.2574, 0.2506, 0.2616, 0.2664, 0.2705, 0.2547, 0.2461, 0.246, 0.2398, 0.2434, 0.2418]","[0.2785, 0.2752, 0.2729, 0.2696, 0.2663, 0.263, 0.26, 0.257, 0.254, 0.251, 0.248, 0.245, 0.242, 0.239, 0.236, 0.233, 0.23, 0.227, 0.224, 0.221, 0.218, 0.215, 0.212, 0.209, 0.206, 0.203, 0.2, 0.197, 0.194, 0.191]"
google/gemma-3-4b-it,ALGOUSDT,28,0.0144,11.44,2,1,"[0.1202, 0.1275, 0.1279, 0.1362, 0.1396, 0.1423, 0.1364, 0.1344, 0.1332, 0.1337, 0.1323, 0.129, 0.1385, 0.1365, 0.128, 0.1303, 0.1315, 0.1228, 0.1209, 0.1143, 0.1177, 0.1188, 0.1203, 0.1186, 0.1147, 0.1221, 0.122, 0.1263, 0.1145, 0.1121]","[0.1105, 0.1115, 0.1125, 0.1135, 0.1145, 0.1155, 0.1165, 0.1175, 0.1185, 0.1195, 0.1205, 0.1215, 0.1225, 0.1235, 0.1245, 0.1255, 0.1265, 0.1275, 0.1285, 0.1295, 0.1305, 0.1315, 0.1325, 0.1335, 0.1345, 0.1355, 0.1365, 0.1375, 0.1385, 0.1395]"
google/gemma-3-4b-it,ALGOUSDT,28,0.0248,26.65,2,1,"[0.104, 0.1005, 0.1049, 0.1064, 0.1031, 0.0884, 0.0989, 0.0977, 0.0969, 0.096, 0.0917, 0.0891, 0.0918, 0.0941, 0.0997, 0.0959, 0.0947, 0.0931, 0.091, 0.0892, 0.0905, 0.0896, 0.0868, 0.0839, 0.0835, 0.091, 0.088, 0.0866, 0.0879, 0.0856]","[0.1285, 0.1298, 0.1305, 0.129, 0.1275, 0.126, 0.1255, 0.124, 0.1235, 0.122, 0.123, 0.1225, 0.121, 0.1205, 0.119, 0.1185, 0.117, 0.1165, 0.115, 0.1145, 0.1135, 0.1125, 0.1115, 0.1105, 0.1095, 0.1085, 0.1075, 0.1065, 0.1055, 0.1045]"
google/gemma-3-4b-it,ALGOUSDT,28,0.0035,3.97,0,0,"[0.088, 0.0861, 0.0888, 0.0873, 0.0844, 0.083, 0.0818, 0.0833, 0.0853, 0.0862, 0.089, 0.0939, 0.091, 0.0926, 0.0972, 0.0947, 0.0901, 0.0893, 0.0898, 0.0868, 0.0855, 0.0875, 0.0872, 0.0875, 0.084, 0.0815, 0.0816, 0.0812, 0.0822, 0.0939]","[0.0854, 0.0855, 0.0856, 0.0857, 0.0858, 0.0859, 0.086, 0.0861, 0.0862, 0.0863, 0.0864, 0.0865, 0.0866, 0.0867, 0.0868, 0.0869, 0.087, 0.0871, 0.0872, 0.0873, 0.0874, 0.0875, 0.0876, 0.0877, 0.0878, 0.0879, 0.088, 0.0881, 0.0882, 0.0883]"
google/gemma-3-4b-it,ATOMUSDT,28,0.3848,15.79,2,1,"[2.069, 2.168, 2.239, 2.34, 2.369, 2.532, 2.433, 2.461, 2.592, 2.57, 2.574, 2.487, 2.636, 2.582, 2.477, 2.494, 2.567, 2.426, 2.456, 2.295, 2.382, 2.335, 2.368, 2.334, 2.236, 2.222, 2.244, 2.237, 2.128, 2.112]","[2.01, 1.98, 1.95, 1.93, 1.96, 1.98, 1.97, 1.94, 1.95, 1.97, 1.99, 2.01, 2.03, 2.02, 1.98, 1.96, 1.99, 2.0, 2.02, 2.01, 1.99, 2.03, 2.05, 2.04, 2.02, 2.03, 2.01, 2.0, 1.99, 2.01]"
google/gemma-3-4b-it,ATOMUSDT,28,0.3567,18.17,2,1,"[1.971, 1.91, 1.982, 2.036, 1.995, 1.819, 1.987, 1.989, 1.95, 1.96, 1.922, 1.945, 1.968, 2.122, 2.186, 2.137, 2.292, 2.242, 2.346, 2.292, 2.358, 2.314, 2.25, 2.12, 1.992, 1.942, 1.879, 1.849, 1.849, 1.799]","[2.385, 2.402, 2.388, 2.415, 2.401, 2.398, 2.412, 2.405, 2.395, 2.408, 2.41, 2.402, 2.397, 2.405, 2.399, 2.411, 2.407, 2.401, 2.395, 2.409, 2.413, 2.405, 2.398, 2.406, 2.4, 2.414, 2.408, 2.399, 2.41, 2.407]"
google/gemma-3-4b-it,ATOMUSDT,28,0.0645,3.61,0,0,"[1.843, 1.814, 1.879, 1.84, 1.809, 1.785, 1.738, 1.743, 1.788, 1.84, 1.838, 1.862, 1.87, 1.861, 1.978, 1.961, 1.909, 1.811, 1.834, 1.793, 1.769, 1.786, 1.787, 1.765, 1.699, 1.676, 1.666, 1.646, 1.665, 1.707]","[1.801772, 1.799772, 1.801772, 1.799772, 1.801772, 1.799772, 1.801772, 1.799772, 1.801772, 1.799772, 1.801772, 1.799772, 1.801772, 1.799772, 1.801772, 1.799772, 1.801772, 1.799772, 1.801772, 1.799772, 1.801772, 1.799772, 1.801772, 1.799772, 1.801772, 1.799772, 1.801772, 1.799772, 1.801772, 1.799772]"
google/gemma-3-4b-it,AVAXUSDT,28,1.1407,8.51,2,1,"[13.59, 13.82, 13.99, 14.25, 14.45, 14.59, 14.11, 13.89, 13.79, 13.74, 13.7, 13.53, 14.75, 14.6, 13.82, 13.59, 13.75, 12.98, 12.74, 12.09, 12.42, 12.2, 12.13, 12.05, 11.49, 11.72, 12.14, 12.07, 11.04, 10.87]","[12.38, 12.45, 12.52, 12.61, 12.68, 12.55, 12.48, 12.35, 12.22, 12.3, 12.45, 12.58, 12.62, 12.55, 12.48, 12.35, 12.22, 12.3, 12.45, 12.58, 12.62, 12.55, 12.48, 12.35, 12.22, 12.3, 12.45, 12.58, 12.62, 12.55]"
google/gemma-3-4b-it,AVAXUSDT,28,1.5876,17.66,1,0,"[10.12, 9.91, 10.14, 9.93, 9.72, 8.32, 9.28, 9.23, 9.08, 9.06, 8.76, 8.63, 8.9, 9.14, 9.59, 9.29, 9.26, 9.14, 8.86, 8.91, 9.17, 9.12, 8.87, 8.36, 8.29, 9.51, 9.31, 8.95, 9.16, 9.04]","[10.754444, 10.64, 10.525, 10.41, 10.3, 10.19, 10.08, 9.97, 9.86, 10.05, 10.14, 10.23, 10.32, 10.41, 10.5, 10.59, 10.68, 10.77, 10.86, 10.95, 11.04, 11.13, 11.22, 11.31, 11.4, 11.49, 11.58, 11.67, 11.76, 11.85]"
google/gemma-3-4b-it,AVAXUSDT,28,0.556,5.85,2,1,"[9.17, 9.18, 9.5, 9.39, 9.01, 8.91, 8.82, 9.26, 9.53, 9.55, 9.67, 9.72, 9.73, 9.95, 10.49, 10.2, 9.69, 9.48, 9.56, 9.21, 9.03, 9.56, 9.62, 9.68, 9.11, 8.79, 8.75, 8.6, 8.81, 8.91]","[10.14, 10.03, 9.83, 8.43, 9.33, 9.28, 9.07, 9.05, 8.75, 8.62, 8.9, 9.14, 9.59, 9.29, 9.26, 9.14, 8.86, 8.91, 9.17, 9.12, 8.87, 8.36, 8.29, 9.51, 9.31, 8.95, 9.16, 9.04, 9.03, 9.01]"
google/gemma-3-4b-it,BCHUSDT,28,31.091,5.19,0,0,"[593.2, 609.8, 654.5, 639.1, 645.2, 638.2, 629.2, 632.0, 634.7, 643.9, 649.1, 621.7, 617.0, 597.4, 590.8, 599.5, 594.1, 591.4, 584.0, 573.2, 584.8, 599.2, 595.7, 593.6, 572.2, 578.7, 600.2, 591.1, 554.1, 553.2]","[600.386667, 601.307778, 602.238889, 603.18, 604.121111, 605.062222, 606.003333, 606.944444, 607.885556, 608.826667, 609.767778, 610.708889, 611.65, 612.591111, 613.532222, 614.473333, 615.414444, 616.355556, 617.296667, 618.237778, 619.178889, 620.12, 621.061111, 622.002222, 622.943333, 623.884444, 624.825556, 625.766667, 626.707778, 627.648889]"
google/gemma-3-4b-it,BCHUSDT,28,88.26,17.48,2,1,"[507.5, 516.2, 539.7, 527.1, 532.5, 453.9, 523.2, 525.1, 527.0, 533.0, 524.3, 516.2, 503.0, 563.9, 562.9, 553.5, 569.2, 563.4, 558.0, 560.4, 562.4, 564.1, 570.7, 495.8, 484.8, 492.9, 478.4, 461.5, 457.6, 441.7]","[648.3, 635.7, 641.1, 632.5, 623.9, 628.6, 636.2, 643.5, 648.8, 635.1, 630.7, 622.3, 618.9, 608.5, 602.1, 595.7, 588.3, 595.9, 603.5, 600.1, 592.7, 588.3, 601.9, 596.5, 589.1, 583.7, 575.3, 571.9, 586.5, 592.1]"
google/gemma-3-4b-it,BCHUSDT,28,70.9676,15.22,1,0,"[445.3, 443.9, 466.9, 461.6, 449.7, 450.2, 443.1, 444.6, 447.1, 455.1, 455.2, 461.0, 467.6, 469.7, 478.8, 470.7, 456.9, 455.6, 474.6, 462.6, 467.4, 478.0, 477.4, 473.6, 461.9, 472.9, 481.2, 452.7, 460.3, 466.5]","[441.7, 438.07037, 434.441341, 430.812312, 427.183283, 423.554254, 420.0, 416.47, 412.94, 409.41, 406.0, 402.57, 399.14, 395.71, 392.28, 388.85, 385.42, 382.0, 378.57, 375.14, 371.71, 368.28, 364.85, 361.42, 358.0, 354.57, 351.14, 347.71, 344.28, 340.85]"
google/gemma-3-4b-it,BNBUSDT,28,48.8123,5.35,2,1,"[864.39, 881.25, 878.63, 895.43, 910.31, 917.64, 900.3, 892.26, 896.86, 907.93, 904.32, 905.78, 943.73, 948.47, 931.2, 938.16, 947.12, 932.51, 923.6, 884.2, 883.36, 888.06, 891.63, 887.17, 866.02, 879.41, 898.36, 902.91, 868.69, 858.81]","[864.3, 861.65, 859.32, 852.46, 856.17, 858.64, 858.66, 844.3, 846.58, 829.64, 834.72, 845.04, 859.32, 852.46, 861.65, 864.3, 861.65, 859.32, 852.46, 856.17, 858.64, 858.66, 844.3, 846.58, 829.64, 834.72, 845.04, 859.32, 852.46, 861.65]"
google/gemma-3-4b-it,BNBUSDT,28,266.5507,42.33,2,1,"[781.38, 758.54, 773.94, 754.78, 697.27, 608.3, 657.21, 647.0, 639.93, 636.39, 619.85, 608.11, 614.29, 618.94, 632.77, 615.16, 627.19, 617.74, 604.8, 607.83, 625.91, 625.61, 614.8, 596.41, 583.6, 629.42, 625.74, 614.03, 617.14, 617.96]","[923.15, 918.78, 908.42, 902.35, 898.97, 895.61, 893.35, 897.88, 903.51, 900.24, 925.87, 931.59, 926.32, 922.05, 917.78, 903.51, 899.24, 895.0, 900.73, 907.46, 914.19, 910.92, 905.65, 899.38, 895.11, 900.84, 907.57, 914.3, 921.03, 927.76]"
google/gemma-3-4b-it,BNBUSDT,28,37.4273,5.78,2,1,"[637.79, 633.56, 657.99, 647.85, 627.31, 620.26, 611.98, 634.64, 642.0, 651.46, 651.72, 655.73, 657.7, 673.77, 679.71, 668.61, 652.27, 639.15, 642.11, 630.7, 626.41, 639.11, 638.3, 647.66, 628.86, 613.95, 611.08, 606.09, 609.29, 617.43]","[618.52, 609.87, 598.33, 592.75, 603.12, 598.68, 602.41, 596.93, 593.38, 601.87, 598.23, 603.75, 599.72, 605.28, 600.85, 597.33, 599.88, 604.45, 600.03, 597.59, 599.15, 602.71, 600.27, 598.83, 601.39, 599.95, 603.51, 601.07, 599.63, 602.19]"
google/gemma-3-4b-it,BTCUSDT,28,2965.992,3.2,2,1,"[88839.04, 89995.13, 90628.01, 91529.73, 93859.71, 93747.97, 91364.16, 91099.99, 90641.28, 90504.7, 91013.65, 91296.2, 95414.0, 96951.78, 95604.8, 95550.94, 95147.77, 93673.14, 92631.0, 88427.66, 89454.73, 89559.67, 89600.26, 89225.34, 86670.36, 88347.08, 89250.0, 89299.99, 84650.16, 84260.49]","[92078.06, 91582.35, 90833.63, 91347.12, 91683.75, 92678.8, 92255.43, 91782.11, 90634.34, 90395.31, 88172.17, 86432.08, 87863.42, 86243.22, 85516.41, 88136.94, 88360.9, 88658.86, 88620.79, 87486.0, 87669.45, 87225.27, 87369.56, 87877.01, 87952.71, 87237.13, 88485.49, 87648.22, 87423.98, 87589.67]"
google/gemma-3-4b-it,BTCUSDT,28,32023.7253,47.08,2,1,"[78741.09, 76968.21, 78738.61, 75770.21, 73165.83, 62909.86, 70580.26, 69289.38, 70330.38, 70138.0, 68841.29, 67082.52, 66272.17, 68853.96, 69822.95, 68832.58, 68892.43, 67503.52, 66461.0, 67003.73, 68020.01, 67975.93, 67643.4, 64656.02, 64058.15, 67988.04, 67485.18, 65872.1, 66973.26, 65776.47]","[92345.67, 92876.54, 93456.78, 93987.65, 94567.89, 95189.01, 95801.23, 96423.45, 97045.67, 97667.89, 98289.01, 98910.23, 99532.45, 100154.67, 100776.89, 101400.0, 102022.22, 102644.44, 103266.66, 103888.88, 104511.11, 105133.33, 105755.55, 106377.77, 107000.0, 107622.22, 108244.44, 108866.66, 109488.88, 110111.11]"
google/gemma-3-4b-it,BTCUSDT,28,2793.224,3.93,2,1,"[68830.06, 68338.0, 72666.77, 70890.72, 68114.02, 67262.91, 65971.2, 68432.16, 69948.63, 70191.86, 70541.34, 70930.0, 71211.95, 72815.24, 74884.67, 73909.36, 71246.54, 69930.0, 70510.73, 68918.12, 67859.0, 70906.45, 70556.74, 71336.53, 68820.31, 66407.28, 66377.03, 66010.93, 66797.37, 68284.48]","[70387.31, 68883.42, 67556.78, 66389.12, 67234.56, 68147.89, 67582.15, 66890.34, 66123.78, 67356.92, 68123.45, 67689.01, 67056.23, 66523.87, 67189.45, 67845.67, 67392.1, 66878.54, 66345.98, 67078.23, 67812.67, 67369.01, 66836.45, 66303.89, 67037.23, 67704.57, 67251.91, 66729.25, 67066.59, 67833.93]"
google/gemma-3-4b-it,DOGEUSDT,28,0.0156,11.38,2,1,"[0.12683, 0.14188, 0.14315, 0.14953, 0.15171, 0.15055, 0.14642, 0.14194, 0.14071, 0.13965, 0.13801, 0.13662, 0.14828, 0.14718, 0.14004, 0.13813, 0.13788, 0.13164, 0.12916, 0.12336, 0.12654, 0.12437, 0.12477, 0.12423, 0.11945, 0.12236, 0.12619, 0.125, 0.11728, 0.11581]","[0.13338, 0.13087, 0.12833, 0.12676, 0.12517, 0.12455, 0.12393, 0.12331, 0.12269, 0.12207, 0.12145, 0.12083, 0.12021, 0.11959, 0.11897, 0.11835, 0.11773, 0.11711, 0.1165, 0.11588, 0.11526, 0.11464, 0.11402, 0.1134, 0.11278, 0.11216, 0.11154, 0.11092, 0.1103, 0.10968]"
google/gemma-3-4b-it,DOGEUSDT,28,0.0314,32.23,2,1,"[0.10426, 0.10426, 0.10792, 0.10602, 0.10383, 0.08849, 0.09848, 0.09823, 0.09663, 0.09611, 0.09277, 0.09112, 0.093, 0.09667, 0.11104, 0.10269, 0.10102, 0.10066, 0.09855, 0.09837, 0.10011, 0.09841, 0.09558, 0.09266, 0.09137, 0.10095, 0.09701, 0.09337, 0.09405, 0.0919]","[0.13872, 0.13798, 0.13735, 0.13682, 0.13619, 0.13556, 0.13493, 0.1343, 0.13367, 0.13304, 0.13241, 0.13178, 0.13115, 0.13052, 0.1299, 0.12927, 0.12864, 0.12801, 0.12738, 0.12675, 0.12612, 0.12549, 0.12486, 0.12423, 0.1236, 0.12297, 0.12234, 0.12171, 0.12108, 0.12045]"
google/gemma-3-4b-it,DOGEUSDT,28,0.0106,11.26,2,1,"[0.09356, 0.08997, 0.09893, 0.09356, 0.09129, 0.08993, 0.08915, 0.09049, 0.09452, 0.09288, 0.09475, 0.09596, 0.09604, 0.09738, 0.10304, 0.10015, 0.09526, 0.09354, 0.09416, 0.09135, 0.09015, 0.09415, 0.0951, 0.09618, 0.09205, 0.09011, 0.091, 0.09045, 0.09083, 0.09232]","[0.09727, 0.09583, 0.09441, 0.09308, 0.09185, 0.09062, 0.08948, 0.08844, 0.08749, 0.08653, 0.08564, 0.08477, 0.08396, 0.08318, 0.08246, 0.08178, 0.08114, 0.08054, 0.07998, 0.07946, 0.07898, 0.07854, 0.07813, 0.07776, 0.07743, 0.07714, 0.07688, 0.07665, 0.07644, 0.07625]"
google/gemma-3-4b-it,DOTUSDT,28,0.1559,7.67,2,1,"[1.999, 2.166, 2.125, 2.142, 2.208, 2.235, 2.145, 2.111, 2.083, 2.093, 2.07, 2.055, 2.282, 2.226, 2.117, 2.119, 2.179, 2.065, 2.028, 1.897, 1.955, 1.927, 1.926, 1.93, 1.823, 1.875, 1.876, 1.87, 1.736, 1.69]","[2.218, 2.175, 2.142, 2.119, 2.096, 2.123, 2.258, 2.165, 2.041, 2.008, 1.934, 1.888, 1.875, 1.803, 1.746, 1.783, 1.81, 1.827, 1.844, 1.861, 1.888, 1.905, 1.922, 1.939, 1.956, 1.973, 1.99, 2.007, 2.024, 2.041]"
google/gemma-3-4b-it,DOTUSDT,28,0.6933,50.62,2,1,"[1.547, 1.495, 1.543, 1.5, 1.461, 1.248, 1.368, 1.372, 1.337, 1.32, 1.283, 1.256, 1.283, 1.33, 1.421, 1.357, 1.376, 1.347, 1.311, 1.287, 1.341, 1.36, 1.313, 1.265, 1.238, 1.663, 1.609, 1.599, 1.662, 1.534]","[2.158, 2.135, 2.182, 2.159, 2.121, 2.098, 2.075, 2.052, 2.039, 2.026, 2.255, 2.211, 2.188, 2.165, 2.142, 2.119, 2.096, 2.073, 2.05, 2.037, 2.024, 2.011, 2.008, 2.015, 2.022, 2.039, 2.056, 2.073, 2.09, 2.107]"
google/gemma-3-4b-it,DOTUSDT,28,0.1344,9.0,2,1,"[1.509, 1.533, 1.541, 1.53, 1.488, 1.448, 1.452, 1.494, 1.486, 1.522, 1.518, 1.464, 1.414, 1.441, 1.64, 1.62, 1.577, 1.521, 1.499, 1.468, 1.413, 1.421, 1.401, 1.363, 1.321, 1.292, 1.259, 1.261, 1.243, 1.253]","[1.388, 1.352, 1.325, 1.298, 1.311, 1.334, 1.357, 1.37, 1.343, 1.316, 1.289, 1.262, 1.305, 1.328, 1.341, 1.364, 1.377, 1.35, 1.323, 1.296, 1.319, 1.342, 1.365, 1.378, 1.361, 1.334, 1.307, 1.28, 1.303, 1.316]"
google/gemma-3-4b-it,ETCUSDT,28,0.7243,5.83,2,1,"[12.06, 12.52, 12.56, 12.82, 13.31, 13.37, 12.88, 12.61, 12.61, 12.54, 12.37, 12.26, 13.29, 13.2, 12.65, 12.76, 12.85, 12.24, 12.03, 11.54, 11.66, 11.58, 11.67, 11.59, 11.14, 11.39, 11.58, 11.55, 10.81, 10.6]","[11.83, 11.78, 11.68, 11.62, 11.68, 11.85, 11.92, 11.88, 11.75, 11.7, 11.63, 11.58, 11.65, 11.72, 11.8, 11.87, 11.94, 11.91, 11.83, 11.77, 11.7, 11.63, 11.58, 11.65, 11.72, 11.79, 11.86, 11.93, 11.9, 11.82]"
google/gemma-3-4b-it,ETCUSDT,28,2.7027,30.94,2,1,"[9.76, 9.5, 9.81, 9.57, 9.34, 8.06, 8.84, 8.78, 8.57, 8.59, 8.33, 8.14, 8.25, 8.53, 9.0, 8.74, 8.84, 8.68, 8.44, 8.27, 8.76, 9.05, 8.52, 8.36, 8.3, 9.15, 8.86, 8.65, 8.68, 8.47]","[12.78, 12.89, 13.15, 13.08, 12.73, 12.47, 12.31, 12.15, 11.88, 11.72, 11.61, 11.35, 11.51, 11.68, 11.56, 11.22, 11.38, 11.55, 11.48, 11.25, 10.98, 10.83, 10.71, 10.57, 10.43, 10.31, 10.2, 10.11, 10.03, 10.0]"
google/gemma-3-4b-it,ETCUSDT,28,0.6397,7.6,1,0,"[8.72, 8.49, 8.85, 8.65, 8.25, 8.12, 7.99, 8.16, 8.23, 8.28, 8.27, 8.49, 8.26, 8.48, 9.03, 8.86, 8.51, 8.34, 8.41, 8.18, 8.03, 8.59, 8.67, 8.68, 8.21, 8.09, 8.04, 7.95, 8.07, 8.19]","[8.47, 8.42037, 8.370741, 8.321111, 8.271481, 8.221851, 8.172221, 8.122592, 8.072962, 8.023332, 7.973702, 7.924073, 7.874443, 7.824813, 7.775183, 7.725553, 7.675923, 7.626294, 7.576664, 7.527034, 7.477404, 7.427774, 7.378145, 7.328515, 7.278885, 7.229255, 7.179626, 7.13, 7.08037, 7.030741]"
google/gemma-3-4b-it,ETHUSDT,28,219.4166,6.91,0,0,"[3004.19, 3125.45, 3127.11, 3144.7, 3224.99, 3296.84, 3168.72, 3106.65, 3088.4, 3086.72, 3123.45, 3095.75, 3325.82, 3354.92, 3318.69, 3296.28, 3310.56, 3284.03, 3189.55, 2939.88, 2982.27, 2952.69, 2956.41, 2953.22, 2816.89, 2930.35, 3026.77, 3010.78, 2822.59, 2707.38]","[2965.654074, 2959.678148, 2953.702223, 2947.726298, 2941.750373, 2935.774448, 2929.8, 2923.824052, 2917.848125, 2911.8722, 2905.9, 2899.924093, 2893.948166, 2887.97224, 2881.996313, 2876.020386, 2870.044461, 2864.068534, 2858.092607, 2852.11668, 2846.140753, 2840.164826, 2834.188899, 2828.212972, 2822.236945, 2816.260998, 2810.284072, 2804.308145, 2798.332218, 2792.356291]"
google/gemma-3-4b-it,ETHUSDT,28,1239.3297,61.83,2,1,"[2451.95, 2270.15, 2347.02, 2233.72, 2148.26, 1826.83, 2063.38, 2087.08, 2089.74, 2105.02, 2022.67, 1941.18, 1947.85, 2048.72, 2086.59, 1966.58, 1998.33, 1991.66, 1955.91, 1949.08, 1968.88, 1973.35, 1957.82, 1856.3, 1851.94, 2057.48, 2027.68, 1929.84, 1964.51, 1939.71]","[3173.38, 3158.83, 3138.37, 3163.81, 3124.45, 3095.83, 3067.34, 3048.88, 3062.32, 3087.76, 3113.23, 3138.79, 3164.35, 3190.01, 3215.57, 3241.13, 3266.7, 3292.27, 3317.84, 3343.31, 3368.88, 3394.35, 3419.82, 3445.29, 3470.76, 3496.23, 3521.7, 3547.17, 3572.64, 3598.11]"
google/gemma-3-4b-it,ETHUSDT,28,136.5753,6.36,2,1,"[2027.35, 1982.8, 2127.28, 2072.86, 1978.68, 1969.59, 1937.1, 1992.98, 2036.51, 2051.97, 2073.52, 2092.22, 2096.16, 2178.3, 2352.97, 2317.39, 2203.39, 2137.81, 2146.22, 2084.87, 2053.89, 2152.03, 2156.23, 2169.02, 2060.43, 1992.75, 1994.74, 1984.64, 2026.48, 2105.43]","[2035.12, 1988.97, 1945.23, 1912.56, 1976.89, 2011.34, 1954.78, 1921.12, 1888.45, 1940.91, 1995.37, 2042.63, 1979.01, 1946.78, 1913.45, 1880.12, 1949.87, 2005.23, 1952.91, 1919.56, 1886.23, 2053.89, 1980.56, 1947.23, 1913.91, 1880.56, 1947.23, 2003.89, 1951.56, 1918.23]"
google/gemma-3-4b-it,FILUSDT,28,0.2534,17.5,2,1,"[1.483, 1.504, 1.494, 1.494, 1.569, 1.593, 1.519, 1.497, 1.488, 1.482, 1.457, 1.461, 1.576, 1.592, 1.504, 1.52, 1.551, 1.45, 1.384, 1.312, 1.348, 1.319, 1.313, 1.315, 1.251, 1.269, 1.272, 1.28, 1.194, 1.176]","[1.285, 1.278, 1.262, 1.257, 1.241, 1.235, 1.228, 1.219, 1.21, 1.203, 1.197, 1.188, 1.181, 1.174, 1.168, 1.161, 1.155, 1.148, 1.142, 1.135, 1.129, 1.122, 1.116, 1.109, 1.103, 1.096, 1.09, 1.084, 1.078, 1.072]"
google/gemma-3-4b-it,FILUSDT,28,0.087,9.02,0,0,"[1.052, 1.035, 1.083, 1.068, 1.05, 0.883, 0.977, 0.976, 0.934, 0.938, 0.902, 0.879, 0.914, 0.958, 1.015, 0.963, 0.978, 0.96, 0.927, 0.915, 0.958, 0.97, 0.93, 0.891, 0.88, 1.062, 1.026, 0.994, 1.005, 0.964]","[1.164222, 1.153444, 1.142667, 1.131889, 1.121111, 1.11, 1.099222, 1.088444, 1.077667, 1.066889, 1.056111, 1.045333, 1.034556, 1.023778, 1.013, 1.002222, 0.991444, 0.980667, 0.97, 0.959222, 0.948444, 0.937667, 0.926889, 0.916111, 0.905333, 0.894556, 0.883778, 0.873, 0.862222, 0.851444]"
google/gemma-3-4b-it,FILUSDT,28,0.075,8.67,2,1,"[0.987, 1.0, 1.025, 1.011, 0.978, 0.952, 0.934, 0.939, 0.866, 0.878, 0.877, 0.869, 0.883, 0.895, 0.99, 0.969, 0.925, 0.895, 0.902, 0.882, 0.848, 0.923, 0.923, 0.928, 0.869, 0.839, 0.801, 0.802, 0.816, 0.832]","[1.035, 1.02, 0.998, 0.975, 1.012, 0.989, 0.971, 0.945, 0.932, 0.968, 0.985, 1.012, 0.998, 1.005, 0.978, 0.961, 0.934, 0.921, 0.955, 0.972, 0.948, 0.915, 0.898, 0.885, 1.057, 1.021, 1.003, 0.98, 0.963, 0.935]"
google/gemma-3-4b-it,LINKUSDT,28,1.7872,13.74,0,0,"[12.6, 13.27, 13.23, 13.43, 13.9, 14.04, 13.44, 13.21, 13.14, 13.13, 13.21, 13.08, 14.06, 14.11, 13.8, 13.73, 13.75, 13.32, 12.88, 12.12, 12.4, 12.27, 12.22, 12.2, 11.52, 11.95, 12.03, 11.84, 11.13, 10.79]","[12.134444, 12.06, 11.985556, 11.911111, 11.836364, 11.761616, 11.687, 11.612727, 11.539596, 11.466536, 11.39359, 11.320653, 11.247811, 11.175069, 11.102439, 11.030019, 10.957797, 10.885877, 10.814156, 10.742636, 10.671216, 10.6, 10.528968, 10.457937, 10.387, 10.316111, 10.245301, 10.17469, 10.104167, 10.03375]"
google/gemma-3-4b-it,LINKUSDT,28,2.4723,27.89,2,1,"[9.99, 9.41, 9.81, 9.49, 9.25, 7.92, 8.88, 8.91, 8.83, 8.83, 8.57, 8.33, 8.41, 8.77, 9.09, 8.79, 8.94, 8.82, 8.6, 8.58, 8.95, 8.87, 8.69, 8.26, 8.19, 9.27, 9.09, 8.71, 8.85, 8.67]","[13.38, 13.52, 13.88, 14.06, 13.58, 13.13, 12.95, 12.38, 12.32, 12.25, 11.88, 11.58, 11.35, 11.03, 10.88, 10.65, 10.52, 10.4, 10.35, 10.28, 10.2, 10.13, 10.08, 10.03, 9.98, 9.93, 9.88, 9.83, 9.78, 9.73]"
google/gemma-3-4b-it,LINKUSDT,28,0.3267,3.54,2,1,"[8.96, 8.8, 9.35, 9.21, 8.8, 8.7, 8.52, 8.87, 8.99, 8.99, 9.05, 9.08, 9.17, 9.5, 9.92, 9.79, 9.22, 9.04, 9.12, 8.82, 8.68, 9.11, 9.25, 9.37, 8.91, 8.57, 8.44, 8.42, 8.62, 8.78]","[9.23, 9.07, 8.89, 8.68, 8.51, 8.65, 8.78, 8.85, 8.92, 8.88, 8.72, 8.63, 8.55, 8.68, 8.81, 8.94, 8.86, 8.7, 8.62, 8.53, 8.65, 8.78, 8.85, 8.92, 8.88, 8.72, 8.63, 8.55, 8.68, 8.81]"
google/gemma-3-4b-it,LTCUSDT,28,4.119,5.9,2,1,"[79.97, 81.93, 82.08, 82.26, 83.46, 83.96, 81.71, 81.31, 81.49, 81.19, 78.79, 76.12, 78.18, 76.67, 72.21, 75.22, 74.92, 72.29, 70.8, 67.12, 68.48, 68.19, 68.07, 68.19, 67.3, 69.72, 70.03, 69.42, 66.24, 65.47]","[82.35, 81.12, 80.88, 81.21, 82.55, 83.88, 84.12, 83.27, 82.11, 81.35, 80.01, 78.87, 77.73, 76.59, 75.45, 77.21, 77.56, 76.42, 76.68, 75.54, 75.3, 76.16, 79.02, 77.38, 77.14, 76.0, 75.16, 75.32, 75.58, 75.24]"
google/gemma-3-4b-it,LTCUSDT,28,18.1377,33.08,2,1,"[59.53, 58.49, 60.02, 59.48, 58.89, 50.79, 55.02, 55.19, 54.53, 54.45, 53.38, 52.32, 53.15, 55.03, 55.99, 55.08, 55.13, 53.96, 53.32, 52.7, 55.19, 54.9, 53.48, 51.35, 51.15, 56.76, 55.62, 54.56, 54.4, 53.24]","[82.38, 81.87, 80.82, 79.88, 78.83, 77.98, 77.23, 76.48, 75.73, 75.08, 74.43, 73.88, 73.33, 72.88, 72.43, 72.0, 71.6, 71.2, 70.8, 70.4, 70.0, 69.6, 69.2, 68.8, 68.4, 68.0, 67.6, 67.2, 66.8, 66.4]"
google/gemma-3-4b-it,LTCUSDT,28,4.2567,7.68,1,0,"[54.61, 54.76, 56.77, 55.46, 53.81, 53.58, 52.59, 53.77, 53.87, 54.8, 54.56, 55.3, 54.98, 56.27, 58.7, 58.09, 56.08, 55.54, 56.17, 54.81, 53.51, 55.72, 56.38, 56.65, 54.59, 53.72, 53.85, 53.32, 53.34, 53.95]","[53.0, 52.75, 52.6, 52.45, 52.3, 52.15, 52.0, 51.85, 51.7, 51.55, 51.4, 51.25, 51.1, 50.95, 50.8, 50.65, 50.5, 50.35, 50.2, 50.05, 49.9, 49.75, 49.6, 49.45, 49.3, 49.15, 49.0, 48.85, 48.7, 48.55]"
google/gemma-3-4b-it,NEARUSDT,28,0.1445,8.63,2,1,"[1.627, 1.692, 1.711, 1.728, 1.774, 1.808, 1.722, 1.686, 1.703, 1.689, 1.702, 1.675, 1.859, 1.799, 1.722, 1.731, 1.751, 1.629, 1.597, 1.506, 1.529, 1.513, 1.509, 1.506, 1.436, 1.463, 1.49, 1.489, 1.375, 1.323]","[1.534, 1.512, 1.501, 1.495, 1.508, 1.521, 1.535, 1.548, 1.555, 1.542, 1.528, 1.515, 1.503, 1.497, 1.505, 1.518, 1.531, 1.544, 1.557, 1.549, 1.533, 1.519, 1.507, 1.499, 1.503, 1.516, 1.529, 1.542, 1.555, 1.548]"
google/gemma-3-4b-it,NEARUSDT,28,0.5352,50.82,2,1,"[1.206, 1.173, 1.2, 1.176, 1.16, 0.976, 1.087, 1.075, 1.038, 1.03, 0.993, 0.962, 0.964, 1.024, 1.086, 1.056, 1.058, 1.044, 1.017, 1.007, 1.054, 1.059, 1.022, 0.981, 0.967, 1.172, 1.127, 1.094, 1.172, 1.15]","[1.748, 1.762, 1.785, 1.778, 1.735, 1.711, 1.698, 1.705, 1.682, 1.668, 1.871, 1.815, 1.748, 1.757, 1.733, 1.618, 1.585, 1.512, 1.535, 1.521, 1.515, 1.445, 1.472, 1.5, 1.493, 1.388, 1.335, 1.372, 1.358, 1.341]"
google/gemma-3-4b-it,NEARUSDT,28,0.2709,20.73,0,0,"[1.36, 1.358, 1.311, 1.271, 1.227, 1.214, 1.212, 1.235, 1.284, 1.299, 1.368, 1.336, 1.325, 1.35, 1.49, 1.452, 1.386, 1.335, 1.316, 1.281, 1.274, 1.311, 1.292, 1.28, 1.224, 1.18, 1.173, 1.164, 1.162, 1.189]","[1.043, 1.041, 1.039, 1.037, 1.035, 1.033, 1.031, 1.029, 1.027, 1.025, 1.023, 1.021, 1.019, 1.017, 1.015, 1.013, 1.011, 1.009, 1.007, 1.005, 1.003, 1.001, 0.999, 1.001, 1.003, 1.005, 1.007, 1.009, 1.011, 1.013]"
google/gemma-3-4b-it,SOLUSDT,28,10.8237,7.93,2,1,"[126.9, 132.29, 133.37, 134.12, 137.9, 141.08, 136.39, 138.37, 135.97, 135.84, 139.7, 139.22, 145.51, 146.69, 142.4, 144.89, 143.72, 137.87, 133.44, 125.8, 129.54, 128.47, 127.43, 127.21, 118.85, 124.24, 127.19, 125.35, 117.82, 117.59]","[124.38, 123.83, 123.33, 123.03, 123.52, 124.87, 125.12, 124.33, 123.88, 123.48, 123.18, 122.73, 122.38, 122.03, 122.58, 123.83, 124.38, 124.83, 125.28, 125.73, 126.18, 126.63, 127.08, 127.53, 128.0, 128.48, 128.95, 129.42, 129.9, 130.38]"
google/gemma-3-4b-it,SOLUSDT,28,22.4876,26.49,0,0,"[105.58, 100.79, 104.55, 97.89, 92.12, 78.35, 87.46, 87.59, 86.99, 86.77, 82.99, 79.3, 78.4, 84.33, 88.06, 86.16, 86.45, 85.08, 81.61, 82.5, 84.67, 85.17, 82.79, 77.9, 78.99, 88.06, 85.91, 81.85, 84.35, 83.6]","[117.59, 116.999999, 116.415556, 115.831111, 115.246667, 114.662222, 114.077778, 113.5, 112.905556, 112.311111, 111.716667, 111.122222, 110.527778, 109.933333, 109.338889, 108.744444, 108.15, 107.555556, 106.961111, 106.366667, 105.772222, 105.177778, 104.583333, 103.988889, 103.394444, 102.8, 102.195556, 101.601111, 101.006667, 100.412222]"
google/gemma-3-4b-it,SOLUSDT,28,14.3803,16.26,0,0,"[86.64, 86.97, 90.85, 88.77, 84.7, 83.22, 81.59, 84.96, 85.88, 86.58, 86.84, 88.18, 88.03, 92.3, 96.2, 94.62, 90.08, 88.89, 89.84, 87.56, 86.2, 91.43, 90.8, 91.7, 86.53, 83.11, 82.09, 81.44, 82.54, 83.2]","[82.77, 81.93, 81.18, 80.42, 79.66, 78.9, 78.13, 77.37, 76.6, 75.83, 75.06, 74.29, 73.52, 72.75, 71.98, 71.21, 70.44, 69.67, 68.9, 68.13, 67.36, 66.59, 65.82, 65.05, 64.28, 63.51, 62.74, 62.0, 82.77, 81.93]"
google/gemma-3-4b-it,TRXUSDT,28,0.0184,6.06,2,1,"[0.2871, 0.289, 0.2956, 0.2939, 0.2922, 0.2942, 0.2981, 0.295, 0.2984, 0.3024, 0.2995, 0.2998, 0.3071, 0.3047, 0.3126, 0.3096, 0.3188, 0.3178, 0.3119, 0.297, 0.2993, 0.3054, 0.2979, 0.2954, 0.2957, 0.2966, 0.2947, 0.2954, 0.295, 0.2942]","[0.2833, 0.2827, 0.2838, 0.2831, 0.2824, 0.2817, 0.2821, 0.2814, 0.2807, 0.2799, 0.2805, 0.2812, 0.2808, 0.2799, 0.2805, 0.2812, 0.2808, 0.2815, 0.2822, 0.2818, 0.2809, 0.2804, 0.2811, 0.2807, 0.2809, 0.2816, 0.2823, 0.2819, 0.2812, 0.2808]"
google/gemma-3-4b-it,TRXUSDT,28,0.0174,6.18,2,1,"[0.2866, 0.2847, 0.2835, 0.2861, 0.2833, 0.2696, 0.2741, 0.2782, 0.2778, 0.2791, 0.2782, 0.2784, 0.28, 0.2823, 0.2826, 0.2805, 0.2846, 0.2821, 0.2788, 0.2849, 0.2854, 0.289, 0.2906, 0.2816, 0.2837, 0.2853, 0.2857, 0.2828, 0.2819, 0.2807]","[0.2968, 0.2962, 0.2955, 0.296, 0.2975, 0.2988, 0.2979, 0.2985, 0.2992, 0.3005, 0.3018, 0.3009, 0.3012, 0.3003, 0.2995, 0.2988, 0.2991, 0.3004, 0.3017, 0.3008, 0.3011, 0.3004, 0.3007, 0.3, 0.2993, 0.2986, 0.299, 0.3003, 0.3016, 0.3009]"
google/gemma-3-4b-it,TRXUSDT,28,0.0145,4.71,2,1,"[0.2832, 0.2805, 0.2871, 0.2852, 0.2846, 0.2866, 0.2891, 0.2856, 0.2858, 0.2913, 0.2891, 0.2934, 0.2978, 0.2987, 0.2956, 0.3068, 0.3045, 0.3036, 0.3097, 0.3121, 0.3104, 0.3081, 0.3061, 0.3146, 0.3115, 0.3113, 0.3167, 0.322, 0.32, 0.3133]","[0.2841, 0.2838, 0.2832, 0.2825, 0.2821, 0.2827, 0.283, 0.2833, 0.2836, 0.284, 0.2844, 0.2847, 0.285, 0.2853, 0.2856, 0.2859, 0.2862, 0.2865, 0.2868, 0.2871, 0.2874, 0.2877, 0.288, 0.2883, 0.2886, 0.2889, 0.2892, 0.2895, 0.2898, 0.2901]"
google/gemma-3-4b-it,UNIUSDT,28,0.6493,13.03,2,1,"[5.809, 6.038, 5.917, 5.85, 6.162, 6.07, 5.726, 5.488, 5.467, 5.476, 5.456, 5.367, 5.73, 5.681, 5.35, 5.315, 5.352, 5.095, 5.026, 4.803, 4.94, 4.836, 4.873, 4.855, 4.637, 4.711, 4.8, 4.82, 4.396, 4.276]","[5.987, 5.888, 5.795, 5.712, 5.631, 5.559, 5.496, 5.433, 5.511, 5.348, 5.125, 5.052, 4.989, 5.036, 5.273, 6.045, 6.182, 6.091, 5.914, 5.797, 5.834, 5.857, 5.981, 6.244, 5.968, 5.901, 5.664, 5.587, 5.51, 5.443]"
google/gemma-3-4b-it,UNIUSDT,28,1.2897,36.38,2,1,"[3.96, 3.837, 3.925, 3.86, 3.801, 3.168, 3.552, 3.539, 3.468, 3.493, 3.36, 3.369, 3.247, 3.398, 3.629, 3.471, 3.601, 3.524, 3.403, 3.391, 3.492, 3.609, 3.491, 3.349, 3.337, 4.055, 3.879, 3.742, 3.811, 3.748]","[5.98, 5.88, 6.08, 5.95, 5.55, 5.35, 5.33, 5.37, 5.28, 5.08, 5.22, 5.12, 4.98, 4.88, 4.85, 4.75, 4.65, 4.6, 4.55, 4.5, 4.45, 4.4, 4.35, 4.3, 4.25, 4.2, 4.15, 4.1, 4.05, 4.0]"
google/gemma-3-4b-it,UNIUSDT,28,0.3561,9.4,2,1,"[3.929, 3.912, 3.977, 3.97, 3.848, 3.771, 3.661, 3.861, 3.843, 3.898, 3.918, 4.004, 3.948, 4.069, 4.157, 3.957, 3.681, 3.579, 3.605, 3.486, 3.471, 3.587, 3.609, 3.708, 3.528, 3.388, 3.384, 3.355, 3.48, 3.545]","[3.655, 3.628, 3.582, 3.525, 3.488, 3.451, 3.424, 3.407, 3.38, 3.353, 3.326, 3.3, 3.373, 3.406, 3.439, 3.472, 3.505, 3.538, 3.571, 3.604, 3.637, 3.67, 3.703, 3.736, 3.769, 3.802, 3.835, 3.868, 3.901, 3.934]"
google/gemma-3-4b-it,XLMUSDT,28,0.0117,5.24,2,1,"[0.2087, 0.2191, 0.2222, 0.233, 0.2526, 0.2438, 0.2342, 0.2302, 0.2284, 0.2264, 0.2244, 0.2193, 0.2386, 0.2361, 0.2285, 0.226, 0.2309, 0.2182, 0.2157, 0.207, 0.2124, 0.2115, 0.2122, 0.2115, 0.2033, 0.2074, 0.2085, 0.2105, 0.1987, 0.1919]","[0.2235, 0.2188, 0.2162, 0.2145, 0.2178, 0.2201, 0.2185, 0.2152, 0.213, 0.2168, 0.2155, 0.2132, 0.2165, 0.2158, 0.2141, 0.2174, 0.2162, 0.2149, 0.2177, 0.2164, 0.2141, 0.2167, 0.2159, 0.2143, 0.217, 0.2161, 0.2144, 0.2176, 0.2157, 0.214]"
google/gemma-3-4b-it,XLMUSDT,28,0.0507,31.35,2,1,"[0.181, 0.1751, 0.1787, 0.1758, 0.1714, 0.1471, 0.1642, 0.1619, 0.1615, 0.1596, 0.1585, 0.1547, 0.1563, 0.1646, 0.1744, 0.1702, 0.1698, 0.1657, 0.1613, 0.1591, 0.1627, 0.161, 0.155, 0.1514, 0.1496, 0.1627, 0.1622, 0.1588, 0.159, 0.1541]","[0.2255, 0.2248, 0.2231, 0.2225, 0.2218, 0.2201, 0.2194, 0.2187, 0.2179, 0.2172, 0.2165, 0.2158, 0.2151, 0.2144, 0.2137, 0.213, 0.2123, 0.2116, 0.2109, 0.2102, 0.2095, 0.2088, 0.2081, 0.2074, 0.2067, 0.206, 0.2053, 0.2046, 0.2039, 0.2032]"
google/gemma-3-4b-it,XLMUSDT,28,0.0323,19.26,2,1,"[0.1557, 0.1515, 0.1595, 0.1569, 0.1522, 0.1504, 0.1482, 0.1508, 0.1586, 0.1592, 0.16, 0.1641, 0.1665, 0.1693, 0.176, 0.1736, 0.1702, 0.1654, 0.1654, 0.1621, 0.156, 0.1668, 0.1738, 0.1774, 0.1738, 0.1674, 0.168, 0.1645, 0.1674, 0.1673]","[0.1663, 0.1632, 0.1601, 0.157, 0.1549, 0.1528, 0.1507, 0.1486, 0.1465, 0.1444, 0.1423, 0.1402, 0.1381, 0.136, 0.1339, 0.1318, 0.1297, 0.1276, 0.1255, 0.1234, 0.1213, 0.1192, 0.1171, 0.115, 0.1129, 0.1108, 0.1087, 0.1066, 0.1045, 0.1024]"
google/gemma-3-4b-it,XRPUSDT,28,0.1095,5.32,2,1,"[1.8799, 2.0069, 2.0182, 2.0909, 2.3478, 2.3042, 2.1657, 2.1232, 2.0958, 2.0907, 2.0745, 2.054, 2.1655, 2.1394, 2.0789, 2.0678, 2.0631, 1.9914, 1.986, 1.89, 1.9476, 1.9236, 1.9196, 1.9143, 1.8356, 1.9041, 1.9158, 1.9111, 1.8076, 1.7352]","[2.0583, 2.0457, 2.0321, 2.0285, 2.0462, 2.0708, 2.0955, 2.0432, 2.0368, 2.0104, 1.9861, 1.9158, 1.9475, 1.8792, 1.816, 1.8917, 1.9159, 1.9031, 1.8758, 1.8445, 1.8332, 1.8649, 1.8567, 1.8794, 1.8612, 1.8538, 1.8765, 1.8442, 1.867, 1.8558]"
google/gemma-3-4b-it,XRPUSDT,28,0.5369,37.74,2,1,"[1.6472, 1.5908, 1.6198, 1.5791, 1.512, 1.2146, 1.4698, 1.4231, 1.4308, 1.437, 1.3999, 1.3697, 1.3635, 1.4071, 1.5094, 1.4753, 1.4876, 1.4743, 1.4219, 1.4068, 1.4292, 1.4304, 1.3932, 1.3518, 1.3482, 1.4339, 1.4027, 1.3562, 1.3762, 1.3524]","[2.0838, 2.0773, 2.0687, 2.0602, 2.0518, 2.0435, 2.0353, 2.0272, 2.0192, 2.0113, 2.0036, 1.996, 1.9885, 1.9811, 1.9738, 1.9666, 1.9595, 1.9525, 1.9456, 1.9388, 1.9321, 1.9255, 1.919, 1.9126, 1.9063, 1.9001, 1.894, 1.888, 1.882, 1.876]"
google/gemma-3-4b-it,XRPUSDT,28,0.0619,4.32,2,1,"[1.39, 1.3607, 1.4309, 1.4037, 1.3633, 1.3567, 1.34, 1.3631, 1.3863, 1.3847, 1.3846, 1.3989, 1.4063, 1.4487, 1.543, 1.5182, 1.4647, 1.4475, 1.4452, 1.4086, 1.3848, 1.4323, 1.416, 1.4145, 1.3609, 1.3257, 1.3333, 1.3278, 1.3242, 1.3411]","[1.3883, 1.3724, 1.3575, 1.3436, 1.3397, 1.3558, 1.3689, 1.361, 1.3441, 1.3302, 1.3263, 1.3494, 1.3625, 1.3556, 1.3487, 1.3418, 1.3349, 1.328, 1.3311, 1.3142, 1.3073, 1.3104, 1.3235, 1.3366, 1.3497, 1.3628, 1.3559, 1.349, 1.3421, 1.3352]"
