Model,Coin,Lookback,MAE_Window,MAPE_Window,Total_Attempts,Final_Style,Actual_30_Days,Predicted_30_Days
meta-llama/Llama-3.2-3B-Instruct,ADAUSDT,1,0.0462,11.81,0,0,"[0.3565, 0.3949, 0.3893, 0.4007, 0.4211, 0.4194, 0.4022, 0.3956, 0.3914, 0.3886, 0.391, 0.3862, 0.4218, 0.4143, 0.3936, 0.3955, 0.3973, 0.3758, 0.3703, 0.3507, 0.3659, 0.3594, 0.3602, 0.3583, 0.3391, 0.3521, 0.3608, 0.3583, 0.3347, 0.3208]","[0.3335, 0.3335, 0.3335, 0.3335, 0.3335, 0.3335, 0.3335, 0.3335, 0.3335, 0.3335, 0.3335, 0.3335, 0.3335, 0.3335, 0.3335, 0.3335, 0.3335, 0.3335, 0.3335, 0.3335, 0.3335, 0.3335, 0.3335, 0.3335, 0.3335, 0.3335, 0.3335, 0.3335, 0.3335, 0.3335]"
meta-llama/Llama-3.2-3B-Instruct,ADAUSDT,1,0.0473,17.33,0,0,"[0.2936, 0.2858, 0.2991, 0.2917, 0.2864, 0.2455, 0.2762, 0.2721, 0.2701, 0.2699, 0.262, 0.2559, 0.2643, 0.2728, 0.295, 0.2818, 0.2858, 0.2811, 0.2735, 0.2729, 0.2849, 0.28, 0.2717, 0.2623, 0.2587, 0.2971, 0.287, 0.2776, 0.281, 0.2735]","[0.3214, 0.3216, 0.3218, 0.322, 0.3222, 0.3224, 0.3226, 0.3228, 0.323, 0.3232, 0.3234, 0.3236, 0.3238, 0.324, 0.3242, 0.3244, 0.3246, 0.3248, 0.325, 0.3252, 0.3254, 0.3256, 0.3258, 0.326, 0.3262, 0.3264, 0.3266, 0.3268, 0.327, 0.3272]"
meta-llama/Llama-3.2-3B-Instruct,ADAUSDT,1,0.016,6.27,0,0,"[0.2771, 0.2625, 0.2763, 0.2692, 0.259, 0.2544, 0.2493, 0.2552, 0.2621, 0.2626, 0.2636, 0.2656, 0.2634, 0.2702, 0.2904, 0.2891, 0.2742, 0.2675, 0.2661, 0.2574, 0.2506, 0.2616, 0.2664, 0.2705, 0.2547, 0.2461, 0.246, 0.2398, 0.2434, 0.2418]","[0.2742, 0.2743, 0.2744, 0.2745, 0.2746, 0.2747, 0.2748, 0.2749, 0.275, 0.2751, 0.2752, 0.2753, 0.2754, 0.2755, 0.2756, 0.2757, 0.2758, 0.2759, 0.276, 0.2761, 0.2762, 0.2763, 0.2764, 0.2765, 0.2766, 0.2767, 0.2768, 0.2769, 0.277, 0.2771]"
meta-llama/Llama-3.2-3B-Instruct,ALGOUSDT,1,0.0142,10.82,0,0,"[0.1202, 0.1275, 0.1279, 0.1362, 0.1396, 0.1423, 0.1364, 0.1344, 0.1332, 0.1337, 0.1323, 0.129, 0.1385, 0.1365, 0.128, 0.1303, 0.1315, 0.1228, 0.1209, 0.1143, 0.1177, 0.1188, 0.1203, 0.1186, 0.1147, 0.1221, 0.122, 0.1263, 0.1145, 0.1121]","[0.1112, 0.1113, 0.1114, 0.1115, 0.1116, 0.1117, 0.1118, 0.1119, 0.112, 0.1121, 0.1122, 0.1123, 0.1124, 0.1125, 0.1126, 0.1127, 0.1128, 0.1129, 0.113, 0.1131, 0.1132, 0.1133, 0.1134, 0.1135, 0.1136, 0.1137, 0.1138, 0.1139, 0.114, 0.1141]"
meta-llama/Llama-3.2-3B-Instruct,ALGOUSDT,1,0.0384,42.41,0,0,"[0.104, 0.1005, 0.1049, 0.1064, 0.1031, 0.0884, 0.0989, 0.0977, 0.0969, 0.096, 0.0917, 0.0891, 0.0918, 0.0941, 0.0997, 0.0959, 0.0947, 0.0931, 0.091, 0.0892, 0.0905, 0.0896, 0.0868, 0.0839, 0.0835, 0.091, 0.088, 0.0866, 0.0879, 0.0856]","[0.1144, 0.1156, 0.1168, 0.118, 0.1192, 0.1204, 0.1216, 0.1228, 0.124, 0.1252, 0.1264, 0.1276, 0.1288, 0.13, 0.1312, 0.1324, 0.1336, 0.1348, 0.136, 0.1372, 0.1384, 0.1396, 0.1408, 0.142, 0.1432, 0.1444, 0.1456, 0.1468, 0.148, 0.1492]"
meta-llama/Llama-3.2-3B-Instruct,ALGOUSDT,1,0.0232,26.98,0,0,"[0.088, 0.0861, 0.0888, 0.0873, 0.0844, 0.083, 0.0818, 0.0833, 0.0853, 0.0862, 0.089, 0.0939, 0.091, 0.0926, 0.0972, 0.0947, 0.0901, 0.0893, 0.0898, 0.0868, 0.0855, 0.0875, 0.0872, 0.0875, 0.084, 0.0815, 0.0816, 0.0812, 0.0822, 0.0939]","[0.0862, 0.0878, 0.0894, 0.091, 0.0926, 0.0942, 0.096, 0.0977, 0.0994, 0.1011, 0.1028, 0.1045, 0.1062, 0.1079, 0.1096, 0.1113, 0.113, 0.1147, 0.1164, 0.1181, 0.1198, 0.1215, 0.1232, 0.1249, 0.1266, 0.1283, 0.13, 0.1317, 0.1334, 0.1351]"
meta-llama/Llama-3.2-3B-Instruct,ATOMUSDT,1,0.4495,18.54,0,0,"[2.069, 2.168, 2.239, 2.34, 2.369, 2.532, 2.433, 2.461, 2.592, 2.57, 2.574, 2.487, 2.636, 2.582, 2.477, 2.494, 2.567, 2.426, 2.456, 2.295, 2.382, 2.335, 2.368, 2.334, 2.236, 2.222, 2.244, 2.237, 2.128, 2.112]","[1.9395, 1.9388, 1.9381, 1.9374, 1.9367, 1.936, 1.9353, 1.9346, 1.9339, 1.9332, 1.9325, 1.9318, 1.9311, 1.9303, 1.9296, 1.9289, 1.9282, 1.9275, 1.9268, 1.9261, 1.9254, 1.9247, 1.924, 1.9233, 1.9226, 1.922, 1.9214, 1.9207, 1.9201, 1.9194]"
meta-llama/Llama-3.2-3B-Instruct,ATOMUSDT,1,0.173,8.77,0,0,"[1.971, 1.91, 1.982, 2.036, 1.995, 1.819, 1.987, 1.989, 1.95, 1.96, 1.922, 1.945, 1.968, 2.122, 2.186, 2.137, 2.292, 2.242, 2.346, 2.292, 2.358, 2.314, 2.25, 2.12, 1.992, 1.942, 1.879, 1.849, 1.849, 1.799]","[2.115, 2.118, 2.121, 2.124, 2.127, 2.13, 2.133, 2.136, 2.139, 2.142, 2.145, 2.148, 2.151, 2.154, 2.157, 2.16, 2.163, 2.166, 2.169, 2.172, 2.175, 2.178, 2.181, 2.184, 2.187, 2.19, 2.193, 2.196, 2.199, 2.202]"
meta-llama/Llama-3.2-3B-Instruct,ATOMUSDT,1,0.0698,3.93,0,0,"[1.843, 1.814, 1.879, 1.84, 1.809, 1.785, 1.738, 1.743, 1.788, 1.84, 1.838, 1.862, 1.87, 1.861, 1.978, 1.961, 1.909, 1.811, 1.834, 1.793, 1.769, 1.786, 1.787, 1.765, 1.699, 1.676, 1.666, 1.646, 1.665, 1.707]","[1.8, 1.801, 1.802, 1.803, 1.804, 1.805, 1.806, 1.807, 1.808, 1.809, 1.81, 1.811, 1.812, 1.813, 1.814, 1.815, 1.816, 1.817, 1.818, 1.819, 1.82, 1.821, 1.822, 1.823, 1.824, 1.825, 1.826, 1.827, 1.828, 1.829]"
meta-llama/Llama-3.2-3B-Instruct,AVAXUSDT,1,1.1917,8.91,0,0,"[13.59, 13.82, 13.99, 14.25, 14.45, 14.59, 14.11, 13.89, 13.79, 13.74, 13.7, 13.53, 14.75, 14.6, 13.82, 13.59, 13.75, 12.98, 12.74, 12.09, 12.42, 12.2, 12.13, 12.05, 11.49, 11.72, 12.14, 12.07, 11.04, 10.87]","[12.33, 12.34, 12.35, 12.36, 12.37, 12.38, 12.39, 12.4, 12.41, 12.42, 12.43, 12.44, 12.45, 12.46, 12.47, 12.48, 12.49, 12.5, 12.51, 12.52, 12.53, 12.54, 12.55, 12.56, 12.57, 12.58, 12.59, 12.6, 12.61, 12.62]"
meta-llama/Llama-3.2-3B-Instruct,AVAXUSDT,1,2.7267,30.1,0,0,"[10.12, 9.91, 10.14, 9.93, 9.72, 8.32, 9.28, 9.23, 9.08, 9.06, 8.76, 8.63, 8.9, 9.14, 9.59, 9.29, 9.26, 9.14, 8.86, 8.91, 9.17, 9.12, 8.87, 8.36, 8.29, 9.51, 9.31, 8.95, 9.16, 9.04]","[11.75, 11.76, 11.77, 11.78, 11.79, 11.8, 11.81, 11.82, 11.83, 11.84, 11.85, 11.86, 11.87, 11.88, 11.89, 11.9, 11.91, 11.92, 11.93, 11.94, 11.95, 11.96, 11.97, 11.98, 11.99, 12.0, 12.01, 12.02, 12.03, 12.04]"
meta-llama/Llama-3.2-3B-Instruct,AVAXUSDT,1,0.438,4.55,0,0,"[9.17, 9.18, 9.5, 9.39, 9.01, 8.91, 8.82, 9.26, 9.53, 9.55, 9.67, 9.72, 9.73, 9.95, 10.49, 10.2, 9.69, 9.48, 9.56, 9.21, 9.03, 9.56, 9.62, 9.68, 9.11, 8.79, 8.75, 8.6, 8.81, 8.91]","[9.04, 9.04, 9.04, 9.04, 9.04, 9.04, 9.04, 9.04, 9.04, 9.04, 9.04, 9.04, 9.04, 9.04, 9.04, 9.04, 9.04, 9.04, 9.04, 9.04, 9.04, 9.04, 9.04, 9.04, 9.04, 9.04, 9.04, 9.04, 9.04, 9.04]"
meta-llama/Llama-3.2-3B-Instruct,BCHUSDT,1,22.2133,3.63,0,0,"[593.2, 609.8, 654.5, 639.1, 645.2, 638.2, 629.2, 632.0, 634.7, 643.9, 649.1, 621.7, 617.0, 597.4, 590.8, 599.5, 594.1, 591.4, 584.0, 573.2, 584.8, 599.2, 595.7, 593.6, 572.2, 578.7, 600.2, 591.1, 554.1, 553.2]","[599.5, 599.5, 599.5, 599.5, 599.5, 599.5, 599.5, 599.5, 599.5, 599.5, 599.5, 599.5, 599.5, 599.5, 599.5, 599.5, 599.5, 599.5, 599.5, 599.5, 599.5, 599.5, 599.5, 599.5, 599.5, 599.5, 599.5, 599.5, 599.5, 599.5]"
meta-llama/Llama-3.2-3B-Instruct,BCHUSDT,1,37.3033,7.62,0,0,"[507.5, 516.2, 539.7, 527.1, 532.5, 453.9, 523.2, 525.1, 527.0, 533.0, 524.3, 516.2, 503.0, 563.9, 562.9, 553.5, 569.2, 563.4, 558.0, 560.4, 562.4, 564.1, 570.7, 495.8, 484.8, 492.9, 478.4, 461.5, 457.6, 441.7]","[553.2, 553.2, 553.2, 553.2, 553.2, 553.2, 553.2, 553.2, 553.2, 553.2, 553.2, 553.2, 553.2, 553.2, 553.2, 553.2, 553.2, 553.2, 553.2, 553.2, 553.2, 553.2, 553.2, 553.2, 553.2, 553.2, 553.2, 553.2, 553.2, 553.2]"
meta-llama/Llama-3.2-3B-Instruct,BCHUSDT,1,14.18,3.07,2,1,"[445.3, 443.9, 466.9, 461.6, 449.7, 450.2, 443.1, 444.6, 447.1, 455.1, 455.2, 461.0, 467.6, 469.7, 478.8, 470.7, 456.9, 455.6, 474.6, 462.6, 467.4, 478.0, 477.4, 473.6, 461.9, 472.9, 481.2, 452.7, 460.3, 466.5]","[442.5, 443.3, 444.9, 446.8, 448.6, 450.7, 452.9, 455.1, 457.4, 459.7, 461.9, 464.2, 466.5, 468.8, 471.0, 473.3, 475.6, 477.9, 480.2, 482.5, 484.8, 487.1, 489.4, 491.7, 494.0, 496.3, 498.6, 500.9, 503.2, 505.5]"
meta-llama/Llama-3.2-3B-Instruct,BNBUSDT,1,36.8813,4.02,0,0,"[864.39, 881.25, 878.63, 895.43, 910.31, 917.64, 900.3, 892.26, 896.86, 907.93, 904.32, 905.78, 943.73, 948.47, 931.2, 938.16, 947.12, 932.51, 923.6, 884.2, 883.36, 888.06, 891.63, 887.17, 866.02, 879.41, 898.36, 902.91, 868.69, 858.81]","[864.31, 864.32, 864.33, 864.34, 864.35, 864.36, 864.37, 864.38, 864.39, 864.4, 864.41, 864.42, 864.43, 864.44, 864.45, 864.46, 864.47, 864.48, 864.49, 864.5, 864.51, 864.52, 864.53, 864.54, 864.55, 864.56, 864.57, 864.58, 864.59, 864.6]"
meta-llama/Llama-3.2-3B-Instruct,BNBUSDT,1,217.4637,34.66,0,0,"[781.38, 758.54, 773.94, 754.78, 697.27, 608.3, 657.21, 647.0, 639.93, 636.39, 619.85, 608.11, 614.29, 618.94, 632.77, 615.16, 627.19, 617.74, 604.8, 607.83, 625.91, 625.61, 614.8, 596.41, 583.6, 629.42, 625.74, 614.03, 617.14, 617.96]","[859.72, 859.73, 859.74, 859.75, 859.76, 859.77, 859.78, 859.79, 859.8, 859.81, 859.82, 859.83, 859.84, 859.85, 859.86, 859.87, 859.88, 859.89, 859.9, 859.91, 859.92, 859.93, 859.94, 859.95, 859.96, 859.97, 859.98, 859.99, 860.0, 860.01]"
meta-llama/Llama-3.2-3B-Instruct,BNBUSDT,1,22.8243,3.51,0,0,"[637.79, 633.56, 657.99, 647.85, 627.31, 620.26, 611.98, 634.64, 642.0, 651.46, 651.72, 655.73, 657.7, 673.77, 679.71, 668.61, 652.27, 639.15, 642.11, 630.7, 626.41, 639.11, 638.3, 647.66, 628.86, 613.95, 611.08, 606.09, 609.29, 617.43]","[618.0, 618.04, 618.08, 618.12, 618.16, 618.2, 618.24, 618.28, 618.32, 618.36, 618.4, 618.44, 618.48, 618.52, 618.56, 618.6, 618.64, 618.68, 618.72, 618.76, 618.8, 618.84, 618.88, 618.92, 618.96, 619.0, 619.04, 619.08, 619.12, 619.16]"
meta-llama/Llama-3.2-3B-Instruct,BTCUSDT,1,33876.4333,37.96,0,0,"[88839.04, 89995.13, 90628.01, 91529.73, 93859.71, 93747.97, 91364.16, 91099.99, 90641.28, 90504.7, 91013.65, 91296.2, 95414.0, 96951.78, 95604.8, 95550.94, 95147.77, 93673.14, 92631.0, 88427.66, 89454.73, 89559.67, 89600.26, 89225.34, 86670.36, 88347.08, 89250.0, 89299.99, 84650.16, 84260.49]","[990000.0, 87649.88, 87601.66, 87553.44, 87498.32, 87542.2, 87587.08, 87532.06, 87467.94, 87502.82, 87497.7, 87517.58, 87543.46, 87569.34, 87505.22, 87531.1, 87457.98, 87507.86, 87483.74, 87521.62, 87459.5, 87535.38, 87495.26, 87511.14, 87471.02, 87527.9, 87437.78, 87545.66, 87493.54, 87513.42]"
meta-llama/Llama-3.2-3B-Instruct,BTCUSDT,1,28711.4223,39.53,0,0,"[78741.09, 76968.21, 78738.61, 75770.21, 73165.83, 62909.86, 70580.26, 69289.38, 70330.38, 70138.0, 68841.29, 67082.52, 66272.17, 68853.96, 69822.95, 68832.58, 68892.43, 67503.52, 66461.0, 67003.73, 68020.01, 67975.93, 67643.4, 64656.02, 64058.15, 67988.04, 67485.18, 65872.1, 66973.26, 65776.47]","[490000.0, 84261.49, 84262.49, 84263.49, 84264.49, 84265.49, 84266.49, 84267.49, 84268.49, 84269.49, 84270.49, 84271.49, 84272.49, 84273.49, 84274.49, 84275.49, 84276.49, 84277.49, 84278.49, 84279.49, 84280.49, 84281.49, 84282.49, 84283.49, 84284.49, 84285.49, 84286.49, 84287.49, 84288.49, 84289.49]"
meta-llama/Llama-3.2-3B-Instruct,BTCUSDT,1,17123.9433,24.71,0,0,"[68830.06, 68338.0, 72666.77, 70890.72, 68114.02, 67262.91, 65971.2, 68432.16, 69948.63, 70191.86, 70541.34, 70930.0, 71211.95, 72815.24, 74884.67, 73909.36, 71246.54, 69930.0, 70510.73, 68918.12, 67859.0, 70906.45, 70556.74, 71336.53, 68820.31, 66407.28, 66377.03, 66010.93, 66797.37, 68284.48]","[470000.0, 65776.48, 65776.49, 65776.5, 65776.51, 65776.52, 65776.53, 65776.54, 65776.55, 65776.56, 65776.57, 65776.58, 65776.59, 65776.6, 65776.61, 65776.62, 65776.63, 65776.64, 65776.65, 65776.66, 65776.67, 65776.68, 65776.69, 65776.7, 65776.71, 65776.72, 65776.73, 65776.74, 65776.75, 65776.76]"
meta-llama/Llama-3.2-3B-Instruct,DOGEUSDT,1,0.0186,14.11,0,0,"[0.12683, 0.14188, 0.14315, 0.14953, 0.15171, 0.15055, 0.14642, 0.14194, 0.14071, 0.13965, 0.13801, 0.13662, 0.14828, 0.14718, 0.14004, 0.13813, 0.13788, 0.13164, 0.12916, 0.12336, 0.12654, 0.12437, 0.12477, 0.12423, 0.11945, 0.12236, 0.12619, 0.125, 0.11728, 0.11581]","[0.11804, 0.11901, 0.12003, 0.12106, 0.12214, 0.12331, 0.12451, 0.12573, 0.12697, 0.12823, 0.1295, 0.13078, 0.13207, 0.13336, 0.13466, 0.136, 0.13733, 0.13869, 0.14005, 0.14143, 0.14281, 0.1442, 0.14559, 0.147, 0.14841, 0.14982, 0.15124, 0.15267, 0.15411, 0.15556]"
meta-llama/Llama-3.2-3B-Instruct,DOGEUSDT,1,0.018,18.66,0,0,"[0.10426, 0.10426, 0.10792, 0.10602, 0.10383, 0.08849, 0.09848, 0.09823, 0.09663, 0.09611, 0.09277, 0.09112, 0.093, 0.09667, 0.11104, 0.10269, 0.10102, 0.10066, 0.09855, 0.09837, 0.10011, 0.09841, 0.09558, 0.09266, 0.09137, 0.10095, 0.09701, 0.09337, 0.09405, 0.0919]","[0.11602, 0.11603, 0.11604, 0.11605, 0.11606, 0.11607, 0.11608, 0.11609, 0.1161, 0.11611, 0.11612, 0.11613, 0.11614, 0.11615, 0.11616, 0.11617, 0.11618, 0.11619, 0.1162, 0.11621, 0.11622, 0.11623, 0.11624, 0.11625, 0.11626, 0.11627, 0.11628, 0.11629, 0.1163, 0.11631]"
meta-llama/Llama-3.2-3B-Instruct,DOGEUSDT,1,0.0034,3.7,0,0,"[0.09356, 0.08997, 0.09893, 0.09356, 0.09129, 0.08993, 0.08915, 0.09049, 0.09452, 0.09288, 0.09475, 0.09596, 0.09604, 0.09738, 0.10304, 0.10015, 0.09526, 0.09354, 0.09416, 0.09135, 0.09015, 0.09415, 0.0951, 0.09618, 0.09205, 0.09011, 0.091, 0.09045, 0.09083, 0.09232]","[0.0924, 0.0926, 0.0928, 0.093, 0.0932, 0.0934, 0.0936, 0.0938, 0.094, 0.0942, 0.0944, 0.0946, 0.0948, 0.095, 0.0952, 0.0954, 0.0956, 0.0958, 0.096, 0.0962, 0.0964, 0.0966, 0.0968, 0.097, 0.0972, 0.0974, 0.0976, 0.0978, 0.098, 0.0982]"
meta-llama/Llama-3.2-3B-Instruct,DOTUSDT,1,0.2413,11.49,0,0,"[1.999, 2.166, 2.125, 2.142, 2.208, 2.235, 2.145, 2.111, 2.083, 2.093, 2.07, 2.055, 2.282, 2.226, 2.117, 2.119, 2.179, 2.065, 2.028, 1.897, 1.955, 1.927, 1.926, 1.93, 1.823, 1.875, 1.876, 1.87, 1.736, 1.69]","[1.79, 1.791, 1.792, 1.793, 1.794, 1.795, 1.796, 1.797, 1.798, 1.799, 1.8, 1.801, 1.802, 1.803, 1.804, 1.805, 1.806, 1.807, 1.808, 1.809, 1.81, 1.811, 1.812, 1.813, 1.814, 1.815, 1.816, 1.817, 1.818, 1.819]"
meta-llama/Llama-3.2-3B-Instruct,DOTUSDT,1,0.2891,21.57,0,0,"[1.547, 1.495, 1.543, 1.5, 1.461, 1.248, 1.368, 1.372, 1.337, 1.32, 1.283, 1.256, 1.283, 1.33, 1.421, 1.357, 1.376, 1.347, 1.311, 1.287, 1.341, 1.36, 1.313, 1.265, 1.238, 1.663, 1.609, 1.599, 1.662, 1.534]","[1.69, 1.69, 1.69, 1.69, 1.69, 1.69, 1.69, 1.69, 1.69, 1.69, 1.69, 1.69, 1.69, 1.69, 1.69, 1.69, 1.69, 1.69, 1.69, 1.69, 1.69, 1.69, 1.69, 1.69, 1.69, 1.69, 1.69, 1.69, 1.69, 1.69]"
meta-llama/Llama-3.2-3B-Instruct,DOTUSDT,1,0.1194,8.81,0,0,"[1.509, 1.533, 1.541, 1.53, 1.488, 1.448, 1.452, 1.494, 1.486, 1.522, 1.518, 1.464, 1.414, 1.441, 1.64, 1.62, 1.577, 1.521, 1.499, 1.468, 1.413, 1.421, 1.401, 1.363, 1.321, 1.292, 1.259, 1.261, 1.243, 1.253]","[1.5393, 1.5404, 1.5415, 1.5426, 1.5437, 1.5448, 1.5459, 1.5469, 1.5479, 1.5489, 1.5499, 1.5509, 1.5519, 1.5529, 1.5539, 1.5549, 1.5559, 1.5569, 1.5579, 1.5589, 1.5599, 1.5609, 1.5619, 1.5629, 1.5639, 1.5649, 1.5659, 1.5669, 1.5679, 1.5689]"
meta-llama/Llama-3.2-3B-Instruct,ETCUSDT,1,0.8533,6.78,0,0,"[12.06, 12.52, 12.56, 12.82, 13.31, 13.37, 12.88, 12.61, 12.61, 12.54, 12.37, 12.26, 13.29, 13.2, 12.65, 12.76, 12.85, 12.24, 12.03, 11.54, 11.66, 11.58, 11.67, 11.59, 11.14, 11.39, 11.58, 11.55, 10.81, 10.6]","[11.48, 11.48, 11.48, 11.48, 11.48, 11.48, 11.48, 11.48, 11.48, 11.48, 11.48, 11.48, 11.48, 11.48, 11.48, 11.48, 11.48, 11.48, 11.48, 11.48, 11.48, 11.48, 11.48, 11.48, 11.48, 11.48, 11.48, 11.48, 11.48, 11.48]"
meta-llama/Llama-3.2-3B-Instruct,ETCUSDT,1,2.1287,24.58,0,0,"[9.76, 9.5, 9.81, 9.57, 9.34, 8.06, 8.84, 8.78, 8.57, 8.59, 8.33, 8.14, 8.25, 8.53, 9.0, 8.74, 8.84, 8.68, 8.44, 8.27, 8.76, 9.05, 8.52, 8.36, 8.3, 9.15, 8.86, 8.65, 8.68, 8.47]","[11.18, 11.16, 11.14, 11.12, 11.1, 11.08, 11.06, 11.04, 11.02, 11.0, 10.98, 10.96, 10.94, 10.92, 10.9, 10.88, 10.86, 10.84, 10.82, 10.8, 10.78, 10.76, 10.74, 10.72, 10.7, 10.68, 10.66, 10.64, 10.62, 10.6]"
meta-llama/Llama-3.2-3B-Instruct,ETCUSDT,1,0.259,3.11,0,0,"[8.72, 8.49, 8.85, 8.65, 8.25, 8.12, 7.99, 8.16, 8.23, 8.28, 8.27, 8.49, 8.26, 8.48, 9.03, 8.86, 8.51, 8.34, 8.41, 8.18, 8.03, 8.59, 8.67, 8.68, 8.21, 8.09, 8.04, 7.95, 8.07, 8.19]","[8.47, 8.47, 8.47, 8.47, 8.47, 8.47, 8.47, 8.47, 8.47, 8.47, 8.47, 8.47, 8.47, 8.47, 8.47, 8.47, 8.47, 8.47, 8.47, 8.47, 8.47, 8.47, 8.47, 8.47, 8.47, 8.47, 8.47, 8.47, 8.47, 8.47]"
meta-llama/Llama-3.2-3B-Instruct,ETHUSDT,1,518.8363,17.61,2,1,"[3004.19, 3125.45, 3127.11, 3144.7, 3224.99, 3296.84, 3168.72, 3106.65, 3088.4, 3086.72, 3123.45, 3095.75, 3325.82, 3354.92, 3318.69, 3296.28, 3310.56, 3284.03, 3189.55, 2939.88, 2982.27, 2952.69, 2956.41, 2953.22, 2816.89, 2930.35, 3026.77, 3010.78, 2822.59, 2707.38]","[2993.42, 3000.44, 3014.56, 3026.76, 3043.28, 3067.12, 3093.36, 3123.92, 3157.52, 3195.04, 3237.84, 3283.72, 3326.24, 3373.44, 3425.96, 3479.88, 3537.48, 3598.4, 3662.08, 3729.6, 3799.92, 3863.44, 3931.36, 4004.8, 4074.16, 4149.28, 4228.32, 4311.44, 4400.56, 4497.68]"
meta-llama/Llama-3.2-3B-Instruct,ETHUSDT,1,672.2273,33.61,0,0,"[2451.95, 2270.15, 2347.02, 2233.72, 2148.26, 1826.83, 2063.38, 2087.08, 2089.74, 2105.02, 2022.67, 1941.18, 1947.85, 2048.72, 2086.59, 1966.58, 1998.33, 1991.66, 1955.91, 1949.08, 1968.88, 1973.35, 1957.82, 1856.3, 1851.94, 2057.48, 2027.68, 1929.84, 1964.51, 1939.71]","[2707.39, 2707.4, 2707.41, 2707.42, 2707.43, 2707.44, 2707.45, 2707.46, 2707.47, 2707.48, 2707.49, 2707.5, 2707.51, 2707.52, 2707.53, 2707.54, 2707.55, 2707.56, 2707.57, 2707.58, 2707.59, 2707.6, 2707.61, 2707.62, 2707.63, 2707.64, 2707.65, 2707.66, 2707.67, 2707.68]"
meta-llama/Llama-3.2-3B-Instruct,ETHUSDT,1,130.6177,6.08,0,0,"[2027.35, 1982.8, 2127.28, 2072.86, 1978.68, 1969.59, 1937.1, 1992.98, 2036.51, 2051.97, 2073.52, 2092.22, 2096.16, 2178.3, 2352.97, 2317.39, 2203.39, 2137.81, 2146.22, 2084.87, 2053.89, 2152.03, 2156.23, 2169.02, 2060.43, 1992.75, 1994.74, 1984.64, 2026.48, 2105.43]","[1940.71, 1941.71, 1942.71, 1943.71, 1944.71, 1945.71, 1946.71, 1947.71, 1948.71, 1949.71, 1950.71, 1951.71, 1952.71, 1953.71, 1954.71, 1955.71, 1956.71, 1957.71, 1958.71, 1959.71, 1960.71, 1961.71, 1962.71, 1963.71, 1964.71, 1965.71, 1966.71, 1967.71, 1968.71, 1969.71]"
meta-llama/Llama-3.2-3B-Instruct,FILUSDT,1,0.1461,9.86,0,0,"[1.483, 1.504, 1.494, 1.494, 1.569, 1.593, 1.519, 1.497, 1.488, 1.482, 1.457, 1.461, 1.576, 1.592, 1.504, 1.52, 1.551, 1.45, 1.384, 1.312, 1.348, 1.319, 1.313, 1.315, 1.251, 1.269, 1.272, 1.28, 1.194, 1.176]","[1.3, 1.300001, 1.300002, 1.300003, 1.300004, 1.300005, 1.300006, 1.300007, 1.300008, 1.300009, 1.30001, 1.300011, 1.300012, 1.300013, 1.300014, 1.300015, 1.300016, 1.300017, 1.300018, 1.300019, 1.30002, 1.300021, 1.300022, 1.300023, 1.300024, 1.300025, 1.300026, 1.300027, 1.300028, 1.300029]"
meta-llama/Llama-3.2-3B-Instruct,FILUSDT,1,0.2219,23.35,0,0,"[1.052, 1.035, 1.083, 1.068, 1.05, 0.883, 0.977, 0.976, 0.934, 0.938, 0.902, 0.879, 0.914, 0.958, 1.015, 0.963, 0.978, 0.96, 0.927, 0.915, 0.958, 0.97, 0.93, 0.891, 0.88, 1.062, 1.026, 0.994, 1.005, 0.964]","[1.177, 1.178, 1.179, 1.18, 1.181, 1.182, 1.183, 1.184, 1.185, 1.186, 1.187, 1.188, 1.189, 1.19, 1.191, 1.192, 1.193, 1.194, 1.195, 1.196, 1.197, 1.198, 1.199, 1.2, 1.201, 1.202, 1.203, 1.204, 1.205, 1.206]"
meta-llama/Llama-3.2-3B-Instruct,FILUSDT,1,0.084,9.67,0,0,"[0.987, 1.0, 1.025, 1.011, 0.978, 0.952, 0.934, 0.939, 0.866, 0.878, 0.877, 0.869, 0.883, 0.895, 0.99, 0.969, 0.925, 0.895, 0.902, 0.882, 0.848, 0.923, 0.923, 0.928, 0.869, 0.839, 0.801, 0.802, 0.816, 0.832]","[0.966, 0.967, 0.968, 0.969, 0.97, 0.971, 0.972, 0.973, 0.974, 0.975, 0.976, 0.977, 0.978, 0.979, 0.98, 0.981, 0.982, 0.983, 0.984, 0.985, 0.986, 0.987, 0.988, 0.989, 0.99, 0.991, 0.992, 0.993, 0.994, 0.995]"
meta-llama/Llama-3.2-3B-Instruct,LINKUSDT,1,0.9343,7.19,0,0,"[12.6, 13.27, 13.23, 13.43, 13.9, 14.04, 13.44, 13.21, 13.14, 13.13, 13.21, 13.08, 14.06, 14.11, 13.8, 13.73, 13.75, 13.32, 12.88, 12.12, 12.4, 12.27, 12.22, 12.2, 11.52, 11.95, 12.03, 11.84, 11.13, 10.79]","[12.22, 12.23, 12.24, 12.25, 12.26, 12.27, 12.28, 12.29, 12.3, 12.31, 12.32, 12.33, 12.34, 12.35, 12.36, 12.37, 12.38, 12.39, 12.4, 12.41, 12.42, 12.43, 12.44, 12.45, 12.46, 12.47, 12.48, 12.49, 12.5, 12.51]"
meta-llama/Llama-3.2-3B-Instruct,LINKUSDT,1,2.611,29.75,0,0,"[9.99, 9.41, 9.81, 9.49, 9.25, 7.92, 8.88, 8.91, 8.83, 8.83, 8.57, 8.33, 8.41, 8.77, 9.09, 8.79, 8.94, 8.82, 8.6, 8.58, 8.95, 8.87, 8.69, 8.26, 8.19, 9.27, 9.09, 8.71, 8.85, 8.67]","[11.76, 11.74, 11.72, 11.7, 11.68, 11.66, 11.64, 11.62, 11.6, 11.58, 11.56, 11.54, 11.52, 11.5, 11.48, 11.46, 11.44, 11.42, 11.4, 11.38, 11.36, 11.34, 11.32, 11.3, 11.28, 11.26, 11.24, 11.22, 11.2, 11.18]"
meta-llama/Llama-3.2-3B-Instruct,LINKUSDT,1,0.3837,4.15,0,0,"[8.96, 8.8, 9.35, 9.21, 8.8, 8.7, 8.52, 8.87, 8.99, 8.99, 9.05, 9.08, 9.17, 9.5, 9.92, 9.79, 9.22, 9.04, 9.12, 8.82, 8.68, 9.11, 9.25, 9.37, 8.91, 8.57, 8.44, 8.42, 8.62, 8.78]","[8.67, 8.67, 8.67, 8.67, 8.67, 8.67, 8.67, 8.67, 8.67, 8.67, 8.67, 8.67, 8.67, 8.67, 8.67, 8.67, 8.67, 8.67, 8.67, 8.67, 8.67, 8.67, 8.67, 8.67, 8.67, 8.67, 8.67, 8.67, 8.67, 8.67]"
meta-llama/Llama-3.2-3B-Instruct,LTCUSDT,1,8.0297,11.31,0,0,"[79.97, 81.93, 82.08, 82.26, 83.46, 83.96, 81.71, 81.31, 81.49, 81.19, 78.79, 76.12, 78.18, 76.67, 72.21, 75.22, 74.92, 72.29, 70.8, 67.12, 68.48, 68.19, 68.07, 68.19, 67.3, 69.72, 70.03, 69.42, 66.24, 65.47]","[85.0, 77.08, 77.31, 77.54, 77.77, 78.01, 78.24, 78.47, 78.7, 78.93, 79.16, 79.39, 79.52, 79.65, 79.78, 80.02, 80.25, 80.48, 80.71, 80.94, 81.17, 81.4, 81.63, 81.86, 82.09, 82.32, 82.55, 82.78, 83.01, 83.24]"
meta-llama/Llama-3.2-3B-Instruct,LTCUSDT,1,10.7217,19.75,0,0,"[59.53, 58.49, 60.02, 59.48, 58.89, 50.79, 55.02, 55.19, 54.53, 54.45, 53.38, 52.32, 53.15, 55.03, 55.99, 55.08, 55.13, 53.96, 53.32, 52.7, 55.19, 54.9, 53.48, 51.35, 51.15, 56.76, 55.62, 54.56, 54.4, 53.24]","[65.48, 65.49, 65.5, 65.51, 65.52, 65.53, 65.54, 65.55, 65.56, 65.57, 65.58, 65.59, 65.6, 65.61, 65.62, 65.63, 65.64, 65.65, 65.66, 65.67, 65.68, 65.69, 65.7, 65.71, 65.72, 65.73, 65.74, 65.75, 65.76, 65.77]"
meta-llama/Llama-3.2-3B-Instruct,LTCUSDT,1,1.664,2.97,0,0,"[54.61, 54.76, 56.77, 55.46, 53.81, 53.58, 52.59, 53.77, 53.87, 54.8, 54.56, 55.3, 54.98, 56.27, 58.7, 58.09, 56.08, 55.54, 56.17, 54.81, 53.51, 55.72, 56.38, 56.65, 54.59, 53.72, 53.85, 53.32, 53.34, 53.95]","[53.25, 53.26, 53.27, 53.28, 53.29, 53.3, 53.31, 53.32, 53.33, 53.34, 53.35, 53.36, 53.37, 53.38, 53.39, 53.4, 53.41, 53.42, 53.43, 53.44, 53.45, 53.46, 53.47, 53.48, 53.49, 53.5, 53.51, 53.52, 53.53, 53.54]"
meta-llama/Llama-3.2-3B-Instruct,NEARUSDT,1,0.1477,8.87,0,0,"[1.627, 1.692, 1.711, 1.728, 1.774, 1.808, 1.722, 1.686, 1.703, 1.689, 1.702, 1.675, 1.859, 1.799, 1.722, 1.731, 1.751, 1.629, 1.597, 1.506, 1.529, 1.513, 1.509, 1.506, 1.436, 1.463, 1.49, 1.489, 1.375, 1.323]","[1.516, 1.517, 1.518, 1.519, 1.52, 1.521, 1.522, 1.523, 1.524, 1.525, 1.526, 1.527, 1.528, 1.529, 1.53, 1.531, 1.532, 1.533, 1.534, 1.535, 1.536, 1.537, 1.538, 1.539, 1.54, 1.541, 1.542, 1.543, 1.544, 1.545]"
meta-llama/Llama-3.2-3B-Instruct,NEARUSDT,1,0.2756,26.35,0,0,"[1.206, 1.173, 1.2, 1.176, 1.16, 0.976, 1.087, 1.075, 1.038, 1.03, 0.993, 0.962, 0.964, 1.024, 1.086, 1.056, 1.058, 1.044, 1.017, 1.007, 1.054, 1.059, 1.022, 0.981, 0.967, 1.172, 1.127, 1.094, 1.172, 1.15]","[1.3245, 1.3261, 1.3277, 1.3293, 1.3309, 1.3324, 1.3339, 1.3354, 1.3369, 1.3384, 1.3399, 1.3414, 1.3429, 1.3444, 1.3459, 1.3474, 1.3489, 1.3504, 1.3519, 1.3534, 1.3549, 1.3564, 1.3579, 1.3594, 1.3609, 1.3624, 1.3639, 1.3654, 1.3669, 1.3684]"
meta-llama/Llama-3.2-3B-Instruct,NEARUSDT,1,0.0973,7.44,0,0,"[1.36, 1.358, 1.311, 1.271, 1.227, 1.214, 1.212, 1.235, 1.284, 1.299, 1.368, 1.336, 1.325, 1.35, 1.49, 1.452, 1.386, 1.335, 1.316, 1.281, 1.274, 1.311, 1.292, 1.28, 1.224, 1.18, 1.173, 1.164, 1.162, 1.189]","[1.165, 1.17, 1.175, 1.18, 1.185, 1.19, 1.195, 1.2, 1.205, 1.21, 1.215, 1.22, 1.225, 1.23, 1.235, 1.24, 1.245, 1.25, 1.255, 1.26, 1.265, 1.27, 1.275, 1.28, 1.285, 1.29, 1.295, 1.3, 1.305, 1.31]"
meta-llama/Llama-3.2-3B-Instruct,SOLUSDT,1,15.3957,12.17,0,0,"[126.9, 132.29, 133.37, 134.12, 137.9, 141.08, 136.39, 138.37, 135.97, 135.84, 139.7, 139.22, 145.51, 146.69, 142.4, 144.89, 143.72, 137.87, 133.44, 125.8, 129.54, 128.47, 127.43, 127.21, 118.85, 124.24, 127.19, 125.35, 117.82, 117.59]","[125.0, 125.5, 126.25, 127.0, 128.0, 129.0, 130.0, 131.0, 132.5, 134.0, 135.5, 137.0, 138.5, 140.0, 141.5, 143.0, 144.5, 146.0, 147.5, 149.0, 150.5, 152.0, 153.5, 155.0, 156.5, 158.0, 159.5, 161.0, 162.5, 164.0]"
meta-llama/Llama-3.2-3B-Instruct,SOLUSDT,1,32.103,37.93,0,0,"[105.58, 100.79, 104.55, 97.89, 92.12, 78.35, 87.46, 87.59, 86.99, 86.77, 82.99, 79.3, 78.4, 84.33, 88.06, 86.16, 86.45, 85.08, 81.61, 82.5, 84.67, 85.17, 82.79, 77.9, 78.99, 88.06, 85.91, 81.85, 84.35, 83.6]","[118.5, 118.51, 118.52, 118.53, 118.54, 118.55, 118.56, 118.57, 118.58, 118.59, 118.6, 118.61, 118.62, 118.63, 118.64, 118.65, 118.66, 118.67, 118.68, 118.69, 118.7, 118.71, 118.72, 118.73, 118.74, 118.75, 118.76, 118.77, 118.78, 118.79]"
meta-llama/Llama-3.2-3B-Instruct,SOLUSDT,1,6.7187,7.87,0,0,"[86.64, 86.97, 90.85, 88.77, 84.7, 83.22, 81.59, 84.96, 85.88, 86.58, 86.84, 88.18, 88.03, 92.3, 96.2, 94.62, 90.08, 88.89, 89.84, 87.56, 86.2, 91.43, 90.8, 91.7, 86.53, 83.11, 82.09, 81.44, 82.54, 83.2]","[84.2, 84.8, 85.4, 86.0, 86.6, 87.2, 87.8, 88.4, 89.0, 89.6, 90.2, 90.8, 91.4, 92.0, 92.6, 93.2, 93.8, 94.4, 95.0, 95.6, 96.2, 96.8, 97.4, 98.0, 98.6, 99.2, 99.8, 100.4, 101.0, 101.6]"
meta-llama/Llama-3.2-3B-Instruct,TRXUSDT,1,0.0086,2.82,0,0,"[0.2871, 0.289, 0.2956, 0.2939, 0.2922, 0.2942, 0.2981, 0.295, 0.2984, 0.3024, 0.2995, 0.2998, 0.3071, 0.3047, 0.3126, 0.3096, 0.3188, 0.3178, 0.3119, 0.297, 0.2993, 0.3054, 0.2979, 0.2954, 0.2957, 0.2966, 0.2947, 0.2954, 0.295, 0.2942]","[0.2851, 0.2857, 0.2863, 0.2869, 0.2874, 0.288, 0.2886, 0.2892, 0.2898, 0.2904, 0.291, 0.2916, 0.2922, 0.2928, 0.2934, 0.294, 0.2946, 0.2952, 0.2958, 0.2964, 0.297, 0.2976, 0.2982, 0.2988, 0.2994, 0.3, 0.3006, 0.3012, 0.3018, 0.3024]"
meta-llama/Llama-3.2-3B-Instruct,TRXUSDT,1,0.0144,5.14,0,0,"[0.2866, 0.2847, 0.2835, 0.2861, 0.2833, 0.2696, 0.2741, 0.2782, 0.2778, 0.2791, 0.2782, 0.2784, 0.28, 0.2823, 0.2826, 0.2805, 0.2846, 0.2821, 0.2788, 0.2849, 0.2854, 0.289, 0.2906, 0.2816, 0.2837, 0.2853, 0.2857, 0.2828, 0.2819, 0.2807]","[0.2944, 0.2946, 0.2948, 0.295, 0.2952, 0.2954, 0.2955, 0.2957, 0.2958, 0.296, 0.2961, 0.2962, 0.2963, 0.2964, 0.2965, 0.2966, 0.2967, 0.2968, 0.297, 0.2971, 0.2972, 0.2973, 0.2974, 0.2975, 0.2976, 0.2977, 0.2978, 0.298, 0.2981, 0.2982]"
meta-llama/Llama-3.2-3B-Instruct,TRXUSDT,1,0.0159,5.17,0,0,"[0.2832, 0.2805, 0.2871, 0.2852, 0.2846, 0.2866, 0.2891, 0.2856, 0.2858, 0.2913, 0.2891, 0.2934, 0.2978, 0.2987, 0.2956, 0.3068, 0.3045, 0.3036, 0.3097, 0.3121, 0.3104, 0.3081, 0.3061, 0.3146, 0.3115, 0.3113, 0.3167, 0.322, 0.32, 0.3133]","[0.2814, 0.2816, 0.2818, 0.282, 0.2822, 0.2824, 0.2826, 0.2828, 0.283, 0.2832, 0.2834, 0.2836, 0.2838, 0.284, 0.2842, 0.2844, 0.2846, 0.2848, 0.285, 0.2852, 0.2854, 0.2856, 0.2858, 0.286, 0.2862, 0.2864, 0.2866, 0.2868, 0.287, 0.2872]"
meta-llama/Llama-3.2-3B-Instruct,UNIUSDT,1,0.5108,10.35,0,0,"[5.809, 6.038, 5.917, 5.85, 6.162, 6.07, 5.726, 5.488, 5.467, 5.476, 5.456, 5.367, 5.73, 5.681, 5.35, 5.315, 5.352, 5.095, 5.026, 4.803, 4.94, 4.836, 4.873, 4.855, 4.637, 4.711, 4.8, 4.82, 4.396, 4.276]","[5.64, 5.64, 5.64, 5.64, 5.64, 5.64, 5.64, 5.64, 5.64, 5.64, 5.64, 5.64, 5.64, 5.64, 5.64, 5.64, 5.64, 5.64, 5.64, 5.64, 5.64, 5.64, 5.64, 5.64, 5.64, 5.64, 5.64, 5.64, 5.64, 5.64]"
meta-llama/Llama-3.2-3B-Instruct,UNIUSDT,1,0.6924,19.79,0,0,"[3.96, 3.837, 3.925, 3.86, 3.801, 3.168, 3.552, 3.539, 3.468, 3.493, 3.36, 3.369, 3.247, 3.398, 3.629, 3.471, 3.601, 3.524, 3.403, 3.391, 3.492, 3.609, 3.491, 3.349, 3.337, 4.055, 3.879, 3.742, 3.811, 3.748]","[4.276, 4.276, 4.276, 4.276, 4.276, 4.276, 4.276, 4.276, 4.276, 4.276, 4.276, 4.276, 4.276, 4.276, 4.276, 4.276, 4.276, 4.276, 4.276, 4.276, 4.276, 4.276, 4.276, 4.276, 4.276, 4.276, 4.276, 4.276, 4.276, 4.276]"
meta-llama/Llama-3.2-3B-Instruct,UNIUSDT,1,0.1998,5.4,0,0,"[3.929, 3.912, 3.977, 3.97, 3.848, 3.771, 3.661, 3.861, 3.843, 3.898, 3.918, 4.004, 3.948, 4.069, 4.157, 3.957, 3.681, 3.579, 3.605, 3.486, 3.471, 3.587, 3.609, 3.708, 3.528, 3.388, 3.384, 3.355, 3.48, 3.545]","[3.748, 3.748, 3.748, 3.748, 3.748, 3.748, 3.748, 3.748, 3.748, 3.748, 3.748, 3.748, 3.748, 3.748, 3.748, 3.748, 3.748, 3.748, 3.748, 3.748, 3.748, 3.748, 3.748, 3.748, 3.748, 3.748, 3.748, 3.748, 3.748, 3.748]"
meta-llama/Llama-3.2-3B-Instruct,XLMUSDT,1,0.0183,8.27,0,0,"[0.2087, 0.2191, 0.2222, 0.233, 0.2526, 0.2438, 0.2342, 0.2302, 0.2284, 0.2264, 0.2244, 0.2193, 0.2386, 0.2361, 0.2285, 0.226, 0.2309, 0.2182, 0.2157, 0.207, 0.2124, 0.2115, 0.2122, 0.2115, 0.2033, 0.2074, 0.2085, 0.2105, 0.1987, 0.1919]","[0.202, 0.203, 0.204, 0.205, 0.206, 0.207, 0.208, 0.209, 0.21, 0.211, 0.212, 0.213, 0.214, 0.215, 0.216, 0.217, 0.218, 0.219, 0.22, 0.221, 0.222, 0.223, 0.224, 0.225, 0.226, 0.227, 0.228, 0.229, 0.23, 0.231]"
meta-llama/Llama-3.2-3B-Instruct,XLMUSDT,1,0.0307,19.19,0,0,"[0.181, 0.1751, 0.1787, 0.1758, 0.1714, 0.1471, 0.1642, 0.1619, 0.1615, 0.1596, 0.1585, 0.1547, 0.1563, 0.1646, 0.1744, 0.1702, 0.1698, 0.1657, 0.1613, 0.1591, 0.1627, 0.161, 0.155, 0.1514, 0.1496, 0.1627, 0.1622, 0.1588, 0.159, 0.1541]","[0.1922, 0.1923, 0.1924, 0.1925, 0.1926, 0.1927, 0.1928, 0.1929, 0.193, 0.1931, 0.1932, 0.1933, 0.1934, 0.1935, 0.1936, 0.1937, 0.1938, 0.1939, 0.194, 0.1941, 0.1942, 0.1943, 0.1944, 0.1945, 0.1946, 0.1947, 0.1948, 0.1949, 0.195, 0.1951]"
meta-llama/Llama-3.2-3B-Instruct,XLMUSDT,1,0.0085,5.27,0,0,"[0.1557, 0.1515, 0.1595, 0.1569, 0.1522, 0.1504, 0.1482, 0.1508, 0.1586, 0.1592, 0.16, 0.1641, 0.1665, 0.1693, 0.176, 0.1736, 0.1702, 0.1654, 0.1654, 0.1621, 0.156, 0.1668, 0.1738, 0.1774, 0.1738, 0.1674, 0.168, 0.1645, 0.1674, 0.1673]","[0.1552, 0.1563, 0.1574, 0.1585, 0.1596, 0.1607, 0.1618, 0.1629, 0.163999, 0.1651, 0.1662, 0.1673, 0.1684, 0.169499, 0.170599, 0.171699, 0.172799, 0.173899, 0.175, 0.176099, 0.177199, 0.178299, 0.179399, 0.180498, 0.181598, 0.182698, 0.183798, 0.184898, 0.185998, 0.187098]"
meta-llama/Llama-3.2-3B-Instruct,XRPUSDT,1,0.1682,8.02,0,0,"[1.8799, 2.0069, 2.0182, 2.0909, 2.3478, 2.3042, 2.1657, 2.1232, 2.0958, 2.0907, 2.0745, 2.054, 2.1655, 2.1394, 2.0789, 2.0678, 2.0631, 1.9914, 1.986, 1.89, 1.9476, 1.9236, 1.9196, 1.9143, 1.8356, 1.9041, 1.9158, 1.9111, 1.8076, 1.7352]","[1.8431, 1.8442, 1.8455, 1.8469, 1.8484, 1.85, 1.8516, 1.8532, 1.8548, 1.8564, 1.858, 1.8596, 1.8612, 1.8628, 1.8644, 1.865999, 1.8676, 1.8692, 1.8708, 1.8724, 1.874, 1.8756, 1.8772, 1.8788, 1.8804, 1.882, 1.8836, 1.8852, 1.8868, 1.8884]"
meta-llama/Llama-3.2-3B-Instruct,XRPUSDT,1,0.2996,21.31,0,0,"[1.6472, 1.5908, 1.6198, 1.5791, 1.512, 1.2146, 1.4698, 1.4231, 1.4308, 1.437, 1.3999, 1.3697, 1.3635, 1.4071, 1.5094, 1.4753, 1.4876, 1.4743, 1.4219, 1.4068, 1.4292, 1.4304, 1.3932, 1.3518, 1.3482, 1.4339, 1.4027, 1.3562, 1.3762, 1.3524]","[1.7353, 1.7354, 1.7355, 1.7356, 1.7357, 1.7358, 1.7359, 1.736, 1.7361, 1.7362, 1.7363, 1.7364, 1.7365, 1.7366, 1.7367, 1.7368, 1.7369, 1.737, 1.7371, 1.7372, 1.7373, 1.7374, 1.7375, 1.7376, 1.7377, 1.7378, 1.7379, 1.738, 1.7381, 1.7382]"
meta-llama/Llama-3.2-3B-Instruct,XRPUSDT,1,0.0479,3.36,0,0,"[1.39, 1.3607, 1.4309, 1.4037, 1.3633, 1.3567, 1.34, 1.3631, 1.3863, 1.3847, 1.3846, 1.3989, 1.4063, 1.4487, 1.543, 1.5182, 1.4647, 1.4475, 1.4452, 1.4086, 1.3848, 1.4323, 1.416, 1.4145, 1.3609, 1.3257, 1.3333, 1.3278, 1.3242, 1.3411]","[1.3531, 1.3542, 1.3553, 1.3564, 1.3575, 1.3586, 1.3597, 1.3608, 1.3619, 1.363, 1.3641, 1.3652, 1.3663, 1.3674, 1.3685, 1.3696, 1.3707, 1.3718, 1.3729, 1.374, 1.3751, 1.3762, 1.3773, 1.3784, 1.3795, 1.3806, 1.3817, 1.3828, 1.3839, 1.385]"
meta-llama/Llama-3.2-3B-Instruct,ADAUSDT,14,0.0274,7.05,2,1,"[0.3565, 0.3949, 0.3893, 0.4007, 0.4211, 0.4194, 0.4022, 0.3956, 0.3914, 0.3886, 0.391, 0.3862, 0.4218, 0.4143, 0.3936, 0.3955, 0.3973, 0.3758, 0.3703, 0.3507, 0.3659, 0.3594, 0.3602, 0.3583, 0.3391, 0.3521, 0.3608, 0.3583, 0.3347, 0.3208]","[0.3613, 0.3759, 0.3724, 0.3658, 0.3696, 0.3633, 0.3578, 0.344, 0.3504, 0.367, 0.3658, 0.3385, 0.3556, 0.3642, 0.3628, 0.3466, 0.3492, 0.3664, 0.3648, 0.339, 0.3548, 0.3632, 0.3616, 0.348, 0.3524, 0.3652, 0.3638, 0.34, 0.3564, 0.3628]"
meta-llama/Llama-3.2-3B-Instruct,ADAUSDT,14,0.0406,14.62,0,0,"[0.2936, 0.2858, 0.2991, 0.2917, 0.2864, 0.2455, 0.2762, 0.2721, 0.2701, 0.2699, 0.262, 0.2559, 0.2643, 0.2728, 0.295, 0.2818, 0.2858, 0.2811, 0.2735, 0.2729, 0.2849, 0.28, 0.2717, 0.2623, 0.2587, 0.2971, 0.287, 0.2776, 0.281, 0.2735]","[0.3149, 0.3102, 0.3055, 0.3018, 0.2971, 0.2924, 0.2877, 0.283, 0.2783, 0.2736, 0.2689, 0.2642, 0.2595, 0.2548, 0.2501, 0.2454, 0.2407, 0.236, 0.2313, 0.2266, 0.2219, 0.2172, 0.2125, 0.2078, 0.2031, 0.1984, 0.1937, 0.189, 0.1843, 0.1796]"
meta-llama/Llama-3.2-3B-Instruct,ADAUSDT,14,0.0089,3.3,1,0,"[0.2771, 0.2625, 0.2763, 0.2692, 0.259, 0.2544, 0.2493, 0.2552, 0.2621, 0.2626, 0.2636, 0.2656, 0.2634, 0.2702, 0.2904, 0.2891, 0.2742, 0.2675, 0.2661, 0.2574, 0.2506, 0.2616, 0.2664, 0.2705, 0.2547, 0.2461, 0.246, 0.2398, 0.2434, 0.2418]","[0.272554, 0.271606, 0.270669, 0.269732, 0.268795, 0.267858, 0.266921, 0.265985, 0.264948, 0.263911, 0.262874, 0.261837, 0.260799, 0.259761, 0.258723, 0.257685, 0.256647, 0.255608, 0.25457, 0.253532, 0.252493, 0.251455, 0.250417, 0.249378, 0.24834, 0.247302, 0.246264, 0.245226, 0.244187, 0.243149]"
meta-llama/Llama-3.2-3B-Instruct,ALGOUSDT,14,0.0174,14.23,0,0,"[0.1202, 0.1275, 0.1279, 0.1362, 0.1396, 0.1423, 0.1364, 0.1344, 0.1332, 0.1337, 0.1323, 0.129, 0.1385, 0.1365, 0.128, 0.1303, 0.1315, 0.1228, 0.1209, 0.1143, 0.1177, 0.1188, 0.1203, 0.1186, 0.1147, 0.1221, 0.122, 0.1263, 0.1145, 0.1121]","[0.1154, 0.1167, 0.1181, 0.1195, 0.121, 0.1224, 0.1238, 0.1252, 0.1266, 0.128, 0.1294, 0.1308, 0.1322, 0.1336, 0.135, 0.1364, 0.1378, 0.1392, 0.1406, 0.142, 0.1434, 0.1448, 0.1462, 0.1476, 0.149, 0.1504, 0.1518, 0.1532, 0.1546, 0.156]"
meta-llama/Llama-3.2-3B-Instruct,ALGOUSDT,14,0.0069,7.58,0,0,"[0.104, 0.1005, 0.1049, 0.1064, 0.1031, 0.0884, 0.0989, 0.0977, 0.0969, 0.096, 0.0917, 0.0891, 0.0918, 0.0941, 0.0997, 0.0959, 0.0947, 0.0931, 0.091, 0.0892, 0.0905, 0.0896, 0.0868, 0.0839, 0.0835, 0.091, 0.088, 0.0866, 0.0879, 0.0856]","[0.111683, 0.110175, 0.108667, 0.107159, 0.105651, 0.104143, 0.102635, 0.101127, 0.099619, 0.098111, 0.096603, 0.095095, 0.093587, 0.092079, 0.090571, 0.089063, 0.087555, 0.086047, 0.084539, 0.083031, 0.081523, 0.080015, 0.078507, 0.077999, 0.077491, 0.076983, 0.076475, 0.075967, 0.075459, 0.074951]"
meta-llama/Llama-3.2-3B-Instruct,ALGOUSDT,14,0.0152,17.29,1,0,"[0.088, 0.0861, 0.0888, 0.0873, 0.0844, 0.083, 0.0818, 0.0833, 0.0853, 0.0862, 0.089, 0.0939, 0.091, 0.0926, 0.0972, 0.0947, 0.0901, 0.0893, 0.0898, 0.0868, 0.0855, 0.0875, 0.0872, 0.0875, 0.084, 0.0815, 0.0816, 0.0812, 0.0822, 0.0939]","[0.0849, 0.0842, 0.0835, 0.0828, 0.0819, 0.0814, 0.0806, 0.0798, 0.0789, 0.0779, 0.0769, 0.0759, 0.0749, 0.0739, 0.0729, 0.0719, 0.0709, 0.0699, 0.0689, 0.0679, 0.0669, 0.0659, 0.0649, 0.0639, 0.0629, 0.0619, 0.0609, 0.0599, 0.0589, 0.0579]"
meta-llama/Llama-3.2-3B-Instruct,ATOMUSDT,14,0.3262,13.32,0,0,"[2.069, 2.168, 2.239, 2.34, 2.369, 2.532, 2.433, 2.461, 2.592, 2.57, 2.574, 2.487, 2.636, 2.582, 2.477, 2.494, 2.567, 2.426, 2.456, 2.295, 2.382, 2.335, 2.368, 2.334, 2.236, 2.222, 2.244, 2.237, 2.128, 2.112]","[1.9399, 1.9473, 1.9557, 1.9641, 1.9725, 1.9809, 1.9893, 1.9977, 2.0061, 2.0145, 2.0229, 2.0313, 2.0396, 2.0479, 2.0562, 2.0645, 2.0728, 2.0811, 2.0894, 2.0977, 2.106, 2.1143, 2.1226, 2.1309, 2.1392, 2.1475, 2.1558, 2.1641, 2.1724, 2.1807]"
meta-llama/Llama-3.2-3B-Instruct,ATOMUSDT,14,0.3866,18.37,0,0,"[1.971, 1.91, 1.982, 2.036, 1.995, 1.819, 1.987, 1.989, 1.95, 1.96, 1.922, 1.945, 1.968, 2.122, 2.186, 2.137, 2.292, 2.242, 2.346, 2.292, 2.358, 2.314, 2.25, 2.12, 1.992, 1.942, 1.879, 1.849, 1.849, 1.799]","[2.087, 2.06, 2.033, 2.006, 1.979, 1.952, 1.925, 1.898, 1.871, 1.844, 1.817, 1.79, 1.763, 1.736, 1.699, 1.672, 1.645, 1.618, 1.591, 1.564, 1.537, 1.51, 1.483, 1.456, 1.429, 1.402, 1.375, 1.348, 1.321, 1.294]"
meta-llama/Llama-3.2-3B-Instruct,ATOMUSDT,14,0.582,32.7,0,0,"[1.843, 1.814, 1.879, 1.84, 1.809, 1.785, 1.738, 1.743, 1.788, 1.84, 1.838, 1.862, 1.87, 1.861, 1.978, 1.961, 1.909, 1.811, 1.834, 1.793, 1.769, 1.786, 1.787, 1.765, 1.699, 1.676, 1.666, 1.646, 1.665, 1.707]","[1.761117, 1.723354, 1.685591, 1.648828, 1.612065, 1.576302, 1.540539, 1.514766, 1.489003, 1.45324, 1.418467, 1.383694, 1.339921, 1.296148, 1.252375, 1.208602, 1.164829, 1.121056, 1.077283, 1.03351, 0.989737, 0.946964, 0.904191, 0.861418, 0.828645, 0.795872, 0.762099, 0.738326, 0.704553, 0.67078]"
meta-llama/Llama-3.2-3B-Instruct,AVAXUSDT,14,1.4494,11.47,0,0,"[13.59, 13.82, 13.99, 14.25, 14.45, 14.59, 14.11, 13.89, 13.79, 13.74, 13.7, 13.53, 14.75, 14.6, 13.82, 13.59, 13.75, 12.98, 12.74, 12.09, 12.42, 12.2, 12.13, 12.05, 11.49, 11.72, 12.14, 12.07, 11.04, 10.87]","[12.387693, 12.455386, 12.522079, 12.588772, 12.656465, 12.724158, 12.791851, 12.859534, 12.927217, 12.9949, 13.062573, 13.130266, 13.187959, 13.255652, 13.322335, 13.391028, 13.460721, 13.529414, 13.598107, 13.6678, 13.737493, 13.796186, 13.865879, 13.936572, 14.006265, 14.075958, 14.145651, 14.204344, 14.273937, 14.34353]"
meta-llama/Llama-3.2-3B-Instruct,AVAXUSDT,14,0.9418,10.35,0,0,"[10.12, 9.91, 10.14, 9.93, 9.72, 8.32, 9.28, 9.23, 9.08, 9.06, 8.76, 8.63, 8.9, 9.14, 9.59, 9.29, 9.26, 9.14, 8.86, 8.91, 9.17, 9.12, 8.87, 8.36, 8.29, 9.51, 9.31, 8.95, 9.16, 9.04]","[10.818462, 10.695924, 10.573386, 10.450848, 10.32831, 10.204772, 10.081214, 9.947676, 9.814138, 9.6906, 9.556062, 9.421524, 9.297986, 9.173448, 8.94991, 8.816372, 8.682834, 8.550196, 8.417558, 8.29493, 8.161302, 7.937664, 7.804036, 7.670408, 7.54678, 7.413152, 7.289524, 7.155896, 6.922268, 6.79864]"
meta-llama/Llama-3.2-3B-Instruct,AVAXUSDT,14,0.7904,8.27,1,0,"[9.17, 9.18, 9.5, 9.39, 9.01, 8.91, 8.82, 9.26, 9.53, 9.55, 9.67, 9.72, 9.73, 9.95, 10.49, 10.2, 9.69, 9.48, 9.56, 9.21, 9.03, 9.56, 9.62, 9.68, 9.11, 8.79, 8.75, 8.6, 8.81, 8.91]","[8.983117, 8.94633, 8.909542, 8.882754, 8.855966, 8.829178, 8.80139, 8.774602, 8.747814, 8.720026, 8.693238, 8.65645, 8.629662, 8.602874, 8.576086, 8.549298, 8.52241, 8.495622, 8.468834, 8.442046, 8.414258, 8.39647, 8.368682, 8.340894, 8.313106, 8.295318, 8.26743, 8.249642, 8.231854, 8.204066]"
meta-llama/Llama-3.2-3B-Instruct,BCHUSDT,14,33.4669,5.62,1,0,"[593.2, 609.8, 654.5, 639.1, 645.2, 638.2, 629.2, 632.0, 634.7, 643.9, 649.1, 621.7, 617.0, 597.4, 590.8, 599.5, 594.1, 591.4, 584.0, 573.2, 584.8, 599.2, 595.7, 593.6, 572.2, 578.7, 600.2, 591.1, 554.1, 553.2]","[601.106215, 602.630431, 604.154647, 605.678863, 607.203079, 608.737295, 610.271511, 611.805727, 613.340043, 614.874259, 616.418475, 617.952691, 619.496907, 620.941123, 622.485339, 623.030555, 623.575771, 624.120987, 624.666203, 625.211419, 625.756635, 626.321851, 627.876967, 629.432183, 630.087399, 630.642615, 631.207831, 631.772947, 632.338163, 633.003379]"
meta-llama/Llama-3.2-3B-Instruct,BCHUSDT,14,156.8367,31.06,2,1,"[507.5, 516.2, 539.7, 527.1, 532.5, 453.9, 523.2, 525.1, 527.0, 533.0, 524.3, 516.2, 503.0, 563.9, 562.9, 553.5, 569.2, 563.4, 558.0, 560.4, 562.4, 564.1, 570.7, 495.8, 484.8, 492.9, 478.4, 461.5, 457.6, 441.7]","[592.9, 596.3, 601.5, 606.7, 611.9, 617.1, 622.3, 627.5, 632.7, 638.0, 643.3, 648.6, 654.9, 661.2, 667.5, 674.8, 681.1, 687.5, 694.9, 702.3, 709.7, 717.1, 725.5, 734.9, 744.3, 754.7, 765.1, 775.5, 786.9, 798.3]"
meta-llama/Llama-3.2-3B-Instruct,BCHUSDT,14,61.9,13.5,2,1,"[445.3, 443.9, 466.9, 461.6, 449.7, 450.2, 443.1, 444.6, 447.1, 455.1, 455.2, 461.0, 467.6, 469.7, 478.8, 470.7, 456.9, 455.6, 474.6, 462.6, 467.4, 478.0, 477.4, 473.6, 461.9, 472.9, 481.2, 452.7, 460.3, 466.5]","[571.3, 574.1, 576.9, 579.6, 582.4, 585.2, 588.0, 491.8, 485.4, 483.0, 490.6, 464.2, 460.8, 456.4, 452.0, 447.6, 443.2, 438.8, 434.4, 430.0, 425.6, 421.2, 416.8, 412.4, 408.0, 403.6, 399.2, 394.8, 390.4, 385.0]"
meta-llama/Llama-3.2-3B-Instruct,BNBUSDT,14,50.998,5.59,2,1,"[864.39, 881.25, 878.63, 895.43, 910.31, 917.64, 900.3, 892.26, 896.86, 907.93, 904.32, 905.78, 943.73, 948.47, 931.2, 938.16, 947.12, 932.51, 923.6, 884.2, 883.36, 888.06, 891.63, 887.17, 866.02, 879.41, 898.36, 902.91, 868.69, 858.81]","[849.42, 855.51, 853.61, 860.7, 863.78, 848.26, 846.44, 832.52, 837.6, 846.68, 862.76, 855.84, 865.92, 868.99, 843.36, 841.44, 838.52, 835.6, 842.68, 850.76, 863.84, 866.91, 839.28, 837.36, 834.44, 841.52, 848.6, 851.68, 864.74, 867.81]"
meta-llama/Llama-3.2-3B-Instruct,BNBUSDT,14,201.1067,31.6,2,1,"[781.38, 758.54, 773.94, 754.78, 697.27, 608.3, 657.21, 647.0, 639.93, 636.39, 619.85, 608.11, 614.29, 618.94, 632.77, 615.16, 627.19, 617.74, 604.8, 607.83, 625.91, 625.61, 614.8, 596.41, 583.6, 629.42, 625.74, 614.03, 617.14, 617.96]","[944.42, 938.19, 931.82, 924.44, 918.11, 911.74, 905.37, 898.01, 890.65, 883.29, 876.93, 870.57, 863.21, 855.85, 848.49, 841.13, 833.77, 826.41, 819.05, 811.69, 804.33, 796.97, 789.61, 782.25, 774.89, 767.53, 760.17, 752.81, 745.45, 738.09]"
meta-llama/Llama-3.2-3B-Instruct,BNBUSDT,14,19.6037,3.03,2,1,"[637.79, 633.56, 657.99, 647.85, 627.31, 620.26, 611.98, 634.64, 642.0, 651.46, 651.72, 655.73, 657.7, 673.77, 679.71, 668.61, 652.27, 639.15, 642.11, 630.7, 626.41, 639.11, 638.3, 647.66, 628.86, 613.95, 611.08, 606.09, 609.29, 617.43]","[623.9, 620.8, 624.4, 628.5, 626.7, 630.9, 628.2, 622.1, 619.3, 625.8, 631.0, 628.5, 621.9, 624.2, 626.9, 629.1, 627.3, 620.6, 623.8, 625.1, 628.4, 626.7, 619.9, 622.3, 624.6, 627.0, 629.2, 626.5, 618.7, 621.1]"
meta-llama/Llama-3.2-3B-Instruct,BTCUSDT,14,14583.5579,16.33,0,0,"[88839.04, 89995.13, 90628.01, 91529.73, 93859.71, 93747.97, 91364.16, 91099.99, 90641.28, 90504.7, 91013.65, 91296.2, 95414.0, 96951.78, 95604.8, 95550.94, 95147.77, 93673.14, 92631.0, 88427.66, 89454.73, 89559.67, 89600.26, 89225.34, 86670.36, 88347.08, 89250.0, 89299.99, 84650.16, 84260.49]","[419999.0, 87704.119999, 87897.82, 88091.521, 88284.222, 88476.923, 88670.624, 88864.315, 89057.996, 89251.677, 89445.358, 89638.939, 89822.52, 90006.101, 90200.682, 90385.263, 90569.844, 90753.425, 90947.006, 91130.587, 91313.168, 91496.749, 91679.33, 91862.911, 92046.492, 92229.973, 92412.554, 92595.135, 92778.716, 92961.297]"
meta-llama/Llama-3.2-3B-Instruct,BTCUSDT,14,18455.7847,26.88,2,1,"[78741.09, 76968.21, 78738.61, 75770.21, 73165.83, 62909.86, 70580.26, 69289.38, 70330.38, 70138.0, 68841.29, 67082.52, 66272.17, 68853.96, 69822.95, 68832.58, 68892.43, 67503.52, 66461.0, 67003.73, 68020.01, 67975.93, 67643.4, 64656.02, 64058.15, 67988.04, 67485.18, 65872.1, 66973.26, 65776.47]","[94311.42, 93849.44, 93335.22, 92769.82, 92245.38, 91791.24, 91337.1, 90884.76, 90432.42, 89980.08, 89528.74, 89077.4, 88626.06, 88175.72, 87725.38, 87276.04, 86827.7, 86379.36, 85931.02, 85483.68, 85036.34, 84590.0, 84144.66, 83699.32, 83254.98, 82810.64, 82367.3, 81924.96, 81482.62, 81041.28]"
meta-llama/Llama-3.2-3B-Instruct,BTCUSDT,14,3788.6667,5.35,2,1,"[68830.06, 68338.0, 72666.77, 70890.72, 68114.02, 67262.91, 65971.2, 68432.16, 69948.63, 70191.86, 70541.34, 70930.0, 71211.95, 72815.24, 74884.67, 73909.36, 71246.54, 69930.0, 70510.73, 68918.12, 67859.0, 70906.45, 70556.74, 71336.53, 68820.31, 66407.28, 66377.03, 66010.93, 66797.37, 68284.48]","[67351.0, 67241.0, 67131.0, 67021.0, 66911.0, 66801.0, 66791.0, 66681.0, 66571.0, 66461.0, 66351.0, 66241.0, 66131.0, 66021.0, 65911.0, 65801.0, 65791.0, 65681.0, 65571.0, 65461.0, 65351.0, 65241.0, 65131.0, 65021.0, 64911.0, 64801.0, 64791.0, 64681.0, 64571.0, 64461.0]"
meta-llama/Llama-3.2-3B-Instruct,DOGEUSDT,14,0.0228,16.61,0,0,"[0.12683, 0.14188, 0.14315, 0.14953, 0.15171, 0.15055, 0.14642, 0.14194, 0.14071, 0.13965, 0.13801, 0.13662, 0.14828, 0.14718, 0.14004, 0.13813, 0.13788, 0.13164, 0.12916, 0.12336, 0.12654, 0.12437, 0.12477, 0.12423, 0.11945, 0.12236, 0.12619, 0.125, 0.11728, 0.11581]","[0.116126, 0.115792, 0.115557, 0.115323, 0.114988, 0.114653, 0.114318, 0.113993, 0.113667, 0.113341, 0.112996, 0.112661, 0.112327, 0.111992, 0.111657, 0.111322, 0.110997, 0.110672, 0.110336, 0.109999, 0.109674, 0.10935, 0.108995, 0.10866, 0.108325, 0.10799, 0.107654, 0.107328, 0.106992, 0.106657]"
meta-llama/Llama-3.2-3B-Instruct,DOGEUSDT,14,0.0072,7.49,0,0,"[0.10426, 0.10426, 0.10792, 0.10602, 0.10383, 0.08849, 0.09848, 0.09823, 0.09663, 0.09611, 0.09277, 0.09112, 0.093, 0.09667, 0.11104, 0.10269, 0.10102, 0.10066, 0.09855, 0.09837, 0.10011, 0.09841, 0.09558, 0.09266, 0.09137, 0.10095, 0.09701, 0.09337, 0.09405, 0.0919]","[0.113514, 0.112916, 0.112318, 0.11172, 0.111122, 0.110524, 0.109926, 0.109328, 0.10873, 0.108132, 0.107534, 0.106936, 0.106338, 0.10574, 0.105142, 0.104544, 0.103946, 0.103348, 0.10275, 0.102152, 0.101554, 0.100956, 0.100358, 0.09976, 0.099162, 0.098564, 0.097966, 0.097368, 0.09677, 0.096172]"
meta-llama/Llama-3.2-3B-Instruct,DOGEUSDT,14,0.0139,14.75,0,0,"[0.09356, 0.08997, 0.09893, 0.09356, 0.09129, 0.08993, 0.08915, 0.09049, 0.09452, 0.09288, 0.09475, 0.09596, 0.09604, 0.09738, 0.10304, 0.10015, 0.09526, 0.09354, 0.09416, 0.09135, 0.09015, 0.09415, 0.0951, 0.09618, 0.09205, 0.09011, 0.091, 0.09045, 0.09083, 0.09232]","[0.091199, 0.090498, 0.089797, 0.088996, 0.088194, 0.087393, 0.086592, 0.08579, 0.084989, 0.084188, 0.083386, 0.082585, 0.081784, 0.080982, 0.080181, 0.07938, 0.078578, 0.077777, 0.076975, 0.076174, 0.075373, 0.074571, 0.073769, 0.072967, 0.072164, 0.071362, 0.07056, 0.069756, 0.068953, 0.068149]"
meta-llama/Llama-3.2-3B-Instruct,DOTUSDT,14,0.2212,10.52,0,0,"[1.999, 2.166, 2.125, 2.142, 2.208, 2.235, 2.145, 2.111, 2.083, 2.093, 2.07, 2.055, 2.282, 2.226, 2.117, 2.119, 2.179, 2.065, 2.028, 1.897, 1.955, 1.927, 1.926, 1.93, 1.823, 1.875, 1.876, 1.87, 1.736, 1.69]","[1.794417, 1.797631, 1.800845, 1.803959, 1.807173, 1.809387, 1.812501, 1.815615, 1.818729, 1.821843, 1.825057, 1.827271, 1.829385, 1.831499, 1.833613, 1.835727, 1.837841, 1.839955, 1.842069, 1.844183, 1.846297, 1.848411, 1.850525, 1.852639, 1.854753, 1.856867, 1.859081, 1.861195, 1.863309, 1.865423]"
meta-llama/Llama-3.2-3B-Instruct,DOTUSDT,14,0.2474,16.94,0,0,"[1.547, 1.495, 1.543, 1.5, 1.461, 1.248, 1.368, 1.372, 1.337, 1.32, 1.283, 1.256, 1.283, 1.33, 1.421, 1.357, 1.376, 1.347, 1.311, 1.287, 1.341, 1.36, 1.313, 1.265, 1.238, 1.663, 1.609, 1.599, 1.662, 1.534]","[1.6543, 1.6258, 1.5973, 1.5688, 1.5404, 1.5119, 1.4834, 1.4549, 1.4264, 1.3979, 1.3694, 1.3409, 1.3124, 1.2839, 1.2554, 1.2269, 1.1984, 1.1699, 1.1414, 1.1129, 1.0844, 1.0459, 1.0174, 0.9889, 0.9604, 0.932, 0.9035, 0.8749, 0.8464, 0.818]"
meta-llama/Llama-3.2-3B-Instruct,DOTUSDT,14,0.2611,19.0,0,0,"[1.509, 1.533, 1.541, 1.53, 1.488, 1.448, 1.452, 1.494, 1.486, 1.522, 1.518, 1.464, 1.414, 1.441, 1.64, 1.62, 1.577, 1.521, 1.499, 1.468, 1.413, 1.421, 1.401, 1.363, 1.321, 1.292, 1.259, 1.261, 1.243, 1.253]","[1.546152, 1.558304, 1.570466, 1.582628, 1.59479, 1.607032, 1.619184, 1.631336, 1.643488, 1.65564, 1.667792, 1.679944, 1.692096, 1.704248, 1.7164, 1.728552, 1.740704, 1.752856, 1.765008, 1.77716, 1.789312, 1.791464, 1.793616, 1.795768, 1.79792, 1.800072, 1.802224, 1.804376, 1.806528, 1.80868]"
meta-llama/Llama-3.2-3B-Instruct,ETCUSDT,14,0.968,7.7,0,0,"[12.06, 12.52, 12.56, 12.82, 13.31, 13.37, 12.88, 12.61, 12.61, 12.54, 12.37, 12.26, 13.29, 13.2, 12.65, 12.76, 12.85, 12.24, 12.03, 11.54, 11.66, 11.58, 11.67, 11.59, 11.14, 11.39, 11.58, 11.55, 10.81, 10.6]","[11.468462, 11.456025, 11.443608, 11.431191, 11.418774, 11.406357, 11.39394, 11.381523, 11.369106, 11.356689, 11.344272, 11.331855, 11.319438, 11.307021, 11.294604, 11.282187, 11.27077, 11.259353, 11.247936, 11.237519, 11.227102, 11.216685, 11.206268, 11.195841, 11.185414, 11.174987, 11.16456, 11.153133, 11.141706, 11.131279]"
meta-llama/Llama-3.2-3B-Instruct,ETCUSDT,14,1.6932,19.49,0,0,"[9.76, 9.5, 9.81, 9.57, 9.34, 8.06, 8.84, 8.78, 8.57, 8.59, 8.33, 8.14, 8.25, 8.53, 9.0, 8.74, 8.84, 8.68, 8.44, 8.27, 8.76, 9.05, 8.52, 8.36, 8.3, 9.15, 8.86, 8.65, 8.68, 8.47]","[10.42722, 10.25415, 10.08108, 9.90801, 9.73494, 9.56187, 9.3898, 9.21673, 8.94366, 8.77059, 8.59752, 8.42445, 8.25138, 7.97831, 7.80524, 7.63217, 7.4591, 7.28603, 6.99396, 6.72189, 6.45082, 6.17975, 5.90868, 5.63761, 5.36654, 4.99547, 4.6244, 4.24333, 3.86226, 3.38119]"
meta-llama/Llama-3.2-3B-Instruct,ETCUSDT,14,0.351,4.14,0,0,"[8.72, 8.49, 8.85, 8.65, 8.25, 8.12, 7.99, 8.16, 8.23, 8.28, 8.27, 8.49, 8.26, 8.48, 9.03, 8.86, 8.51, 8.34, 8.41, 8.18, 8.03, 8.59, 8.67, 8.68, 8.21, 8.09, 8.04, 7.95, 8.07, 8.19]","[8.446778, 8.420337, 8.395896, 8.371455, 8.347024, 8.322593, 8.298152, 8.273711, 8.24928, 8.224849, 8.200418, 8.175987, 8.151556, 8.127125, 8.102694, 8.078263, 8.043832, 8.009401, 7.98497, 7.950539, 7.916108, 7.891677, 7.857246, 7.832815, 7.798384, 7.773953, 7.749522, 7.716091, 7.68265, 7.648209]"
meta-llama/Llama-3.2-3B-Instruct,ETHUSDT,14,229.8088,7.77,0,0,"[3004.19, 3125.45, 3127.11, 3144.7, 3224.99, 3296.84, 3168.72, 3106.65, 3088.4, 3086.72, 3123.45, 3095.75, 3325.82, 3354.92, 3318.69, 3296.28, 3310.56, 3284.03, 3189.55, 2939.88, 2982.27, 2952.69, 2956.41, 2953.22, 2816.89, 2930.35, 3026.77, 3010.78, 2822.59, 2707.38]","[3017.94, 3031.235, 3045.53, 3060.825, 3076.12, 3091.415, 3107.71, 3123.005, 3139.3, 3155.595, 3171.89, 3188.185, 3204.48, 3220.775, 3237.07, 3253.365, 3269.66, 3286.955, 3304.25, 3321.545, 3338.84, 3356.135, 3373.43, 3390.725, 3408.02, 3425.315, 3442.61, 3459.905, 3477.2, 3495.495]"
meta-llama/Llama-3.2-3B-Instruct,ETHUSDT,14,754.4487,37.15,2,1,"[2451.95, 2270.15, 2347.02, 2233.72, 2148.26, 1826.83, 2063.38, 2087.08, 2089.74, 2105.02, 2022.67, 1941.18, 1947.85, 2048.72, 2086.59, 1966.58, 1998.33, 1991.66, 1955.91, 1949.08, 1968.88, 1973.35, 1957.82, 1856.3, 1851.94, 2057.48, 2027.68, 1929.84, 1964.51, 1939.71]","[3325.42, 3298.49, 3193.39, 2949.44, 2993.81, 2965.51, 2969.23, 2955.04, 2819.91, 2929.37, 3035.82, 3021.82, 2823.49, 2713.19, 2698.76, 2683.34, 2678.92, 2664.5, 2659.08, 2644.66, 2630.24, 2615.82, 2601.4, 2587.98, 2574.56, 2560.14, 2545.72, 2531.3, 2517.88, 2504.46]"
meta-llama/Llama-3.2-3B-Instruct,ETHUSDT,14,226.997,11.01,2,1,"[2027.35, 1982.8, 2127.28, 2072.86, 1978.68, 1969.59, 1937.1, 1992.98, 2036.51, 2051.97, 2073.52, 2092.22, 2096.16, 2178.3, 2352.97, 2317.39, 2203.39, 2137.81, 2146.22, 2084.87, 2053.89, 2152.03, 2156.23, 2169.02, 2060.43, 1992.75, 1994.74, 1984.64, 2026.48, 2105.43]","[2012.42, 2009.44, 2030.31, 2042.81, 2063.49, 2084.17, 2104.85, 2125.53, 2146.21, 2167.89, 2189.57, 2211.25, 2233.93, 2256.61, 2279.29, 2302.97, 2326.65, 2349.33, 2372.01, 2394.69, 2417.37, 2439.15, 2461.93, 2484.61, 2507.29, 2530.97, 2554.65, 2578.33, 2602.01, 2625.69]"
meta-llama/Llama-3.2-3B-Instruct,FILUSDT,14,0.1275,8.62,0,0,"[1.483, 1.504, 1.494, 1.494, 1.569, 1.593, 1.519, 1.497, 1.488, 1.482, 1.457, 1.461, 1.576, 1.592, 1.504, 1.52, 1.551, 1.45, 1.384, 1.312, 1.348, 1.319, 1.313, 1.315, 1.251, 1.269, 1.272, 1.28, 1.194, 1.176]","[1.306452, 1.314904, 1.323357, 1.33181, 1.340363, 1.338916, 1.337469, 1.336022, 1.334575, 1.333128, 1.331681, 1.330234, 1.328787, 1.32725, 1.325713, 1.324176, 1.322639, 1.321102, 1.319565, 1.317028, 1.314491, 1.312954, 1.311417, 1.30988, 1.308343, 1.306806, 1.305269, 1.303732, 1.302195, 1.300658]"
meta-llama/Llama-3.2-3B-Instruct,FILUSDT,14,0.278,29.06,2,1,"[1.052, 1.035, 1.083, 1.068, 1.05, 0.883, 0.977, 0.976, 0.934, 0.938, 0.902, 0.879, 0.914, 0.958, 1.015, 0.963, 0.978, 0.96, 0.927, 0.915, 0.958, 0.97, 0.93, 0.891, 0.88, 1.062, 1.026, 0.994, 1.005, 0.964]","[1.351, 1.342, 1.335, 1.328, 1.321, 1.314, 1.307, 1.3, 1.293, 1.286, 1.279, 1.272, 1.265, 1.258, 1.251, 1.244, 1.237, 1.23, 1.223, 1.216, 1.209, 1.202, 1.195, 1.188, 1.181, 1.174, 1.167, 1.16, 1.153, 1.146]"
meta-llama/Llama-3.2-3B-Instruct,FILUSDT,14,0.0402,4.51,0,0,"[0.987, 1.0, 1.025, 1.011, 0.978, 0.952, 0.934, 0.939, 0.866, 0.878, 0.877, 0.869, 0.883, 0.895, 0.99, 0.969, 0.925, 0.895, 0.902, 0.882, 0.848, 0.923, 0.923, 0.928, 0.869, 0.839, 0.801, 0.802, 0.816, 0.832]","[0.962, 0.959, 0.956, 0.953, 0.95, 0.947, 0.944, 0.941, 0.938, 0.935, 0.932, 0.929, 0.926, 0.923, 0.92, 0.917, 0.914, 0.911, 0.908, 0.905, 0.902, 0.899, 0.896, 0.893, 0.89, 0.887, 0.884, 0.881, 0.878, 0.875]"
meta-llama/Llama-3.2-3B-Instruct,LINKUSDT,14,1.0113,7.98,0,0,"[12.6, 13.27, 13.23, 13.43, 13.9, 14.04, 13.44, 13.21, 13.14, 13.13, 13.21, 13.08, 14.06, 14.11, 13.8, 13.73, 13.75, 13.32, 12.88, 12.12, 12.4, 12.27, 12.22, 12.2, 11.52, 11.95, 12.03, 11.84, 11.13, 10.79]","[12.232342, 12.263574, 12.294806, 12.326038, 12.35727, 12.388503, 12.419735, 12.451968, 12.484201, 12.516434, 12.549667, 12.5829, 12.616133, 12.649366, 12.682599, 12.717832, 12.752065, 12.787298, 12.822531, 12.857764, 12.892997, 12.92823, 12.963463, 12.998696, 13.033929, 13.069162, 13.104395, 13.139628, 13.174861, 13.209994]"
meta-llama/Llama-3.2-3B-Instruct,LINKUSDT,14,1.845,20.96,0,0,"[9.99, 9.41, 9.81, 9.49, 9.25, 7.92, 8.88, 8.91, 8.83, 8.83, 8.57, 8.33, 8.41, 8.77, 9.09, 8.79, 8.94, 8.82, 8.6, 8.58, 8.95, 8.87, 8.69, 8.26, 8.19, 9.27, 9.09, 8.71, 8.85, 8.67]","[10.902312, 10.674923, 10.447534, 10.220144, 9.992755, 9.765366, 9.538077, 9.309787, 9.082408, 8.855129, 8.627749, 8.40937, 8.191991, 7.954612, 7.717232, 7.489853, 7.262474, 6.935094, 6.697715, 6.460336, 6.223957, 5.987578, 5.750198, 5.512819, 5.27644, 4.940061, 4.703681, 4.467302, 4.240923, 3.994544]"
meta-llama/Llama-3.2-3B-Instruct,LINKUSDT,14,0.6398,6.98,0,0,"[8.96, 8.8, 9.35, 9.21, 8.8, 8.7, 8.52, 8.87, 8.99, 8.99, 9.05, 9.08, 9.17, 9.5, 9.92, 9.79, 9.22, 9.04, 9.12, 8.82, 8.68, 9.11, 9.25, 9.37, 8.91, 8.57, 8.44, 8.42, 8.62, 8.78]","[8.649231, 8.628472, 8.607713, 8.587954, 8.568195, 8.548426, 8.528657, 8.509888, 8.491119, 8.47135, 8.451571, 8.431802, 8.412033, 8.392264, 8.372495, 8.352716, 8.332947, 8.313178, 8.293409, 8.27363, 8.253851, 8.234082, 8.214313, 8.194544, 8.174775, 8.155006, 8.135237, 8.116468, 8.097699, 8.07893]"
meta-llama/Llama-3.2-3B-Instruct,LTCUSDT,14,8.984,12.82,0,0,"[79.97, 81.93, 82.08, 82.26, 83.46, 83.96, 81.71, 81.31, 81.49, 81.19, 78.79, 76.12, 78.18, 76.67, 72.21, 75.22, 74.92, 72.29, 70.8, 67.12, 68.48, 68.19, 68.07, 68.19, 67.3, 69.72, 70.03, 69.42, 66.24, 65.47]","[79.282439, 79.519661, 79.756883, 79.994105, 80.231327, 80.468549, 80.705771, 80.942993, 81.180215, 81.407437, 81.634659, 81.861881, 82.089103, 82.316325, 82.543547, 82.770769, 82.997991, 83.225213, 83.462435, 83.699657, 83.936879, 84.174101, 84.411323, 84.648445, 84.885667, 85.122889, 85.360111, 85.597333, 85.834555, 86.071777]"
meta-llama/Llama-3.2-3B-Instruct,LTCUSDT,14,4.7724,8.72,0,0,"[59.53, 58.49, 60.02, 59.48, 58.89, 50.79, 55.02, 55.19, 54.53, 54.45, 53.38, 52.32, 53.15, 55.03, 55.99, 55.08, 55.13, 53.96, 53.32, 52.7, 55.19, 54.9, 53.48, 51.35, 51.15, 56.76, 55.62, 54.56, 54.4, 53.24]","[64.743117, 64.116254, 63.499391, 62.782528, 62.065665, 61.348802, 60.621939, 59.895066, 59.177203, 58.45034, 57.723467, 56.996594, 56.269721, 55.542848, 54.816075, 54.000202, 53.383339, 52.656456, 51.929583, 51.21271, 50.485837, 49.759064, 48.941191, 48.114318, 47.287445, 46.460572, 45.633699, 44.806826, 43.979953, 43.15308]"
meta-llama/Llama-3.2-3B-Instruct,LTCUSDT,14,19.2375,34.97,1,0,"[54.61, 54.76, 56.77, 55.46, 53.81, 53.58, 52.59, 53.77, 53.87, 54.8, 54.56, 55.3, 54.98, 56.27, 58.7, 58.09, 56.08, 55.54, 56.17, 54.81, 53.51, 55.72, 56.38, 56.65, 54.59, 53.72, 53.85, 53.32, 53.34, 53.95]","[52.094616, 50.949832, 49.805048, 48.660264, 47.51548, 46.380696, 45.245912, 44.111128, 43.006344, 41.88156, 40.756776, 39.642992, 38.518208, 37.393424, 36.26864, 35.153856, 34.039082, 32.924298, 31.809514, 30.69473, 29.580046, 28.464262, 27.348478, 26.232704, 25.11792, 24.003136, 22.878352, 21.763568, 20.648784, 19.533999]"
meta-llama/Llama-3.2-3B-Instruct,NEARUSDT,14,0.1691,10.68,0,0,"[1.627, 1.692, 1.711, 1.728, 1.774, 1.808, 1.722, 1.686, 1.703, 1.689, 1.702, 1.675, 1.859, 1.799, 1.722, 1.731, 1.751, 1.629, 1.597, 1.506, 1.529, 1.513, 1.509, 1.506, 1.436, 1.463, 1.49, 1.489, 1.375, 1.323]","[1.520332, 1.526964, 1.533596, 1.540228, 1.54686, 1.553492, 1.560124, 1.566756, 1.573388, 1.58002, 1.586652, 1.593284, 1.600916, 1.608548, 1.61618, 1.623812, 1.631444, 1.638076, 1.644708, 1.65134, 1.658972, 1.665604, 1.672236, 1.678868, 1.6855, 1.692132, 1.698764, 1.705396, 1.712028, 1.71866]"
meta-llama/Llama-3.2-3B-Instruct,NEARUSDT,14,0.1955,18.03,0,0,"[1.206, 1.173, 1.2, 1.176, 1.16, 0.976, 1.087, 1.075, 1.038, 1.03, 0.993, 0.962, 0.964, 1.024, 1.086, 1.056, 1.058, 1.044, 1.017, 1.007, 1.054, 1.059, 1.022, 0.981, 0.967, 1.172, 1.127, 1.094, 1.172, 1.15]","[1.294118, 1.264705, 1.235292, 1.20588, 1.176467, 1.147054, 1.117641, 1.088229, 1.058816, 1.029403, 1.0, 0.970597, 0.951194, 0.931791, 0.912389, 0.892986, 0.873582, 0.854178, 0.834775, 0.815371, 0.795967, 0.766563, 0.73716, 0.707656, 0.678252, 0.648849, 0.619445, 0.590041, 0.560637, 0.531233]"
meta-llama/Llama-3.2-3B-Instruct,NEARUSDT,14,0.1123,8.4,0,0,"[1.36, 1.358, 1.311, 1.271, 1.227, 1.214, 1.212, 1.235, 1.284, 1.299, 1.368, 1.336, 1.325, 1.35, 1.49, 1.452, 1.386, 1.335, 1.316, 1.281, 1.274, 1.311, 1.292, 1.28, 1.224, 1.18, 1.173, 1.164, 1.162, 1.189]","[1.159253, 1.166389, 1.173525, 1.180661, 1.187797, 1.184933, 1.192069, 1.189205, 1.196341, 1.193477, 1.190603, 1.197739, 1.194865, 1.191991, 1.189117, 1.186243, 1.183369, 1.180495, 1.177621, 1.174747, 1.171873, 1.169999, 1.167125, 1.164251, 1.161377, 1.158503, 1.155629, 1.152755, 1.149881, 1.147007]"
meta-llama/Llama-3.2-3B-Instruct,SOLUSDT,14,38.741,30.38,0,0,"[126.9, 132.29, 133.37, 134.12, 137.9, 141.08, 136.39, 138.37, 135.97, 135.84, 139.7, 139.22, 145.51, 146.69, 142.4, 144.89, 143.72, 137.87, 133.44, 125.8, 129.54, 128.47, 127.43, 127.21, 118.85, 124.24, 127.19, 125.35, 117.82, 117.59]","[127.038462, 128.427025, 130.815678, 133.204331, 135.592984, 138.971637, 142.3503, 145.728963, 149.107626, 152.486279, 155.865932, 159.245585, 162.624238, 166.003891, 169.383544, 172.762197, 176.14185, 179.520503, 182.899156, 186.278819, 189.648472, 192.017125, 195.395778, 198.775431, 202.154084, 205.532737, 208.91239, 212.291043, 215.669696, 219.048359]"
meta-llama/Llama-3.2-3B-Instruct,SOLUSDT,14,24.381,28.64,0,0,"[105.58, 100.79, 104.55, 97.89, 92.12, 78.35, 87.46, 87.59, 86.99, 86.77, 82.99, 79.3, 78.4, 84.33, 88.06, 86.16, 86.45, 85.08, 81.61, 82.5, 84.67, 85.17, 82.79, 77.9, 78.99, 88.06, 85.91, 81.85, 84.35, 83.6]","[121.81, 120.2, 119.49, 118.78, 118.07, 117.36, 116.65, 115.94, 115.23, 114.52, 113.81, 113.1, 112.39, 111.68, 110.97, 110.26, 109.55, 108.84, 108.13, 107.41, 106.69, 106.97, 106.25, 105.53, 104.81, 104.09, 103.37, 102.65, 101.93, 101.21]"
meta-llama/Llama-3.2-3B-Instruct,SOLUSDT,14,4.453,4.95,0,0,"[86.64, 86.97, 90.85, 88.77, 84.7, 83.22, 81.59, 84.96, 85.88, 86.58, 86.84, 88.18, 88.03, 92.3, 96.2, 94.62, 90.08, 88.89, 89.84, 87.56, 86.2, 91.43, 90.8, 91.7, 86.53, 83.11, 82.09, 81.44, 82.54, 83.2]","[83.579471, 83.558942, 83.538413, 83.517884, 83.497355, 83.476826, 83.456297, 83.435868, 83.415339, 83.39481, 83.374281, 83.353752, 83.333223, 83.312694, 83.292165, 83.271636, 83.251107, 83.229578, 83.208049, 83.18652, 83.164991, 83.143462, 83.111933, 83.091404, 83.070875, 83.050346, 83.029817, 83.009288, 82.988759, 82.96823]"
meta-llama/Llama-3.2-3B-Instruct,TRXUSDT,14,0.0106,3.46,0,0,"[0.2871, 0.289, 0.2956, 0.2939, 0.2922, 0.2942, 0.2981, 0.295, 0.2984, 0.3024, 0.2995, 0.2998, 0.3071, 0.3047, 0.3126, 0.3096, 0.3188, 0.3178, 0.3119, 0.297, 0.2993, 0.3054, 0.2979, 0.2954, 0.2957, 0.2966, 0.2947, 0.2954, 0.295, 0.2942]","[0.2849, 0.2852, 0.2855, 0.2858, 0.2861, 0.2864, 0.2867, 0.287, 0.2873, 0.2876, 0.2879, 0.2882, 0.2885, 0.2888, 0.2891, 0.2894, 0.2897, 0.29, 0.2903, 0.2906, 0.2909, 0.2912, 0.2915, 0.2918, 0.2921, 0.2924, 0.2927, 0.293, 0.2933, 0.2936]"
meta-llama/Llama-3.2-3B-Instruct,TRXUSDT,14,0.0091,3.22,2,1,"[0.2866, 0.2847, 0.2835, 0.2861, 0.2833, 0.2696, 0.2741, 0.2782, 0.2778, 0.2791, 0.2782, 0.2784, 0.28, 0.2823, 0.2826, 0.2805, 0.2846, 0.2821, 0.2788, 0.2849, 0.2854, 0.289, 0.2906, 0.2816, 0.2837, 0.2853, 0.2857, 0.2828, 0.2819, 0.2807]","[0.2985, 0.2971, 0.2948, 0.2933, 0.2928, 0.2913, 0.2908, 0.2903, 0.2898, 0.2883, 0.2878, 0.2863, 0.2858, 0.2853, 0.2848, 0.2833, 0.2828, 0.2813, 0.2808, 0.2793, 0.2788, 0.2773, 0.2768, 0.2753, 0.2748, 0.2733, 0.2728, 0.2713, 0.2708, 0.2693]"
meta-llama/Llama-3.2-3B-Instruct,TRXUSDT,14,0.0222,7.23,0,0,"[0.2832, 0.2805, 0.2871, 0.2852, 0.2846, 0.2866, 0.2891, 0.2856, 0.2858, 0.2913, 0.2891, 0.2934, 0.2978, 0.2987, 0.2956, 0.3068, 0.3045, 0.3036, 0.3097, 0.3121, 0.3104, 0.3081, 0.3061, 0.3146, 0.3115, 0.3113, 0.3167, 0.322, 0.32, 0.3133]","[0.2804, 0.28015, 0.27995, 0.27975, 0.27955, 0.27935, 0.27915, 0.279, 0.27885, 0.2787, 0.27855, 0.2784, 0.27825, 0.2781, 0.27795, 0.2778, 0.27765, 0.2775, 0.27735, 0.2772, 0.27705, 0.2769, 0.27675, 0.2766, 0.27645, 0.2763, 0.27615, 0.276, 0.27585, 0.2757]"
meta-llama/Llama-3.2-3B-Instruct,UNIUSDT,14,1.4824,30.28,0,0,"[5.809, 6.038, 5.917, 5.85, 6.162, 6.07, 5.726, 5.488, 5.467, 5.476, 5.456, 5.367, 5.73, 5.681, 5.35, 5.315, 5.352, 5.095, 5.026, 4.803, 4.94, 4.836, 4.873, 4.855, 4.637, 4.711, 4.8, 4.82, 4.396, 4.276]","[5.692507, 5.745014, 5.797521, 5.850028, 5.902535, 5.965142, 6.027749, 6.101356, 6.175963, 6.26058, 6.345197, 6.429814, 6.515431, 6.600048, 6.674665, 6.750282, 6.825899, 6.901516, 6.977133, 7.04274, 7.118357, 7.193974, 7.259591, 7.334208, 7.398825, 7.474442, 7.549059, 7.623686, 7.699313, 7.77494]"
meta-llama/Llama-3.2-3B-Instruct,UNIUSDT,14,0.5599,15.4,1,0,"[3.96, 3.837, 3.925, 3.86, 3.801, 3.168, 3.552, 3.539, 3.468, 3.493, 3.36, 3.369, 3.247, 3.398, 3.629, 3.471, 3.601, 3.524, 3.403, 3.391, 3.492, 3.609, 3.491, 3.349, 3.337, 4.055, 3.879, 3.742, 3.811, 3.748]","[4.193231, 4.110492, 4.038753, 3.967014, 3.896275, 3.826536, 3.757807, 3.689078, 3.620349, 3.55162, 3.483891, 3.417162, 3.350433, 3.283704, 3.217075, 3.149446, 3.081817, 2.996188, 2.929559, 2.86393, 2.797301, 2.721672, 2.656043, 2.590414, 2.524785, 2.459156, 2.393527, 2.328898, 2.264269, 2.19964]"
meta-llama/Llama-3.2-3B-Instruct,UNIUSDT,14,0.2806,7.84,0,0,"[3.929, 3.912, 3.977, 3.97, 3.848, 3.771, 3.661, 3.861, 3.843, 3.898, 3.918, 4.004, 3.948, 4.069, 4.157, 3.957, 3.681, 3.579, 3.605, 3.486, 3.471, 3.587, 3.609, 3.708, 3.528, 3.388, 3.384, 3.355, 3.48, 3.545]","[3.759327, 3.77066, 3.782003, 3.793346, 3.804689, 3.816032, 3.826375, 3.837718, 3.849051, 3.859384, 3.870717, 3.88205, 3.893383, 3.904716, 3.916049, 3.927382, 3.938715, 3.949048, 3.960381, 3.971714, 3.983047, 3.99438, 4.005713, 4.017046, 4.028379, 4.039712, 4.051045, 4.062378, 4.073711, 4.085044]"
meta-llama/Llama-3.2-3B-Instruct,XLMUSDT,14,0.0278,12.39,1,0,"[0.2087, 0.2191, 0.2222, 0.233, 0.2526, 0.2438, 0.2342, 0.2302, 0.2284, 0.2264, 0.2244, 0.2193, 0.2386, 0.2361, 0.2285, 0.226, 0.2309, 0.2182, 0.2157, 0.207, 0.2124, 0.2115, 0.2122, 0.2115, 0.2033, 0.2074, 0.2085, 0.2105, 0.1987, 0.1919]","[0.200531, 0.200103, 0.199675, 0.198247, 0.19782, 0.197393, 0.196965, 0.196538, 0.196, 0.195474, 0.194947, 0.19452, 0.193995, 0.193568, 0.193142, 0.192616, 0.1921, 0.191673, 0.191147, 0.190621, 0.189194, 0.188758, 0.188232, 0.187704, 0.187177, 0.18674, 0.186204, 0.185678, 0.185151, 0.184625]"
meta-llama/Llama-3.2-3B-Instruct,XLMUSDT,14,0.0441,27.47,2,1,"[0.181, 0.1751, 0.1787, 0.1758, 0.1714, 0.1471, 0.1642, 0.1619, 0.1615, 0.1596, 0.1585, 0.1547, 0.1563, 0.1646, 0.1744, 0.1702, 0.1698, 0.1657, 0.1613, 0.1591, 0.1627, 0.161, 0.155, 0.1514, 0.1496, 0.1627, 0.1622, 0.1588, 0.159, 0.1541]","[0.2046, 0.2068, 0.2091, 0.2133, 0.2145, 0.2167, 0.2179, 0.2191, 0.2013, 0.2054, 0.2066, 0.2088, 0.19, 0.1942, 0.1954, 0.1966, 0.1978, 0.199, 0.2022, 0.2034, 0.2046, 0.2068, 0.2079, 0.2091, 0.2103, 0.2115, 0.2127, 0.2139, 0.2151, 0.2163]"
meta-llama/Llama-3.2-3B-Instruct,XLMUSDT,14,0.0283,16.92,0,0,"[0.1557, 0.1515, 0.1595, 0.1569, 0.1522, 0.1504, 0.1482, 0.1508, 0.1586, 0.1592, 0.16, 0.1641, 0.1665, 0.1693, 0.176, 0.1736, 0.1702, 0.1654, 0.1654, 0.1621, 0.156, 0.1668, 0.1738, 0.1774, 0.1738, 0.1674, 0.168, 0.1645, 0.1674, 0.1673]","[0.152085, 0.150878, 0.149671, 0.148464, 0.147257, 0.14605, 0.144843, 0.143636, 0.142429, 0.141222, 0.140015, 0.138808, 0.137601, 0.136394, 0.135187, 0.13408, 0.132973, 0.131866, 0.130759, 0.129652, 0.128545, 0.127438, 0.126331, 0.125224, 0.124117, 0.12301, 0.121803, 0.120696, 0.119589, 0.118482]"
meta-llama/Llama-3.2-3B-Instruct,XRPUSDT,14,0.1549,7.42,0,0,"[1.8799, 2.0069, 2.0182, 2.0909, 2.3478, 2.3042, 2.1657, 2.1232, 2.0958, 2.0907, 2.0745, 2.054, 2.1655, 2.1394, 2.0789, 2.0678, 2.0631, 1.9914, 1.986, 1.89, 1.9476, 1.9236, 1.9196, 1.9143, 1.8356, 1.9041, 1.9158, 1.9111, 1.8076, 1.7352]","[1.8483, 1.8517, 1.8552, 1.8587, 1.8622, 1.8658, 1.8694, 1.8729, 1.8765, 1.8801, 1.8837, 1.8873, 1.891, 1.8946, 1.8982, 1.9018, 1.9054, 1.9089, 1.9125, 1.9161, 1.9197, 1.9233, 1.927, 1.9306, 1.9342, 1.9379, 1.9415, 1.9451, 1.9487, 1.9523]"
meta-llama/Llama-3.2-3B-Instruct,XRPUSDT,14,0.2303,16.44,0,0,"[1.6472, 1.5908, 1.6198, 1.5791, 1.512, 1.2146, 1.4698, 1.4231, 1.4308, 1.437, 1.3999, 1.3697, 1.3635, 1.4071, 1.5094, 1.4753, 1.4876, 1.4743, 1.4219, 1.4068, 1.4292, 1.4304, 1.3932, 1.3518, 1.3482, 1.4339, 1.4027, 1.3562, 1.3762, 1.3524]","[1.710077, 1.685954, 1.661831, 1.637708, 1.613585, 1.589462, 1.555339, 1.521216, 1.487093, 1.45397, 1.420847, 1.397724, 1.364601, 1.331478, 1.298355, 1.265232, 1.242109, 1.209006, 1.175883, 1.14276, 1.099627, 1.066494, 1.033361, 1.000228, 0.967095, 0.933962, 0.900829, 0.867696, 0.844563, 0.81144]"
meta-llama/Llama-3.2-3B-Instruct,XRPUSDT,14,0.1785,12.68,0,0,"[1.39, 1.3607, 1.4309, 1.4037, 1.3633, 1.3567, 1.34, 1.3631, 1.3863, 1.3847, 1.3846, 1.3989, 1.4063, 1.4487, 1.543, 1.5182, 1.4647, 1.4475, 1.4452, 1.4086, 1.3848, 1.4323, 1.416, 1.4145, 1.3609, 1.3257, 1.3333, 1.3278, 1.3242, 1.3411]","[1.3428, 1.3332, 1.3237, 1.3143, 1.305, 1.2958, 1.2866, 1.2775, 1.2685, 1.2596, 1.2509, 1.2423, 1.2338, 1.2254, 1.2171, 1.2089, 1.201, 1.1932, 1.1856, 1.1781, 1.1708, 1.1636, 1.1566, 1.1498, 1.1432, 1.1368, 1.1306, 1.1245, 1.1186, 1.1129]"
meta-llama/Llama-3.2-3B-Instruct,ADAUSDT,21,0.1367,37.83,2,1,"[0.3565, 0.3949, 0.3893, 0.4007, 0.4211, 0.4194, 0.4022, 0.3956, 0.3914, 0.3886, 0.391, 0.3862, 0.4218, 0.4143, 0.3936, 0.3955, 0.3973, 0.3758, 0.3703, 0.3507, 0.3659, 0.3594, 0.3602, 0.3583, 0.3391, 0.3521, 0.3608, 0.3583, 0.3347, 0.3208]","[0.384, 0.394, 0.403, 0.412, 0.421, 0.43, 0.439, 0.448, 0.457, 0.466, 0.475, 0.484, 0.493, 0.502, 0.511, 0.52, 0.529, 0.538, 0.547, 0.556, 0.565, 0.574, 0.583, 0.592, 0.601, 0.61, 0.619, 0.628, 0.637, 0.646]"
meta-llama/Llama-3.2-3B-Instruct,ADAUSDT,21,0.0718,26.17,2,1,"[0.2936, 0.2858, 0.2991, 0.2917, 0.2864, 0.2455, 0.2762, 0.2721, 0.2701, 0.2699, 0.262, 0.2559, 0.2643, 0.2728, 0.295, 0.2818, 0.2858, 0.2811, 0.2735, 0.2729, 0.2849, 0.28, 0.2717, 0.2623, 0.2587, 0.2971, 0.287, 0.2776, 0.281, 0.2735]","[0.384, 0.39, 0.385, 0.423, 0.416, 0.394, 0.396, 0.398, 0.376, 0.371, 0.351, 0.367, 0.36, 0.36, 0.358, 0.34, 0.353, 0.361, 0.359, 0.335, 0.321, 0.317, 0.309, 0.305, 0.297, 0.293, 0.285, 0.281, 0.273, 0.269]"
meta-llama/Llama-3.2-3B-Instruct,ADAUSDT,21,0.0336,13.17,0,0,"[0.2771, 0.2625, 0.2763, 0.2692, 0.259, 0.2544, 0.2493, 0.2552, 0.2621, 0.2626, 0.2636, 0.2656, 0.2634, 0.2702, 0.2904, 0.2891, 0.2742, 0.2675, 0.2661, 0.2574, 0.2506, 0.2616, 0.2664, 0.2705, 0.2547, 0.2461, 0.246, 0.2398, 0.2434, 0.2418]","[0.27556, 0.27674, 0.27802, 0.27931, 0.28059, 0.28286, 0.28414, 0.28542, 0.28671, 0.288, 0.28929, 0.29057, 0.29185, 0.29313, 0.29441, 0.29569, 0.29797, 0.29925, 0.30053, 0.30181, 0.30309, 0.30437, 0.30565, 0.30693, 0.30821, 0.30949, 0.31077, 0.31205, 0.31333, 0.31461]"
meta-llama/Llama-3.2-3B-Instruct,ALGOUSDT,21,0.0434,34.54,0,0,"[0.1202, 0.1275, 0.1279, 0.1362, 0.1396, 0.1423, 0.1364, 0.1344, 0.1332, 0.1337, 0.1323, 0.129, 0.1385, 0.1365, 0.128, 0.1303, 0.1315, 0.1228, 0.1209, 0.1143, 0.1177, 0.1188, 0.1203, 0.1186, 0.1147, 0.1221, 0.122, 0.1263, 0.1145, 0.1121]","[0.108995, 0.108155, 0.106325, 0.104495, 0.102665, 0.100835, 0.098995, 0.097155, 0.095325, 0.093495, 0.091665, 0.089835, 0.087995, 0.086155, 0.084315, 0.082475, 0.080635, 0.078795, 0.076955, 0.075115, 0.073275, 0.071435, 0.069595, 0.067755, 0.065915, 0.064085, 0.062255, 0.060425, 0.058595, 0.056765]"
meta-llama/Llama-3.2-3B-Instruct,ALGOUSDT,21,0.0687,75.34,2,1,"[0.104, 0.1005, 0.1049, 0.1064, 0.1031, 0.0884, 0.0989, 0.0977, 0.0969, 0.096, 0.0917, 0.0891, 0.0918, 0.0941, 0.0997, 0.0959, 0.0947, 0.0931, 0.091, 0.0892, 0.0905, 0.0896, 0.0868, 0.0839, 0.0835, 0.091, 0.088, 0.0866, 0.0879, 0.0856]","[0.134, 0.135, 0.137, 0.139, 0.141, 0.143, 0.145, 0.147, 0.149, 0.151, 0.153, 0.155, 0.157, 0.159, 0.161, 0.163, 0.165, 0.167, 0.169, 0.171, 0.173, 0.175, 0.177, 0.179, 0.181, 0.183, 0.185, 0.187, 0.189, 0.191]"
meta-llama/Llama-3.2-3B-Instruct,ALGOUSDT,21,0.0098,11.06,0,0,"[0.088, 0.0861, 0.0888, 0.0873, 0.0844, 0.083, 0.0818, 0.0833, 0.0853, 0.0862, 0.089, 0.0939, 0.091, 0.0926, 0.0972, 0.0947, 0.0901, 0.0893, 0.0898, 0.0868, 0.0855, 0.0875, 0.0872, 0.0875, 0.084, 0.0815, 0.0816, 0.0812, 0.0822, 0.0939]","[0.084981, 0.084461, 0.08394, 0.08342, 0.0829, 0.08237, 0.081841, 0.081311, 0.080881, 0.08044, 0.07999, 0.07954, 0.079091, 0.078542, 0.077993, 0.077443, 0.076894, 0.076355, 0.075817, 0.075279, 0.07474, 0.074202, 0.073663, 0.073124, 0.072586, 0.071948, 0.071409, 0.07087, 0.070431, 0.069891]"
meta-llama/Llama-3.2-3B-Instruct,ATOMUSDT,21,0.6057,25.2,0,0,"[2.069, 2.168, 2.239, 2.34, 2.369, 2.532, 2.433, 2.461, 2.592, 2.57, 2.574, 2.487, 2.636, 2.582, 2.477, 2.494, 2.567, 2.426, 2.456, 2.295, 2.382, 2.335, 2.368, 2.334, 2.236, 2.222, 2.244, 2.237, 2.128, 2.112]","[1.91825, 1.9065, 1.89575, 1.885, 1.87525, 1.8655, 1.85575, 1.846, 1.83625, 1.8265, 1.81675, 1.807, 1.79725, 1.7875, 1.77775, 1.768, 1.75825, 1.7485, 1.73875, 1.729, 1.71925, 1.7095, 1.69975, 1.69, 1.68025, 1.6705, 1.66075, 1.651, 1.64125, 1.6315]"
meta-llama/Llama-3.2-3B-Instruct,ATOMUSDT,21,0.4322,20.6,0,0,"[1.971, 1.91, 1.982, 2.036, 1.995, 1.819, 1.987, 1.989, 1.95, 1.96, 1.922, 1.945, 1.968, 2.122, 2.186, 2.137, 2.292, 2.242, 2.346, 2.292, 2.358, 2.314, 2.25, 2.12, 1.992, 1.942, 1.879, 1.849, 1.849, 1.799]","[2.0904, 2.0588, 2.0272, 1.9966, 1.966, 1.9354, 1.9048, 1.8742, 1.8436, 1.813, 1.7814, 1.7508, 1.7202, 1.6896, 1.659, 1.6274, 1.5968, 1.5662, 1.5356, 1.505, 1.4734, 1.443, 1.4124, 1.3818, 1.3512, 1.3206, 1.29, 1.2584, 1.2278, 1.1972]"
meta-llama/Llama-3.2-3B-Instruct,ATOMUSDT,21,0.1241,6.8,0,0,"[1.843, 1.814, 1.879, 1.84, 1.809, 1.785, 1.738, 1.743, 1.788, 1.84, 1.838, 1.862, 1.87, 1.861, 1.978, 1.961, 1.909, 1.811, 1.834, 1.793, 1.769, 1.786, 1.787, 1.765, 1.699, 1.676, 1.666, 1.646, 1.665, 1.707]","[1.791, 1.783, 1.775, 1.767, 1.759, 1.751, 1.743, 1.735, 1.727, 1.719, 1.711, 1.703, 1.695, 1.687, 1.679, 1.671, 1.663, 1.655, 1.647, 1.639, 1.631, 1.623, 1.615, 1.607, 1.599, 1.591, 1.583, 1.575, 1.567, 1.559]"
meta-llama/Llama-3.2-3B-Instruct,AVAXUSDT,21,1.6928,12.56,0,0,"[13.59, 13.82, 13.99, 14.25, 14.45, 14.59, 14.11, 13.89, 13.79, 13.74, 13.7, 13.53, 14.75, 14.6, 13.82, 13.59, 13.75, 12.98, 12.74, 12.09, 12.42, 12.2, 12.13, 12.05, 11.49, 11.72, 12.14, 12.07, 11.04, 10.87]","[12.265, 12.21, 12.155, 12.1, 12.045, 11.99, 11.935, 11.88, 11.825, 11.77, 11.715, 11.66, 11.605, 11.55, 11.495, 11.44, 11.385, 11.33, 11.275, 11.22, 11.165, 11.11, 10.955, 10.9, 10.845, 10.79, 10.725, 10.66, 10.595, 10.52]"
meta-llama/Llama-3.2-3B-Instruct,AVAXUSDT,21,0.868,9.52,0,0,"[10.12, 9.91, 10.14, 9.93, 9.72, 8.32, 9.28, 9.23, 9.08, 9.06, 8.76, 8.63, 8.9, 9.14, 9.59, 9.29, 9.26, 9.14, 8.86, 8.91, 9.17, 9.12, 8.87, 8.36, 8.29, 9.51, 9.31, 8.95, 9.16, 9.04]","[10.882, 10.754, 10.626, 10.498, 10.37, 10.242, 10.114, 9.986, 9.858, 9.73, 9.592, 9.464, 9.336, 9.208, 9.08, 8.942, 8.814, 8.686, 8.558, 8.43, 8.292, 8.154, 8.016, 7.878, 7.74, 7.602, 7.464, 7.326, 7.188, 7.06]"
meta-llama/Llama-3.2-3B-Instruct,AVAXUSDT,21,1.8727,19.93,0,0,"[9.17, 9.18, 9.5, 9.39, 9.01, 8.91, 8.82, 9.26, 9.53, 9.55, 9.67, 9.72, 9.73, 9.95, 10.49, 10.2, 9.69, 9.48, 9.56, 9.21, 9.03, 9.56, 9.62, 9.68, 9.11, 8.79, 8.75, 8.6, 8.81, 8.91]","[8.939999, 8.839, 8.739999, 8.64, 8.54, 8.44, 8.34, 8.24, 8.14, 8.04, 7.94, 7.84, 7.74, 7.64, 7.54, 7.44, 7.34, 7.24, 7.14, 7.04, 6.94, 6.84, 6.74, 6.64, 6.54, 6.44, 6.34, 6.24, 6.14, 6.04]"
meta-llama/Llama-3.2-3B-Instruct,BCHUSDT,21,113.9367,19.41,2,1,"[593.2, 609.8, 654.5, 639.1, 645.2, 638.2, 629.2, 632.0, 634.7, 643.9, 649.1, 621.7, 617.0, 597.4, 590.8, 599.5, 594.1, 591.4, 584.0, 573.2, 584.8, 599.2, 595.7, 593.6, 572.2, 578.7, 600.2, 591.1, 554.1, 553.2]","[584.9, 593.4, 600.8, 609.6, 621.7, 630.1, 639.4, 648.7, 657.0, 665.3, 673.6, 681.9, 690.2, 698.5, 706.8, 715.1, 723.4, 731.7, 740.0, 748.3, 756.6, 764.9, 773.2, 781.5, 789.8, 798.1, 806.4, 814.7, 823.0, 831.3]"
meta-llama/Llama-3.2-3B-Instruct,BCHUSDT,21,59.48,11.79,2,1,"[507.5, 516.2, 539.7, 527.1, 532.5, 453.9, 523.2, 525.1, 527.0, 533.0, 524.3, 516.2, 503.0, 563.9, 562.9, 553.5, 569.2, 563.4, 558.0, 560.4, 562.4, 564.1, 570.7, 495.8, 484.8, 492.9, 478.4, 461.5, 457.6, 441.7]","[623.9, 630.3, 624.8, 620.5, 609.6, 598.7, 607.0, 602.5, 589.9, 579.1, 569.3, 580.9, 605.2, 600.7, 588.9, 577.1, 585.4, 600.2, 591.1, 564.1, 563.2, 552.4, 561.6, 556.8, 545.0, 544.1, 533.3, 542.5, 537.7, 526.9]"
meta-llama/Llama-3.2-3B-Instruct,BCHUSDT,21,64.2867,14.05,2,1,"[445.3, 443.9, 466.9, 461.6, 449.7, 450.2, 443.1, 444.6, 447.1, 455.1, 455.2, 461.0, 467.6, 469.7, 478.8, 470.7, 456.9, 455.6, 474.6, 462.6, 467.4, 478.0, 477.4, 473.6, 461.9, 472.9, 481.2, 452.7, 460.3, 466.5]","[537.8, 535.9, 528.4, 521.6, 559.7, 561.9, 554.3, 571.1, 565.2, 559.3, 561.5, 563.7, 565.0, 572.2, 498.9, 487.9, 496.1, 481.4, 464.6, 460.8, 445.1, 442.3, 437.5, 432.7, 428.9, 425.1, 421.3, 417.5, 413.7, 409.9]"
meta-llama/Llama-3.2-3B-Instruct,BNBUSDT,21,23.781,2.62,2,1,"[864.39, 881.25, 878.63, 895.43, 910.31, 917.64, 900.3, 892.26, 896.86, 907.93, 904.32, 905.78, 943.73, 948.47, 931.2, 938.16, 947.12, 932.51, 923.6, 884.2, 883.36, 888.06, 891.63, 887.17, 866.02, 879.41, 898.36, 902.91, 868.69, 858.81]","[876.9, 878.6, 880.4, 882.0, 883.7, 884.8, 886.0, 887.3, 888.5, 889.8, 890.1, 891.4, 892.7, 893.0, 894.3, 895.6, 896.9, 898.2, 899.5, 900.8, 901.1, 902.4, 903.7, 904.0, 905.3, 906.6, 907.9, 909.2, 910.5, 911.8]"
meta-llama/Llama-3.2-3B-Instruct,BNBUSDT,21,178.469,28.37,0,0,"[781.38, 758.54, 773.94, 754.78, 697.27, 608.3, 657.21, 647.0, 639.93, 636.39, 619.85, 608.11, 614.29, 618.94, 632.77, 615.16, 627.19, 617.74, 604.8, 607.83, 625.91, 625.61, 614.8, 596.41, 583.6, 629.42, 625.74, 614.03, 617.14, 617.96]","[856.898, 855.442, 853.986, 851.53, 849.074, 846.618, 844.162, 841.706, 839.15, 836.694, 834.238, 831.782, 829.326, 826.87, 824.414, 821.958, 819.502, 816.946, 814.49, 811.034, 807.578, 804.122, 800.666, 797.21, 793.754, 790.298, 786.842, 783.396, 779.94, 776.484]"
meta-llama/Llama-3.2-3B-Instruct,BNBUSDT,21,17.8523,2.75,0,0,"[637.79, 633.56, 657.99, 647.85, 627.31, 620.26, 611.98, 634.64, 642.0, 651.46, 651.72, 655.73, 657.7, 673.77, 679.71, 668.61, 652.27, 639.15, 642.11, 630.7, 626.41, 639.11, 638.3, 647.66, 628.86, 613.95, 611.08, 606.09, 609.29, 617.43]","[634.899999, 633.879999, 633.159999, 632.439999, 631.719999, 630.999999, 630.28, 629.56, 628.84, 628.12, 627.4, 626.68, 626.06, 625.44, 624.82, 624.2, 623.58, 622.96, 622.34, 621.72, 621.1, 620.48, 619.86, 619.24, 618.62, 618.0, 617.38, 616.76, 616.14, 615.52]"
meta-llama/Llama-3.2-3B-Instruct,BTCUSDT,21,6817.2393,7.42,0,0,"[88839.04, 89995.13, 90628.01, 91529.73, 93859.71, 93747.97, 91364.16, 91099.99, 90641.28, 90504.7, 91013.65, 91296.2, 95414.0, 96951.78, 95604.8, 95550.94, 95147.77, 93673.14, 92631.0, 88427.66, 89454.73, 89559.67, 89600.26, 89225.34, 86670.36, 88347.08, 89250.0, 89299.99, 84650.16, 84260.49]","[87195.442, 86979.022, 86762.602, 86546.182, 86329.762, 86112.342, 85895.922, 85778.502, 85561.082, 85343.662, 85126.242, 84908.822, 84691.402, 84474.982, 84257.562, 84040.142, 83822.722, 83605.302, 83387.882, 83170.462, 82953.042, 82735.622, 82518.202, 82300.782, 82083.362, 81866.942, 81649.522, 81422.102, 81204.682, 80997.262]"
meta-llama/Llama-3.2-3B-Instruct,BTCUSDT,21,19208.0573,28.0,2,1,"[78741.09, 76968.21, 78738.61, 75770.21, 73165.83, 62909.86, 70580.26, 69289.38, 70330.38, 70138.0, 68841.29, 67082.52, 66272.17, 68853.96, 69822.95, 68832.58, 68892.43, 67503.52, 66461.0, 67003.73, 68020.01, 67975.93, 67643.4, 64656.02, 64058.15, 67988.04, 67485.18, 65872.1, 66973.26, 65776.47]","[90911.35, 91143.44, 91335.39, 95715.11, 96541.93, 96145.51, 95871.33, 95355.29, 93801.61, 92793.82, 88533.41, 89475.19, 89590.06, 89595.92, 89320.21, 86765.43, 88423.01, 89246.88, 89298.87, 84703.15, 84324.48, 84139.71, 83644.89, 83169.07, 82694.25, 82219.43, 81744.61, 81269.79, 80794.97, 80320.15]"
meta-llama/Llama-3.2-3B-Instruct,BTCUSDT,21,7943.9653,11.37,2,1,"[68830.06, 68338.0, 72666.77, 70890.72, 68114.02, 67262.91, 65971.2, 68432.16, 69948.63, 70191.86, 70541.34, 70930.0, 71211.95, 72815.24, 74884.67, 73909.36, 71246.54, 69930.0, 70510.73, 68918.12, 67859.0, 70906.45, 70556.74, 71336.53, 68820.31, 66407.28, 66377.03, 66010.93, 66797.37, 68284.48]","[70211.91, 69791.61, 69113.49, 68445.51, 67817.39, 67149.31, 66501.23, 65953.16, 65405.09, 64857.02, 64309.05, 63761.08, 63213.11, 62665.14, 62117.17, 61569.2, 61021.23, 60473.26, 59925.29, 59377.32, 58829.35, 58281.38, 57733.41, 57185.44, 56637.47, 56089.5, 55541.53, 54993.56, 54445.59, 53897.62]"
meta-llama/Llama-3.2-3B-Instruct,DOGEUSDT,21,0.0329,24.48,0,0,"[0.12683, 0.14188, 0.14315, 0.14953, 0.15171, 0.15055, 0.14642, 0.14194, 0.14071, 0.13965, 0.13801, 0.13662, 0.14828, 0.14718, 0.14004, 0.13813, 0.13788, 0.13164, 0.12916, 0.12336, 0.12654, 0.12437, 0.12477, 0.12423, 0.11945, 0.12236, 0.12619, 0.125, 0.11728, 0.11581]","[0.116956, 0.115879, 0.114802, 0.113725, 0.112648, 0.111571, 0.110494, 0.109417, 0.10834, 0.107263, 0.106186, 0.105109, 0.104032, 0.102955, 0.101878, 0.100801, 0.099724, 0.098647, 0.09757, 0.096503, 0.095436, 0.094369, 0.093302, 0.092235, 0.091168, 0.090101, 0.089034, 0.088067, 0.0871, 0.086133]"
meta-llama/Llama-3.2-3B-Instruct,DOGEUSDT,21,0.0591,61.06,2,1,"[0.10426, 0.10426, 0.10792, 0.10602, 0.10383, 0.08849, 0.09848, 0.09823, 0.09663, 0.09611, 0.09277, 0.09112, 0.093, 0.09667, 0.11104, 0.10269, 0.10102, 0.10066, 0.09855, 0.09837, 0.10011, 0.09841, 0.09558, 0.09266, 0.09137, 0.10095, 0.09701, 0.09337, 0.09405, 0.0919]","[0.135, 0.133, 0.132, 0.134, 0.136, 0.138, 0.14, 0.142, 0.144, 0.146, 0.148, 0.15, 0.152, 0.154, 0.156, 0.158, 0.16, 0.162, 0.164, 0.166, 0.168, 0.17, 0.172, 0.174, 0.176, 0.178, 0.18, 0.182, 0.184, 0.186]"
meta-llama/Llama-3.2-3B-Instruct,DOGEUSDT,21,0.0041,4.24,0,0,"[0.09356, 0.08997, 0.09893, 0.09356, 0.09129, 0.08993, 0.08915, 0.09049, 0.09452, 0.09288, 0.09475, 0.09596, 0.09604, 0.09738, 0.10304, 0.10015, 0.09526, 0.09354, 0.09416, 0.09135, 0.09015, 0.09415, 0.0951, 0.09618, 0.09205, 0.09011, 0.091, 0.09045, 0.09083, 0.09232]","[0.09169, 0.09147, 0.09135, 0.09123, 0.09111, 0.091, 0.09087, 0.09075, 0.09063, 0.09051, 0.09039, 0.09027, 0.09015, 0.09003, 0.08991, 0.08979, 0.08967, 0.08955, 0.08943, 0.08931, 0.08919, 0.08907, 0.08895, 0.08883, 0.08871, 0.08859, 0.08847, 0.08835, 0.08823, 0.08811]"
meta-llama/Llama-3.2-3B-Instruct,DOTUSDT,21,0.4325,21.16,0,0,"[1.999, 2.166, 2.125, 2.142, 2.208, 2.235, 2.145, 2.111, 2.083, 2.093, 2.07, 2.055, 2.282, 2.226, 2.117, 2.119, 2.179, 2.065, 2.028, 1.897, 1.955, 1.927, 1.926, 1.93, 1.823, 1.875, 1.876, 1.87, 1.736, 1.69]","[1.77615, 1.7633, 1.75045, 1.7376, 1.72475, 1.7129, 1.70105, 1.6892, 1.67635, 1.6635, 1.65165, 1.6398, 1.62795, 1.6161, 1.60425, 1.5924, 1.58055, 1.5687, 1.55685, 1.545, 1.53315, 1.5213, 1.50945, 1.4976, 1.48575, 1.4739, 1.46205, 1.4502, 1.43835, 1.4265]"
meta-llama/Llama-3.2-3B-Instruct,DOTUSDT,21,0.2067,14.17,0,0,"[1.547, 1.495, 1.543, 1.5, 1.461, 1.248, 1.368, 1.372, 1.337, 1.32, 1.283, 1.256, 1.283, 1.33, 1.421, 1.357, 1.376, 1.347, 1.311, 1.287, 1.341, 1.36, 1.313, 1.265, 1.238, 1.663, 1.609, 1.599, 1.662, 1.534]","[1.7105, 1.6859, 1.6613, 1.6367, 1.6121, 1.5875, 1.5629, 1.5383, 1.5037, 1.4691, 1.4445, 1.4199, 1.3953, 1.3707, 1.3461, 1.3215, 1.2969, 1.2733, 1.2497, 1.2261, 1.2025, 1.1799, 1.1573, 1.1347, 1.1121, 1.0905, 1.0689, 1.0473, 1.0257, 1.0041]"
meta-llama/Llama-3.2-3B-Instruct,DOTUSDT,21,0.2473,18.1,0,0,"[1.509, 1.533, 1.541, 1.53, 1.488, 1.448, 1.452, 1.494, 1.486, 1.522, 1.518, 1.464, 1.414, 1.441, 1.64, 1.62, 1.577, 1.521, 1.499, 1.468, 1.413, 1.421, 1.401, 1.363, 1.321, 1.292, 1.259, 1.261, 1.243, 1.253]","[1.5443, 1.5546, 1.5649, 1.5752, 1.5855, 1.5958, 1.6061, 1.6164, 1.6267, 1.637, 1.6473, 1.6576, 1.6679, 1.6782, 1.6885, 1.6988, 1.7091, 1.7194, 1.7297, 1.74, 1.7503, 1.7606, 1.7709, 1.7812, 1.7915, 1.8018, 1.8121, 1.8224, 1.8327, 1.843]"
meta-llama/Llama-3.2-3B-Instruct,ETCUSDT,21,2.102,17.24,0,0,"[12.06, 12.52, 12.56, 12.82, 13.31, 13.37, 12.88, 12.61, 12.61, 12.54, 12.37, 12.26, 13.29, 13.2, 12.65, 12.76, 12.85, 12.24, 12.03, 11.54, 11.66, 11.58, 11.67, 11.59, 11.14, 11.39, 11.58, 11.55, 10.81, 10.6]","[11.392, 11.305, 11.218, 11.131, 11.044, 10.957, 10.87, 10.783, 10.696, 10.609, 10.522, 10.435, 10.348, 10.261, 10.174, 10.087, 9.991, 9.894, 9.797, 9.7, 9.603, 9.506, 9.409, 9.312, 9.215, 9.118, 9.031, 8.944, 8.857, 8.77]"
meta-llama/Llama-3.2-3B-Instruct,ETCUSDT,21,0.6528,7.5,0,0,"[9.76, 9.5, 9.81, 9.57, 9.34, 8.06, 8.84, 8.78, 8.57, 8.59, 8.33, 8.14, 8.25, 8.53, 9.0, 8.74, 8.84, 8.68, 8.44, 8.27, 8.76, 9.05, 8.52, 8.36, 8.3, 9.15, 8.86, 8.65, 8.68, 8.47]","[10.503, 10.406, 10.309, 10.212, 10.115, 9.918, 9.821, 9.724, 9.627, 9.53, 9.443, 9.356, 9.269, 9.182, 9.095, 8.998, 8.911, 8.824, 8.737, 8.65, 8.563, 8.476, 8.389, 8.302, 8.215, 8.138, 8.051, 7.964, 7.887, 7.82]"
meta-llama/Llama-3.2-3B-Instruct,ETCUSDT,21,0.2289,2.72,0,0,"[8.72, 8.49, 8.85, 8.65, 8.25, 8.12, 7.99, 8.16, 8.23, 8.28, 8.27, 8.49, 8.26, 8.48, 9.03, 8.86, 8.51, 8.34, 8.41, 8.18, 8.03, 8.59, 8.67, 8.68, 8.21, 8.09, 8.04, 7.95, 8.07, 8.19]","[8.466667, 8.46, 8.453333, 8.446667, 8.44, 8.432333, 8.425, 8.417333, 8.41, 8.402667, 8.396, 8.389333, 8.382667, 8.376, 8.369333, 8.362667, 8.356, 8.350333, 8.344667, 8.339, 8.332333, 8.325667, 8.32, 8.313333, 8.306667, 8.301, 8.294333, 8.289667, 8.284, 8.278333]"
meta-llama/Llama-3.2-3B-Instruct,ETHUSDT,21,205.0969,6.88,0,0,"[3004.19, 3125.45, 3127.11, 3144.7, 3224.99, 3296.84, 3168.72, 3106.65, 3088.4, 3086.72, 3123.45, 3095.75, 3325.82, 3354.92, 3318.69, 3296.28, 3310.56, 3284.03, 3189.55, 2939.88, 2982.27, 2952.69, 2956.41, 2953.22, 2816.89, 2930.35, 3026.77, 3010.78, 2822.59, 2707.38]","[2990.8132, 2998.4153, 3014.0174, 3029.6195, 3044.2216, 3059.8237, 3075.4258, 3090.0279, 3104.629999, 3120.2321, 3135.8342, 3151.4363, 3167.0384, 3182.6405, 3198.2426, 3214.8447, 3221.4468, 3238.0489, 3254.651, 3261.2531, 3270.8552, 3280.4573, 3291.0594, 3302.6615, 3314.2636, 3327.8657, 3341.4678, 3356.0699, 3371.672, 3387.2741]"
meta-llama/Llama-3.2-3B-Instruct,ETHUSDT,21,866.9332,43.45,0,0,"[2451.95, 2270.15, 2347.02, 2233.72, 2148.26, 1826.83, 2063.38, 2087.08, 2089.74, 2105.02, 2022.67, 1941.18, 1947.85, 2048.72, 2086.59, 1966.58, 1998.33, 1991.66, 1955.91, 1949.08, 1968.88, 1973.35, 1957.82, 1856.3, 1851.94, 2057.48, 2027.68, 1929.84, 1964.51, 1939.71]","[2712.786, 2726.159, 2739.532, 2752.905, 2766.278, 2779.651, 2792.024, 2804.397, 2817.77, 2831.143, 2844.516, 2857.899, 2871.272, 2884.645, 2897.018, 2910.391, 2923.754, 2936.127, 2948.5, 2961.873, 2975.236, 2987.609, 2999.982, 3012.355, 3024.718, 3036.991, 3049.364, 3061.737, 3074.11, 3086.483]"
meta-llama/Llama-3.2-3B-Instruct,ETHUSDT,21,255.9643,12.45,2,1,"[2027.35, 1982.8, 2127.28, 2072.86, 1978.68, 1969.59, 1937.1, 1992.98, 2036.51, 2051.97, 2073.52, 2092.22, 2096.16, 2178.3, 2352.97, 2317.39, 2203.39, 2137.81, 2146.22, 2084.87, 2053.89, 2152.03, 2156.23, 2169.02, 2060.43, 1992.75, 1994.74, 1984.64, 2026.48, 2105.43]","[2130.42, 2143.49, 2161.44, 2175.93, 2191.61, 2205.99, 2221.56, 2235.95, 2249.34, 2263.73, 2277.12, 2291.51, 2305.9, 2319.29, 2333.68, 2347.07, 2361.46, 2375.85, 2390.24, 2404.63, 2418.02, 2431.41, 2445.8, 2459.19, 2473.58, 2487.97, 2502.36, 2516.75, 2530.14, 2544.53]"
meta-llama/Llama-3.2-3B-Instruct,FILUSDT,21,0.1751,11.81,1,0,"[1.483, 1.504, 1.494, 1.494, 1.569, 1.593, 1.519, 1.497, 1.488, 1.482, 1.457, 1.461, 1.576, 1.592, 1.504, 1.52, 1.551, 1.45, 1.384, 1.312, 1.348, 1.319, 1.313, 1.315, 1.251, 1.269, 1.272, 1.28, 1.194, 1.176]","[1.29425, 1.2905, 1.28675, 1.283, 1.27925, 1.2765, 1.27375, 1.271, 1.26825, 1.2655, 1.26275, 1.26, 1.25725, 1.2545, 1.25175, 1.249, 1.24625, 1.2435, 1.24075, 1.238, 1.23525, 1.2325, 1.22975, 1.227, 1.22425, 1.2215, 1.21975, 1.217, 1.21425, 1.2115]"
meta-llama/Llama-3.2-3B-Instruct,FILUSDT,21,0.0927,9.52,0,0,"[1.052, 1.035, 1.083, 1.068, 1.05, 0.883, 0.977, 0.976, 0.934, 0.938, 0.902, 0.879, 0.914, 0.958, 1.015, 0.963, 0.978, 0.96, 0.927, 0.915, 0.958, 0.97, 0.93, 0.891, 0.88, 1.062, 1.026, 0.994, 1.005, 0.964]","[1.1594, 1.1428, 1.1261, 1.1094, 1.0927, 1.076, 1.0593, 1.0426, 1.0259, 1.0092, 0.9925, 0.9758, 0.9591, 0.9424, 0.9257, 0.909, 0.9013, 0.8936, 0.8859, 0.8782, 0.8705, 0.8628, 0.8551, 0.8474, 0.8397, 0.832, 0.8243, 0.8166, 0.809, 0.8014]"
meta-llama/Llama-3.2-3B-Instruct,FILUSDT,21,0.088,10.13,0,0,"[0.987, 1.0, 1.025, 1.011, 0.978, 0.952, 0.934, 0.939, 0.866, 0.878, 0.877, 0.869, 0.883, 0.895, 0.99, 0.969, 0.925, 0.895, 0.902, 0.882, 0.848, 0.923, 0.923, 0.928, 0.869, 0.839, 0.801, 0.802, 0.816, 0.832]","[0.9665, 0.9678, 0.9691, 0.9704, 0.9717, 0.973, 0.9743, 0.9756, 0.9769, 0.9782, 0.9795, 0.9808, 0.9821, 0.9834, 0.9847, 0.986, 0.9873, 0.9886, 0.9899, 0.9912, 0.9925, 0.9938, 0.9951, 0.9964, 0.9977, 0.9989, 0.9992, 1.0005, 1.0017, 1.0029]"
meta-llama/Llama-3.2-3B-Instruct,LINKUSDT,21,1.9445,15.02,0,0,"[12.6, 13.27, 13.23, 13.43, 13.9, 14.04, 13.44, 13.21, 13.14, 13.13, 13.21, 13.08, 14.06, 14.11, 13.8, 13.73, 13.75, 13.32, 12.88, 12.12, 12.4, 12.27, 12.22, 12.2, 11.52, 11.95, 12.03, 11.84, 11.13, 10.79]","[12.117, 12.04, 11.963, 11.886, 11.809, 11.732, 11.655, 11.578, 11.501, 11.424, 11.347, 11.27, 11.193, 11.116, 10.999, 10.822, 10.745, 10.668, 10.591, 10.514, 10.437, 10.36, 10.283, 10.206, 10.129, 9.962, 9.895, 9.818, 9.741, 9.664]"
meta-llama/Llama-3.2-3B-Instruct,LINKUSDT,21,1.0147,11.52,0,0,"[9.99, 9.41, 9.81, 9.49, 9.25, 7.92, 8.88, 8.91, 8.83, 8.83, 8.57, 8.33, 8.41, 8.77, 9.09, 8.79, 8.94, 8.82, 8.6, 8.58, 8.95, 8.87, 8.69, 8.26, 8.19, 9.27, 9.09, 8.71, 8.85, 8.67]","[10.6625, 10.535, 10.4075, 10.28, 10.1525, 9.925, 9.8075, 9.69, 9.5525, 9.415, 9.2875, 9.16, 8.9325, 8.805, 8.6775, 8.46, 8.3325, 8.205, 7.9875, 7.86, 7.7325, 7.605, 7.4775, 7.35, 7.2225, 7.095, 6.9675, 6.85, 6.7225, 6.595]"
meta-llama/Llama-3.2-3B-Instruct,LINKUSDT,21,0.4646,5.03,0,0,"[8.96, 8.8, 9.35, 9.21, 8.8, 8.7, 8.52, 8.87, 8.99, 8.99, 9.05, 9.08, 9.17, 9.5, 9.92, 9.79, 9.22, 9.04, 9.12, 8.82, 8.68, 9.11, 9.25, 9.37, 8.91, 8.57, 8.44, 8.42, 8.62, 8.78]","[8.662, 8.654, 8.646, 8.638, 8.63, 8.622, 8.614, 8.606, 8.598, 8.59, 8.582, 8.574, 8.566, 8.558, 8.55, 8.542, 8.534, 8.526, 8.518, 8.51, 8.502, 8.494, 8.486, 8.478, 8.47, 8.462, 8.454, 8.446, 8.438, 8.43]"
meta-llama/Llama-3.2-3B-Instruct,LTCUSDT,21,6.0821,7.83,0,0,"[79.97, 81.93, 82.08, 82.26, 83.46, 83.96, 81.71, 81.31, 81.49, 81.19, 78.79, 76.12, 78.18, 76.67, 72.21, 75.22, 74.92, 72.29, 70.8, 67.12, 68.48, 68.19, 68.07, 68.19, 67.3, 69.72, 70.03, 69.42, 66.24, 65.47]","[73.182, 72.818, 72.454, 71.99, 72.626, 72.262, 71.898, 71.534, 71.17, 70.806, 70.442, 70.078, 69.714, 69.35, 68.986, 68.622, 68.258, 67.894, 67.53, 67.166, 66.802, 66.438, 66.074, 65.71, 65.346, 64.982, 64.618, 64.254, 63.89, 63.526]"
meta-llama/Llama-3.2-3B-Instruct,LTCUSDT,21,5.3881,9.87,0,0,"[59.53, 58.49, 60.02, 59.48, 58.89, 50.79, 55.02, 55.19, 54.53, 54.45, 53.38, 52.32, 53.15, 55.03, 55.99, 55.08, 55.13, 53.96, 53.32, 52.7, 55.19, 54.9, 53.48, 51.35, 51.15, 56.76, 55.62, 54.56, 54.4, 53.24]","[64.684, 63.882, 63.08, 62.278, 61.476, 60.674, 59.872, 59.07, 58.268, 57.466, 56.664, 55.862, 55.06, 54.258, 53.456, 52.654, 51.852, 51.05, 50.248, 49.446, 48.644, 47.842, 47.04, 46.238, 45.436, 44.634, 43.832, 43.03, 42.228, 41.426]"
meta-llama/Llama-3.2-3B-Instruct,LTCUSDT,21,2.6962,4.84,0,0,"[54.61, 54.76, 56.77, 55.46, 53.81, 53.58, 52.59, 53.77, 53.87, 54.8, 54.56, 55.3, 54.98, 56.27, 58.7, 58.09, 56.08, 55.54, 56.17, 54.81, 53.51, 55.72, 56.38, 56.65, 54.59, 53.72, 53.85, 53.32, 53.34, 53.95]","[53.1798, 53.1194, 53.059, 52.9986, 52.9382, 52.8778, 52.8174, 52.757, 52.6966, 52.6362, 52.5758, 52.5154, 52.455, 52.3946, 52.3342, 52.2738, 52.2134, 52.153, 52.0926, 52.0322, 51.9718, 51.9114, 51.851, 51.7906, 51.7302, 51.6698, 51.6094, 51.549, 51.4886, 51.4282]"
meta-llama/Llama-3.2-3B-Instruct,NEARUSDT,21,0.2175,13.01,0,0,"[1.627, 1.692, 1.711, 1.728, 1.774, 1.808, 1.722, 1.686, 1.703, 1.689, 1.702, 1.675, 1.859, 1.799, 1.722, 1.731, 1.751, 1.629, 1.597, 1.506, 1.529, 1.513, 1.509, 1.506, 1.436, 1.463, 1.49, 1.489, 1.375, 1.323]","[1.50685, 1.4997, 1.49255, 1.4854, 1.47825, 1.4711, 1.46495, 1.4588, 1.45165, 1.4445, 1.43735, 1.4302, 1.42305, 1.4169, 1.41075, 1.4036, 1.39645, 1.3893, 1.38215, 1.375, 1.36785, 1.3617, 1.35555, 1.3494, 1.34325, 1.3371, 1.33095, 1.3248, 1.31865, 1.3125]"
meta-llama/Llama-3.2-3B-Instruct,NEARUSDT,21,0.0947,8.94,0,0,"[1.206, 1.173, 1.2, 1.176, 1.16, 0.976, 1.087, 1.075, 1.038, 1.03, 0.993, 0.962, 0.964, 1.024, 1.086, 1.056, 1.058, 1.044, 1.017, 1.007, 1.054, 1.059, 1.022, 0.981, 0.967, 1.172, 1.127, 1.094, 1.172, 1.15]","[1.3057, 1.2884, 1.2711, 1.2538, 1.2365, 1.2192, 1.202, 1.1847, 1.1674, 1.1501, 1.1428, 1.1355, 1.1282, 1.121, 1.1137, 1.1064, 1.0991, 1.0918, 1.0855, 1.0792, 1.0729, 1.0666, 1.0603, 1.054, 1.0477, 1.0414, 1.0351, 1.0288, 1.0225, 1.0162]"
meta-llama/Llama-3.2-3B-Instruct,NEARUSDT,21,0.099,7.6,0,0,"[1.36, 1.358, 1.311, 1.271, 1.227, 1.214, 1.212, 1.235, 1.284, 1.299, 1.368, 1.336, 1.325, 1.35, 1.49, 1.452, 1.386, 1.335, 1.316, 1.281, 1.274, 1.311, 1.292, 1.28, 1.224, 1.18, 1.173, 1.164, 1.162, 1.189]","[1.158, 1.164, 1.17, 1.176, 1.182, 1.188, 1.194, 1.2, 1.206, 1.212, 1.218, 1.224, 1.23, 1.236, 1.242, 1.248, 1.254, 1.26, 1.266, 1.272, 1.278, 1.284, 1.29, 1.296, 1.302, 1.308, 1.314, 1.32, 1.326, 1.332]"
meta-llama/Llama-3.2-3B-Instruct,SOLUSDT,21,10.5277,7.66,0,0,"[126.9, 132.29, 133.37, 134.12, 137.9, 141.08, 136.39, 138.37, 135.97, 135.84, 139.7, 139.22, 145.51, 146.69, 142.4, 144.89, 143.72, 137.87, 133.44, 125.8, 129.54, 128.47, 127.43, 127.21, 118.85, 124.24, 127.19, 125.35, 117.82, 117.59]","[124.58, 124.51, 124.44, 124.37, 124.3, 124.23, 124.16, 124.09, 124.02, 123.95, 123.88, 123.81, 123.74, 123.67, 123.6, 123.53, 123.46, 123.39, 123.32, 123.25, 123.18, 123.11, 123.04, 122.97, 122.9, 122.83, 122.76, 122.69, 122.62, 122.55]"
meta-llama/Llama-3.2-3B-Instruct,SOLUSDT,21,12.5227,14.57,0,0,"[105.58, 100.79, 104.55, 97.89, 92.12, 78.35, 87.46, 87.59, 86.99, 86.77, 82.99, 79.3, 78.4, 84.33, 88.06, 86.16, 86.45, 85.08, 81.61, 82.5, 84.67, 85.17, 82.79, 77.9, 78.99, 88.06, 85.91, 81.85, 84.35, 83.6]","[116.9, 115.7, 114.8, 113.3, 112.2, 110.9, 109.3, 107.9, 106.5, 104.9, 103.5, 102.1, 100.7, 99.3, 97.9, 96.5, 95.1, 93.7, 92.3, 90.9, 89.5, 87.1, 85.7, 84.3, 82.9, 81.5, 79.1, 77.7, 76.3, 74.9]"
meta-llama/Llama-3.2-3B-Instruct,SOLUSDT,21,5.3352,5.94,0,0,"[86.64, 86.97, 90.85, 88.77, 84.7, 83.22, 81.59, 84.96, 85.88, 86.58, 86.84, 88.18, 88.03, 92.3, 96.2, 94.62, 90.08, 88.89, 89.84, 87.56, 86.2, 91.43, 90.8, 91.7, 86.53, 83.11, 82.09, 81.44, 82.54, 83.2]","[83.4621, 83.3247, 83.1873, 83.0499, 82.9125, 82.7751, 82.6377, 82.5013, 82.3649, 82.2285, 82.0911, 82.0538, 82.0165, 81.9792, 81.942, 81.9047, 81.8684, 81.8401, 81.8037, 81.7773, 81.7509, 81.7245, 81.6971, 81.6697, 81.6433, 81.6169, 81.5905, 81.5641, 81.5377, 81.5113]"
meta-llama/Llama-3.2-3B-Instruct,TRXUSDT,21,0.0119,3.92,0,0,"[0.2871, 0.289, 0.2956, 0.2939, 0.2922, 0.2942, 0.2981, 0.295, 0.2984, 0.3024, 0.2995, 0.2998, 0.3071, 0.3047, 0.3126, 0.3096, 0.3188, 0.3178, 0.3119, 0.297, 0.2993, 0.3054, 0.2979, 0.2954, 0.2957, 0.2966, 0.2947, 0.2954, 0.295, 0.2942]","[0.2848, 0.2851, 0.2854, 0.2856, 0.2858, 0.286, 0.2862, 0.2864, 0.2866, 0.2868, 0.287, 0.2872, 0.2874, 0.2876, 0.2878, 0.288, 0.2882, 0.2884, 0.2886, 0.2888, 0.289, 0.2892, 0.2894, 0.2896, 0.2898, 0.29, 0.2902, 0.2904, 0.2906, 0.2908]"
meta-llama/Llama-3.2-3B-Instruct,TRXUSDT,21,0.0067,2.4,0,0,"[0.2866, 0.2847, 0.2835, 0.2861, 0.2833, 0.2696, 0.2741, 0.2782, 0.2778, 0.2791, 0.2782, 0.2784, 0.28, 0.2823, 0.2826, 0.2805, 0.2846, 0.2821, 0.2788, 0.2849, 0.2854, 0.289, 0.2906, 0.2816, 0.2837, 0.2853, 0.2857, 0.2828, 0.2819, 0.2807]","[0.29379, 0.29338, 0.29297, 0.29256, 0.29215, 0.29174, 0.29133, 0.29092, 0.29051, 0.2901, 0.28969, 0.28928, 0.28887, 0.28846, 0.28805, 0.28764, 0.28723, 0.28682, 0.28641, 0.286, 0.28559, 0.28518, 0.28477, 0.28436, 0.28395, 0.28354, 0.28313, 0.28272, 0.28231, 0.2819]"
meta-llama/Llama-3.2-3B-Instruct,TRXUSDT,21,0.0117,3.79,0,0,"[0.2832, 0.2805, 0.2871, 0.2852, 0.2846, 0.2866, 0.2891, 0.2856, 0.2858, 0.2913, 0.2891, 0.2934, 0.2978, 0.2987, 0.2956, 0.3068, 0.3045, 0.3036, 0.3097, 0.3121, 0.3104, 0.3081, 0.3061, 0.3146, 0.3115, 0.3113, 0.3167, 0.322, 0.32, 0.3133]","[0.28118, 0.28166, 0.28214, 0.28262, 0.2831, 0.28358, 0.28406, 0.28454, 0.28502, 0.2855, 0.28608, 0.28656, 0.28704, 0.28752, 0.288, 0.28848, 0.28906, 0.28964, 0.29022, 0.2908, 0.29138, 0.292, 0.29258, 0.29316, 0.29364, 0.29422, 0.2948, 0.29538, 0.296, 0.29658]"
meta-llama/Llama-3.2-3B-Instruct,UNIUSDT,21,0.5784,11.76,0,0,"[5.809, 6.038, 5.917, 5.85, 6.162, 6.07, 5.726, 5.488, 5.467, 5.476, 5.456, 5.367, 5.73, 5.681, 5.35, 5.315, 5.352, 5.095, 5.026, 4.803, 4.94, 4.836, 4.873, 4.855, 4.637, 4.711, 4.8, 4.82, 4.396, 4.276]","[5.6446, 5.6492, 5.6548, 5.6604, 5.666, 5.6716, 5.6772, 5.6828, 5.6884, 5.694, 5.6996, 5.7052, 5.7108, 5.7164, 5.722, 5.7276, 5.7332, 5.7388, 5.7444, 5.75, 5.7556, 5.7612, 5.7668, 5.7724, 5.777, 5.7826, 5.7882, 5.7938, 5.7994, 5.804]"
meta-llama/Llama-3.2-3B-Instruct,UNIUSDT,21,0.6958,19.06,0,0,"[3.96, 3.837, 3.925, 3.86, 3.801, 3.168, 3.552, 3.539, 3.468, 3.493, 3.36, 3.369, 3.247, 3.398, 3.629, 3.471, 3.601, 3.524, 3.403, 3.391, 3.492, 3.609, 3.491, 3.349, 3.337, 4.055, 3.879, 3.742, 3.811, 3.748]","[4.216, 4.166, 4.106, 4.046, 3.986, 3.926, 3.866, 3.806, 3.746, 3.686, 3.626, 3.566, 3.506, 3.446, 3.386, 3.326, 3.266, 3.206, 3.146, 2.986, 2.826, 2.666, 2.506, 2.346, 2.186, 2.026, 1.866, 1.706, 1.546, 1.386]"
meta-llama/Llama-3.2-3B-Instruct,UNIUSDT,21,0.3689,10.38,0,0,"[3.929, 3.912, 3.977, 3.97, 3.848, 3.771, 3.661, 3.861, 3.843, 3.898, 3.918, 4.004, 3.948, 4.069, 4.157, 3.957, 3.681, 3.579, 3.605, 3.486, 3.471, 3.587, 3.609, 3.708, 3.528, 3.388, 3.384, 3.355, 3.48, 3.545]","[3.76025, 3.7725, 3.78475, 3.797, 3.81925, 3.8405, 3.86375, 3.885, 3.90625, 3.9275, 3.94875, 3.97, 3.99125, 4.0125, 4.03375, 4.055, 4.07625, 4.0975, 4.11875, 4.14, 4.16125, 4.1825, 4.20375, 4.225, 4.24525, 4.2665, 4.28775, 4.309, 4.33025, 4.3515]"
meta-llama/Llama-3.2-3B-Instruct,XLMUSDT,21,0.0128,5.59,2,1,"[0.2087, 0.2191, 0.2222, 0.233, 0.2526, 0.2438, 0.2342, 0.2302, 0.2284, 0.2264, 0.2244, 0.2193, 0.2386, 0.2361, 0.2285, 0.226, 0.2309, 0.2182, 0.2157, 0.207, 0.2124, 0.2115, 0.2122, 0.2115, 0.2033, 0.2074, 0.2085, 0.2105, 0.1987, 0.1919]","[0.2152, 0.2148, 0.2144, 0.214, 0.2136, 0.2132, 0.2128, 0.2124, 0.2119, 0.2115, 0.2111, 0.2107, 0.2103, 0.2099, 0.2095, 0.2091, 0.2087, 0.2083, 0.2079, 0.2075, 0.2071, 0.2067, 0.2063, 0.2059, 0.2055, 0.2051, 0.2047, 0.2043, 0.2039, 0.2035]"
meta-llama/Llama-3.2-3B-Instruct,XLMUSDT,21,0.041,25.16,2,1,"[0.181, 0.1751, 0.1787, 0.1758, 0.1714, 0.1471, 0.1642, 0.1619, 0.1615, 0.1596, 0.1585, 0.1547, 0.1563, 0.1646, 0.1744, 0.1702, 0.1698, 0.1657, 0.1613, 0.1591, 0.1627, 0.161, 0.155, 0.1514, 0.1496, 0.1627, 0.1622, 0.1588, 0.159, 0.1541]","[0.223, 0.225, 0.22, 0.239, 0.237, 0.229, 0.227, 0.231, 0.219, 0.216, 0.208, 0.213, 0.212, 0.213, 0.212, 0.204, 0.209, 0.21, 0.211, 0.199, 0.194, 0.19, 0.186, 0.182, 0.178, 0.174, 0.17, 0.166, 0.162, 0.158]"
meta-llama/Llama-3.2-3B-Instruct,XLMUSDT,21,0.0169,10.09,0,0,"[0.1557, 0.1515, 0.1595, 0.1569, 0.1522, 0.1504, 0.1482, 0.1508, 0.1586, 0.1592, 0.16, 0.1641, 0.1665, 0.1693, 0.176, 0.1736, 0.1702, 0.1654, 0.1654, 0.1621, 0.156, 0.1668, 0.1738, 0.1774, 0.1738, 0.1674, 0.168, 0.1645, 0.1674, 0.1673]","[0.153825, 0.15345, 0.152975, 0.1525, 0.151925, 0.15145, 0.150875, 0.1505, 0.149925, 0.14955, 0.148975, 0.1485, 0.147925, 0.1475, 0.146925, 0.1465, 0.145925, 0.1455, 0.144925, 0.1445, 0.143925, 0.1435, 0.142925, 0.1425, 0.141925, 0.1415, 0.140925, 0.1405, 0.139925, 0.1395]"
meta-llama/Llama-3.2-3B-Instruct,XRPUSDT,21,0.3193,15.66,0,0,"[1.8799, 2.0069, 2.0182, 2.0909, 2.3478, 2.3042, 2.1657, 2.1232, 2.0958, 2.0907, 2.0745, 2.054, 2.1655, 2.1394, 2.0789, 2.0678, 2.0631, 1.9914, 1.986, 1.89, 1.9476, 1.9236, 1.9196, 1.9143, 1.8356, 1.9041, 1.9158, 1.9111, 1.8076, 1.7352]","[1.8329, 1.8234, 1.8138, 1.8042, 1.7946, 1.785, 1.7754, 1.7658, 1.7562, 1.7466, 1.737, 1.7274, 1.7178, 1.7082, 1.6986, 1.689, 1.6794, 1.6708, 1.6622, 1.6526, 1.643, 1.6334, 1.6248, 1.6162, 1.6076, 1.598, 1.5894, 1.5808, 1.5722, 1.5636]"
meta-llama/Llama-3.2-3B-Instruct,XRPUSDT,21,0.1833,13.08,0,0,"[1.6472, 1.5908, 1.6198, 1.5791, 1.512, 1.2146, 1.4698, 1.4231, 1.4308, 1.437, 1.3999, 1.3697, 1.3635, 1.4071, 1.5094, 1.4753, 1.4876, 1.4743, 1.4219, 1.4068, 1.4292, 1.4304, 1.3932, 1.3518, 1.3482, 1.4339, 1.4027, 1.3562, 1.3762, 1.3524]","[1.717725, 1.70025, 1.682775, 1.6653, 1.647825, 1.62125, 1.594675, 1.5681, 1.541525, 1.51495, 1.487375, 1.4598, 1.432225, 1.40465, 1.377075, 1.3495, 1.322025, 1.29455, 1.267075, 1.2396, 1.212125, 1.18456, 1.157005, 1.12944, 1.101875, 1.07431, 1.046745, 1.01918, 0.991615, 0.96405]"
meta-llama/Llama-3.2-3B-Instruct,XRPUSDT,21,0.2304,16.41,0,0,"[1.39, 1.3607, 1.4309, 1.4037, 1.3633, 1.3567, 1.34, 1.3631, 1.3863, 1.3847, 1.3846, 1.3989, 1.4063, 1.4487, 1.543, 1.5182, 1.4647, 1.4475, 1.4452, 1.4086, 1.3848, 1.4323, 1.416, 1.4145, 1.3609, 1.3257, 1.3333, 1.3278, 1.3242, 1.3411]","[1.34817, 1.33404, 1.32091, 1.30778, 1.29465, 1.28152, 1.26839, 1.25526, 1.24213, 1.229, 1.21587, 1.20374, 1.19161, 1.17948, 1.16735, 1.15522, 1.14309, 1.13196, 1.12083, 1.10969, 1.09855, 1.08741, 1.07627, 1.06513, 1.054, 1.04287, 1.03273, 1.02259, 1.01245, 1.00231]"
meta-llama/Llama-3.2-3B-Instruct,ADAUSDT,28,0.2153,59.17,2,1,"[0.3565, 0.3949, 0.3893, 0.4007, 0.4211, 0.4194, 0.4022, 0.3956, 0.3914, 0.3886, 0.391, 0.3862, 0.4218, 0.4143, 0.3936, 0.3955, 0.3973, 0.3758, 0.3703, 0.3507, 0.3659, 0.3594, 0.3602, 0.3583, 0.3391, 0.3521, 0.3608, 0.3583, 0.3347, 0.3208]","[0.394, 0.412, 0.423, 0.436, 0.459, 0.472, 0.485, 0.498, 0.511, 0.524, 0.537, 0.55, 0.563, 0.576, 0.589, 0.602, 0.615, 0.628, 0.641, 0.654, 0.667, 0.68, 0.693, 0.706, 0.719, 0.732, 0.745, 0.758, 0.771, 0.784]"
meta-llama/Llama-3.2-3B-Instruct,ADAUSDT,28,0.0371,13.63,1,0,"[0.2936, 0.2858, 0.2991, 0.2917, 0.2864, 0.2455, 0.2762, 0.2721, 0.2701, 0.2699, 0.262, 0.2559, 0.2643, 0.2728, 0.295, 0.2818, 0.2858, 0.2811, 0.2735, 0.2729, 0.2849, 0.28, 0.2717, 0.2623, 0.2587, 0.2971, 0.287, 0.2776, 0.281, 0.2735]","[0.319581, 0.318332, 0.317083, 0.316834, 0.316586, 0.316338, 0.31609, 0.315842, 0.315594, 0.315346, 0.315098, 0.31485, 0.314602, 0.314354, 0.314106, 0.313858, 0.31361, 0.313362, 0.313114, 0.312866, 0.312618, 0.31237, 0.312122, 0.311874, 0.311626, 0.311378, 0.31113, 0.310882, 0.310634, 0.310386]"
meta-llama/Llama-3.2-3B-Instruct,ADAUSDT,28,0.0098,3.8,1,0,"[0.2771, 0.2625, 0.2763, 0.2692, 0.259, 0.2544, 0.2493, 0.2552, 0.2621, 0.2626, 0.2636, 0.2656, 0.2634, 0.2702, 0.2904, 0.2891, 0.2742, 0.2675, 0.2661, 0.2574, 0.2506, 0.2616, 0.2664, 0.2705, 0.2547, 0.2461, 0.246, 0.2398, 0.2434, 0.2418]","[0.272552, 0.272205, 0.271768, 0.271331, 0.270894, 0.270458, 0.269922, 0.269495, 0.268958, 0.268532, 0.267905, 0.267477, 0.266952, 0.266526, 0.265999, 0.265472, 0.264946, 0.264519, 0.263992, 0.263554, 0.263127, 0.262699, 0.262271, 0.261845, 0.261418, 0.260991, 0.260564, 0.260137, 0.259699, 0.259271]"
meta-llama/Llama-3.2-3B-Instruct,ALGOUSDT,28,0.0217,17.95,2,1,"[0.1202, 0.1275, 0.1279, 0.1362, 0.1396, 0.1423, 0.1364, 0.1344, 0.1332, 0.1337, 0.1323, 0.129, 0.1385, 0.1365, 0.128, 0.1303, 0.1315, 0.1228, 0.1209, 0.1143, 0.1177, 0.1188, 0.1203, 0.1186, 0.1147, 0.1221, 0.122, 0.1263, 0.1145, 0.1121]","[0.1232, 0.1264, 0.1286, 0.1308, 0.1319, 0.1341, 0.1363, 0.1374, 0.1395, 0.1406, 0.1427, 0.1438, 0.1459, 0.147, 0.1481, 0.1492, 0.1503, 0.1514, 0.1525, 0.1536, 0.1547, 0.1558, 0.1569, 0.158, 0.1591, 0.1602, 0.1613, 0.1624, 0.1635, 0.1646]"
meta-llama/Llama-3.2-3B-Instruct,ALGOUSDT,28,0.0106,11.59,0,0,"[0.104, 0.1005, 0.1049, 0.1064, 0.1031, 0.0884, 0.0989, 0.0977, 0.0969, 0.096, 0.0917, 0.0891, 0.0918, 0.0941, 0.0997, 0.0959, 0.0947, 0.0931, 0.091, 0.0892, 0.0905, 0.0896, 0.0868, 0.0839, 0.0835, 0.091, 0.088, 0.0866, 0.0879, 0.0856]","[0.111515, 0.11103, 0.110444, 0.10986, 0.109286, 0.10871, 0.108135, 0.107561, 0.106996, 0.107421, 0.106847, 0.106273, 0.105708, 0.105144, 0.10458, 0.103905, 0.103331, 0.102757, 0.102183, 0.101618, 0.101053, 0.100489, 0.099923, 0.099358, 0.098894, 0.09833, 0.097764, 0.097199, 0.096635, 0.095971]"
meta-llama/Llama-3.2-3B-Instruct,ALGOUSDT,28,0.013,14.74,0,0,"[0.088, 0.0861, 0.0888, 0.0873, 0.0844, 0.083, 0.0818, 0.0833, 0.0853, 0.0862, 0.089, 0.0939, 0.091, 0.0926, 0.0972, 0.0947, 0.0901, 0.0893, 0.0898, 0.0868, 0.0855, 0.0875, 0.0872, 0.0875, 0.084, 0.0815, 0.0816, 0.0812, 0.0822, 0.0939]","[0.084885, 0.084171, 0.083457, 0.082742, 0.081997, 0.081262, 0.080528, 0.079803, 0.079078, 0.078343, 0.077609, 0.076874, 0.076139, 0.075405, 0.07468, 0.073955, 0.07323, 0.072506, 0.071781, 0.071056, 0.070341, 0.069617, 0.068892, 0.068167, 0.067443, 0.066718, 0.065993, 0.065269, 0.064544, 0.063819]"
meta-llama/Llama-3.2-3B-Instruct,ATOMUSDT,28,0.6401,26.67,0,0,"[2.069, 2.168, 2.239, 2.34, 2.369, 2.532, 2.433, 2.461, 2.592, 2.57, 2.574, 2.487, 2.636, 2.582, 2.477, 2.494, 2.567, 2.426, 2.456, 2.295, 2.382, 2.335, 2.368, 2.334, 2.236, 2.222, 2.244, 2.237, 2.128, 2.112]","[1.916509, 1.903008, 1.890507, 1.877906, 1.865305, 1.853704, 1.842093, 1.830482, 1.818871, 1.80726, 1.795649, 1.783038, 1.770427, 1.757816, 1.745205, 1.731584, 1.718963, 1.706352, 1.693741, 1.68113, 1.669519, 1.657898, 1.646287, 1.634676, 1.623065, 1.611454, 1.599833, 1.588212, 1.576591, 1.56497]"
meta-llama/Llama-3.2-3B-Instruct,ATOMUSDT,28,0.153,7.28,0,0,"[1.971, 1.91, 1.982, 2.036, 1.995, 1.819, 1.987, 1.989, 1.95, 1.96, 1.922, 1.945, 1.968, 2.122, 2.186, 2.137, 2.292, 2.242, 2.346, 2.292, 2.358, 2.314, 2.25, 2.12, 1.992, 1.942, 1.879, 1.849, 1.849, 1.799]","[2.107297, 2.100594, 2.093891, 2.087188, 2.080485, 2.073782, 2.067079, 2.061366, 2.055653, 2.04994, 2.044227, 2.038514, 2.032801, 2.027088, 2.021375, 2.016662, 2.011949, 2.006236, 2.001523, 1.99681, 1.991097, 1.985384, 1.980671, 1.975958, 1.971245, 1.966532, 1.961819, 1.957106, 1.952393, 1.94768]"
meta-llama/Llama-3.2-3B-Instruct,ATOMUSDT,28,0.0815,4.4,0,0,"[1.843, 1.814, 1.879, 1.84, 1.809, 1.785, 1.738, 1.743, 1.788, 1.84, 1.838, 1.862, 1.87, 1.861, 1.978, 1.961, 1.909, 1.811, 1.834, 1.793, 1.769, 1.786, 1.787, 1.765, 1.699, 1.676, 1.666, 1.646, 1.665, 1.707]","[1.792223, 1.785666, 1.779109, 1.772552, 1.766095, 1.760538, 1.754981, 1.749424, 1.743867, 1.73931, 1.734753, 1.730196, 1.726639, 1.723082, 1.719525, 1.716968, 1.714411, 1.710854, 1.707297, 1.70474, 1.701193, 1.697646, 1.694099, 1.690552, 1.687005, 1.683458, 1.680911, 1.678364, 1.675817, 1.67327]"
meta-llama/Llama-3.2-3B-Instruct,AVAXUSDT,28,2.0049,15.02,0,0,"[13.59, 13.82, 13.99, 14.25, 14.45, 14.59, 14.11, 13.89, 13.79, 13.74, 13.7, 13.53, 14.75, 14.6, 13.82, 13.59, 13.75, 12.98, 12.74, 12.09, 12.42, 12.2, 12.13, 12.05, 11.49, 11.72, 12.14, 12.07, 11.04, 10.87]","[12.242913, 12.165706, 12.088499, 11.991192, 11.913985, 11.836778, 11.759571, 11.682364, 11.605157, 11.52795, 11.460743, 11.393536, 11.316329, 11.239122, 11.170915, 11.103708, 10.966501, 10.899294, 10.831087, 10.76308, 10.694973, 10.626866, 10.558759, 10.490652, 10.422545, 10.354438, 10.286331, 10.218224, 10.150117, 9.99201]"
meta-llama/Llama-3.2-3B-Instruct,AVAXUSDT,28,1.1272,12.33,0,0,"[10.12, 9.91, 10.14, 9.93, 9.72, 8.32, 9.28, 9.23, 9.08, 9.06, 8.76, 8.63, 8.9, 9.14, 9.59, 9.29, 9.26, 9.14, 8.86, 8.91, 9.17, 9.12, 8.87, 8.36, 8.29, 9.51, 9.31, 8.95, 9.16, 9.04]","[11.785, 11.67, 11.555, 11.44, 11.325, 11.21, 11.095, 10.98, 10.865, 10.75, 10.635, 10.52, 10.405, 10.29, 10.175, 10.06, 9.955, 9.85, 9.745, 9.64, 9.535, 9.43, 9.325, 9.22, 9.115, 8.92, 8.825, 8.73, 8.635, 8.54]"
meta-llama/Llama-3.2-3B-Instruct,AVAXUSDT,28,0.946,9.94,0,0,"[9.17, 9.18, 9.5, 9.39, 9.01, 8.91, 8.82, 9.26, 9.53, 9.55, 9.67, 9.72, 9.73, 9.95, 10.49, 10.2, 9.69, 9.48, 9.56, 9.21, 9.03, 9.56, 9.62, 9.68, 9.11, 8.79, 8.75, 8.6, 8.81, 8.91]","[8.99926, 8.95852, 8.91778, 8.87704, 8.8363, 8.79456, 8.75382, 8.71308, 8.67134, 8.6306, 8.58986, 8.54812, 8.50638, 8.46564, 8.4249, 8.38416, 8.34242, 8.30068, 8.26994, 8.2372, 8.19546, 8.16372, 8.132, 8.10027, 8.06854, 7.98681, 7.95507, 7.92333, 7.89259, 7.86185]"
meta-llama/Llama-3.2-3B-Instruct,BCHUSDT,28,36.8267,6.03,2,1,"[593.2, 609.8, 654.5, 639.1, 645.2, 638.2, 629.2, 632.0, 634.7, 643.9, 649.1, 621.7, 617.0, 597.4, 590.8, 599.5, 594.1, 591.4, 584.0, 573.2, 584.8, 599.2, 595.7, 593.6, 572.2, 578.7, 600.2, 591.1, 554.1, 553.2]","[573.9, 571.4, 580.8, 588.5, 584.6, 593.7, 586.4, 587.9, 596.3, 593.9, 562.9, 550.9, 561.9, 566.9, 603.9, 597.9, 602.9, 600.9, 601.9, 610.9, 609.9, 608.9, 617.9, 616.9, 615.9, 614.9, 613.9, 612.9, 611.9, 610.9]"
meta-llama/Llama-3.2-3B-Instruct,BCHUSDT,28,74.9133,14.9,2,1,"[507.5, 516.2, 539.7, 527.1, 532.5, 453.9, 523.2, 525.1, 527.0, 533.0, 524.3, 516.2, 503.0, 563.9, 562.9, 553.5, 569.2, 563.4, 558.0, 560.4, 562.4, 564.1, 570.7, 495.8, 484.8, 492.9, 478.4, 461.5, 457.6, 441.7]","[623.9, 620.8, 618.4, 616.7, 615.0, 613.3, 611.6, 609.9, 608.2, 606.5, 604.8, 603.1, 601.4, 599.7, 598.0, 596.3, 594.6, 592.9, 591.2, 589.5, 587.8, 586.1, 584.4, 582.7, 581.0, 579.3, 577.6, 575.9, 574.2, 572.5]"
meta-llama/Llama-3.2-3B-Instruct,BCHUSDT,28,62.3767,13.58,2,1,"[445.3, 443.9, 466.9, 461.6, 449.7, 450.2, 443.1, 444.6, 447.1, 455.1, 455.2, 461.0, 467.6, 469.7, 478.8, 470.7, 456.9, 455.6, 474.6, 462.6, 467.4, 478.0, 477.4, 473.6, 461.9, 472.9, 481.2, 452.7, 460.3, 466.5]","[537.9, 528.3, 531.8, 452.7, 522.6, 524.7, 526.0, 532.9, 523.8, 515.9, 502.9, 564.0, 563.0, 553.5, 568.9, 563.4, 557.9, 559.4, 561.4, 563.1, 565.7, 496.0, 487.0, 493.1, 479.0, 462.5, 458.6, 442.7, 438.8, 433.9]"
meta-llama/Llama-3.2-3B-Instruct,BNBUSDT,28,37.9393,4.14,2,1,"[864.39, 881.25, 878.63, 895.43, 910.31, 917.64, 900.3, 892.26, 896.86, 907.93, 904.32, 905.78, 943.73, 948.47, 931.2, 938.16, 947.12, 932.51, 923.6, 884.2, 883.36, 888.06, 891.63, 887.17, 866.02, 879.41, 898.36, 902.91, 868.69, 858.81]","[876.42, 874.49, 879.93, 884.44, 887.99, 889.36, 892.81, 886.39, 882.06, 897.51, 878.87, 859.34, 876.01, 841.47, 828.45, 855.69, 853.67, 858.24, 858.26, 843.82, 847.19, 830.76, 835.14, 846.5, 860.88, 853.35, 862.62, 865.28, 863.84, 871.41]"
meta-llama/Llama-3.2-3B-Instruct,BNBUSDT,28,257.0953,40.85,2,1,"[781.38, 758.54, 773.94, 754.78, 697.27, 608.3, 657.21, 647.0, 639.93, 636.39, 619.85, 608.11, 614.29, 618.94, 632.77, 615.16, 627.19, 617.74, 604.8, 607.83, 625.91, 625.61, 614.8, 596.41, 583.6, 629.42, 625.74, 614.03, 617.14, 617.96]","[876.42, 894.49, 911.37, 918.71, 901.29, 893.26, 897.86, 908.94, 905.32, 906.78, 944.74, 949.39, 932.51, 939.16, 947.12, 932.51, 924.59, 884.21, 883.36, 888.06, 891.63, 887.17, 866.02, 879.41, 898.36, 903.01, 869.69, 859.81, 849.84, 839.87]"
meta-llama/Llama-3.2-3B-Instruct,BNBUSDT,28,24.7143,3.91,2,1,"[637.79, 633.56, 657.99, 647.85, 627.31, 620.26, 611.98, 634.64, 642.0, 651.46, 651.72, 655.73, 657.7, 673.77, 679.71, 668.61, 652.27, 639.15, 642.11, 630.7, 626.41, 639.11, 638.3, 647.66, 628.86, 613.95, 611.08, 606.09, 609.29, 617.43]","[623.49, 621.44, 620.51, 622.36, 624.23, 626.1, 628.07, 630.04, 631.99, 633.95, 635.91, 637.87, 639.83, 641.79, 643.75, 645.71, 647.67, 649.63, 651.59, 653.55, 655.51, 657.47, 659.43, 661.39, 663.35, 665.31, 667.27, 669.23, 671.19, 673.15]"
meta-llama/Llama-3.2-3B-Instruct,BTCUSDT,28,35223.3106,39.39,0,0,"[88839.04, 89995.13, 90628.01, 91529.73, 93859.71, 93747.97, 91364.16, 91099.99, 90641.28, 90504.7, 91013.65, 91296.2, 95414.0, 96951.78, 95604.8, 95550.94, 95147.77, 93673.14, 92631.0, 88427.66, 89454.73, 89559.67, 89600.26, 89225.34, 86670.36, 88347.08, 89250.0, 89299.99, 84650.16, 84260.49]","[911111.0, 87193.191919, 86875.372727, 86557.553535, 86339.734343, 86121.915251, 85804.096159, 85487.277067, 85170.458075, 84853.639083, 84536.810091, 84219.981999, 83903.153907, 83586.324815, 83269.495723, 82952.666631, 82635.837539, 82318.908447, 82001.979355, 81685.150263, 81367.321171, 81049.492079, 80731.663087, 80414.834095, 80107.995003, 79791.156011, 79474.327019, 79157.498027, 78840.669035, 78523.840043]"
meta-llama/Llama-3.2-3B-Instruct,BTCUSDT,28,36041.807,50.05,6,3,"[78741.09, 76968.21, 78738.61, 75770.21, 73165.83, 62909.86, 70580.26, 69289.38, 70330.38, 70138.0, 68841.29, 67082.52, 66272.17, 68853.96, 69822.95, 68832.58, 68892.43, 67503.52, 66461.0, 67003.73, 68020.01, 67975.93, 67643.4, 64656.02, 64058.15, 67988.04, 67485.18, 65872.1, 66973.26, 65776.47]","[510000.0, 91111.44, 91839.33, 93319.82, 93243.19, 92481.81, 91471.29, 90935.93, 90744.62, 91195.22, 95017.4, 96534.38, 95345.56, 94793.42, 92367.24, 91142.9, 89015.48, 89953.46, 90101.1, 90355.58, 90482.92, 89863.88, 89358.64, 87979.84, 88721.6, 89438.52, 89549.47, 89720.11, 89192.74, 88623.86]"
meta-llama/Llama-3.2-3B-Instruct,BTCUSDT,28,6438.9666,9.17,0,0,"[68830.06, 68338.0, 72666.77, 70890.72, 68114.02, 67262.91, 65971.2, 68432.16, 69948.63, 70191.86, 70541.34, 70930.0, 71211.95, 72815.24, 74884.67, 73909.36, 71246.54, 69930.0, 70510.73, 68918.12, 67859.0, 70906.45, 70556.74, 71336.53, 68820.31, 66407.28, 66377.03, 66010.93, 66797.37, 68284.48]","[65776.47, 65596.391741, 65416.313482, 65236.235223, 65057.157964, 64878.080725, 64700.003476, 64521.926227, 64344.848978, 64167.771729, 63991.69448, 63815.617231, 63640.540002, 63464.462773, 63289.385444, 63114.308115, 62939.230786, 62764.153457, 62590.076128, 62416.998799, 62243.92147, 62071.844141, 61899.766812, 61727.689483, 61555.612154, 61384.534825, 61113.457496, 60842.380167, 60671.302838, 60499.225509]"
meta-llama/Llama-3.2-3B-Instruct,DOGEUSDT,28,0.057,44.93,2,1,"[0.12683, 0.14188, 0.14315, 0.14953, 0.15171, 0.15055, 0.14642, 0.14194, 0.14071, 0.13965, 0.13801, 0.13662, 0.14828, 0.14718, 0.14004, 0.13813, 0.13788, 0.13164, 0.12916, 0.12336, 0.12654, 0.12437, 0.12477, 0.12423, 0.11945, 0.12236, 0.12619, 0.125, 0.11728, 0.11581]","[0.135, 0.137, 0.141, 0.144, 0.148, 0.152, 0.156, 0.16, 0.164, 0.168, 0.172, 0.176, 0.18, 0.184, 0.188, 0.192, 0.196, 0.2, 0.204, 0.208, 0.212, 0.216, 0.22, 0.224, 0.228, 0.232, 0.236, 0.24, 0.244, 0.248]"
meta-llama/Llama-3.2-3B-Instruct,DOGEUSDT,28,0.0334,34.2,2,1,"[0.10426, 0.10426, 0.10792, 0.10602, 0.10383, 0.08849, 0.09848, 0.09823, 0.09663, 0.09611, 0.09277, 0.09112, 0.093, 0.09667, 0.11104, 0.10269, 0.10102, 0.10066, 0.09855, 0.09837, 0.10011, 0.09841, 0.09558, 0.09266, 0.09137, 0.10095, 0.09701, 0.09337, 0.09405, 0.0919]","[0.142, 0.145, 0.152, 0.149, 0.144, 0.141, 0.139, 0.138, 0.137, 0.135, 0.148, 0.147, 0.14, 0.138, 0.137, 0.132, 0.128, 0.123, 0.126, 0.125, 0.118, 0.116, 0.121, 0.127, 0.126, 0.12, 0.118, 0.114, 0.112, 0.109]"
meta-llama/Llama-3.2-3B-Instruct,DOGEUSDT,28,0.0116,12.35,0,0,"[0.09356, 0.08997, 0.09893, 0.09356, 0.09129, 0.08993, 0.08915, 0.09049, 0.09452, 0.09288, 0.09475, 0.09596, 0.09604, 0.09738, 0.10304, 0.10015, 0.09526, 0.09354, 0.09416, 0.09135, 0.09015, 0.09415, 0.0951, 0.09618, 0.09205, 0.09011, 0.091, 0.09045, 0.09083, 0.09232]","[0.091313, 0.090724, 0.090136, 0.089548, 0.08896, 0.088372, 0.087785, 0.087197, 0.08661, 0.085924, 0.085237, 0.084551, 0.083865, 0.083178, 0.082491, 0.081804, 0.081116, 0.080429, 0.079742, 0.079054, 0.078367, 0.07768, 0.076992, 0.076305, 0.075618, 0.07493, 0.074243, 0.073556, 0.072868, 0.072181]"
meta-llama/Llama-3.2-3B-Instruct,DOTUSDT,28,0.425,20.64,0,0,"[1.999, 2.166, 2.125, 2.142, 2.208, 2.235, 2.145, 2.111, 2.083, 2.093, 2.07, 2.055, 2.282, 2.226, 2.117, 2.119, 2.179, 2.065, 2.028, 1.897, 1.955, 1.927, 1.926, 1.93, 1.823, 1.875, 1.876, 1.87, 1.736, 1.69]","[1.7443, 1.7277, 1.7111, 1.6944, 1.6778, 1.6612, 1.6546, 1.648, 1.6414, 1.6348, 1.6282, 1.6216, 1.615, 1.6084, 1.6018, 1.5952, 1.5886, 1.582, 1.5764, 1.5708, 1.5652, 1.5596, 1.554, 1.5484, 1.5438, 1.5392, 1.5346, 1.53, 1.5254, 1.5208]"
meta-llama/Llama-3.2-3B-Instruct,DOTUSDT,28,0.1867,13.47,0,0,"[1.547, 1.495, 1.543, 1.5, 1.461, 1.248, 1.368, 1.372, 1.337, 1.32, 1.283, 1.256, 1.283, 1.33, 1.421, 1.357, 1.376, 1.347, 1.311, 1.287, 1.341, 1.36, 1.313, 1.265, 1.238, 1.663, 1.609, 1.599, 1.662, 1.534]","[1.6623, 1.6517, 1.6411, 1.6304, 1.6198, 1.6092, 1.5986, 1.588, 1.5774, 1.5668, 1.5572, 1.5466, 1.536, 1.5254, 1.5148, 1.5042, 1.4936, 1.483, 1.4724, 1.4618, 1.4512, 1.4406, 1.43, 1.4194, 1.4098, 1.4002, 1.3906, 1.38, 1.3694, 1.3588]"
meta-llama/Llama-3.2-3B-Instruct,DOTUSDT,28,0.0815,5.97,0,0,"[1.509, 1.533, 1.541, 1.53, 1.488, 1.448, 1.452, 1.494, 1.486, 1.522, 1.518, 1.464, 1.414, 1.441, 1.64, 1.62, 1.577, 1.521, 1.499, 1.468, 1.413, 1.421, 1.401, 1.363, 1.321, 1.292, 1.259, 1.261, 1.243, 1.253]","[1.536, 1.533667, 1.531333, 1.529, 1.526667, 1.524333, 1.522, 1.519667, 1.517333, 1.515, 1.512667, 1.510333, 1.508, 1.505667, 1.503333, 1.501, 1.498667, 1.496333, 1.494, 1.491667, 1.489333, 1.487, 1.484667, 1.482333, 1.48, 1.477667, 1.475333, 1.473, 1.470667, 1.468333]"
meta-llama/Llama-3.2-3B-Instruct,ETCUSDT,28,3.291,27.36,0,0,"[12.06, 12.52, 12.56, 12.82, 13.31, 13.37, 12.88, 12.61, 12.61, 12.54, 12.37, 12.26, 13.29, 13.2, 12.65, 12.76, 12.85, 12.24, 12.03, 11.54, 11.66, 11.58, 11.67, 11.59, 11.14, 11.39, 11.58, 11.55, 10.81, 10.6]","[11.396297, 11.309894, 11.223491, 11.137088, 10.950685, 10.764282, 10.577879, 10.391476, 10.206073, 9.92066, 9.744247, 9.557834, 9.381421, 9.204998, 8.928585, 8.761072, 8.593559, 8.416046, 8.248633, 8.08022, 7.901807, 7.723394, 7.545981, 7.368568, 7.191155, 6.913742, 6.735329, 6.556916, 6.378503, 6.19909]"
meta-llama/Llama-3.2-3B-Instruct,ETCUSDT,28,0.8667,9.99,0,0,"[9.76, 9.5, 9.81, 9.57, 9.34, 8.06, 8.84, 8.78, 8.57, 8.59, 8.33, 8.14, 8.25, 8.53, 9.0, 8.74, 8.84, 8.68, 8.44, 8.27, 8.76, 9.05, 8.52, 8.36, 8.3, 9.15, 8.86, 8.65, 8.68, 8.47]","[10.527112, 10.473939, 10.420766, 10.368603, 10.31644, 10.264277, 10.222114, 10.180951, 10.139788, 10.098625, 9.957452, 9.836279, 9.715106, 9.594933, 9.47476, 9.354587, 9.234414, 9.114241, 8.994068, 8.873895, 8.753722, 8.634549, 8.515376, 8.396203, 8.26703, 8.137857, 7.999784, 7.881611, 7.763438, 7.645265]"
meta-llama/Llama-3.2-3B-Instruct,ETCUSDT,28,0.6867,8.16,0,0,"[8.72, 8.49, 8.85, 8.65, 8.25, 8.12, 7.99, 8.16, 8.23, 8.28, 8.27, 8.49, 8.26, 8.48, 9.03, 8.86, 8.51, 8.34, 8.41, 8.18, 8.03, 8.59, 8.67, 8.68, 8.21, 8.09, 8.04, 7.95, 8.07, 8.19]","[8.42, 8.37, 8.32, 8.27, 8.22, 8.17, 8.12, 8.07, 8.02, 7.97, 7.92, 7.87, 7.82, 7.77, 7.72, 7.67, 7.62, 7.57, 7.52, 7.47, 7.42, 7.37, 7.32, 7.27, 7.22, 7.17, 7.12, 7.07, 7.02, 6.97]"
meta-llama/Llama-3.2-3B-Instruct,ETHUSDT,28,194.4218,6.11,0,0,"[3004.19, 3125.45, 3127.11, 3144.7, 3224.99, 3296.84, 3168.72, 3106.65, 3088.4, 3086.72, 3123.45, 3095.75, 3325.82, 3354.92, 3318.69, 3296.28, 3310.56, 3284.03, 3189.55, 2939.88, 2982.27, 2952.69, 2956.41, 2953.22, 2816.89, 2930.35, 3026.77, 3010.78, 2822.59, 2707.38]","[2990.79, 2985.165, 2979.55, 2973.935, 2968.32, 2962.705, 2957.09, 2951.465, 2945.84, 2940.215, 2934.6, 2929.035, 2923.43, 2917.825, 2912.22, 2906.615, 2901.01, 2895.405, 2889.8, 2884.195, 2878.58, 2872.965, 2867.35, 2861.735, 2856.12, 2849.505, 2843.89, 2838.265, 2832.66, 2827.045]"
meta-llama/Llama-3.2-3B-Instruct,ETHUSDT,28,442.8882,22.01,0,0,"[2451.95, 2270.15, 2347.02, 2233.72, 2148.26, 1826.83, 2063.38, 2087.08, 2089.74, 2105.02, 2022.67, 1941.18, 1947.85, 2048.72, 2086.59, 1966.58, 1998.33, 1991.66, 1955.91, 1949.08, 1968.88, 1973.35, 1957.82, 1856.3, 1851.94, 2057.48, 2027.68, 1929.84, 1964.51, 1939.71]","[2693.409819, 2687.965427, 2672.520035, 2657.074643, 2641.629251, 2626.183859, 2610.739467, 2595.304075, 2579.868683, 2564.433291, 2548.997899, 2533.562507, 2518.127115, 2502.691723, 2487.256331, 2471.821939, 2456.387547, 2440.952155, 2425.516763, 2410.082371, 2394.647979, 2379.213587, 2363.779195, 2348.344803, 2332.910411, 2317.476019, 2301.941627, 2286.507235, 2260.982843, 2235.548451]"
meta-llama/Llama-3.2-3B-Instruct,ETHUSDT,28,166.0623,8.05,2,1,"[2027.35, 1982.8, 2127.28, 2072.86, 1978.68, 1969.59, 1937.1, 1992.98, 2036.51, 2051.97, 2073.52, 2092.22, 2096.16, 2178.3, 2352.97, 2317.39, 2203.39, 2137.81, 2146.22, 2084.87, 2053.89, 2152.03, 2156.23, 2169.02, 2060.43, 1992.75, 1994.74, 1984.64, 2026.48, 2105.43]","[2030.42, 2013.44, 1989.56, 2001.24, 2073.96, 2091.34, 2111.22, 2123.9, 2135.58, 2157.14, 2169.72, 2181.3, 2193.88, 2215.46, 2227.04, 2248.62, 2260.2, 2272.78, 2285.36, 2297.94, 2310.52, 2322.1, 2334.68, 2346.26, 2358.84, 2371.42, 2383.0, 2395.58, 2407.16, 2419.74]"
meta-llama/Llama-3.2-3B-Instruct,FILUSDT,28,0.279,19.48,0,0,"[1.483, 1.504, 1.494, 1.494, 1.569, 1.593, 1.519, 1.497, 1.488, 1.482, 1.457, 1.461, 1.576, 1.592, 1.504, 1.52, 1.551, 1.45, 1.384, 1.312, 1.348, 1.319, 1.313, 1.315, 1.251, 1.269, 1.272, 1.28, 1.194, 1.176]","[1.288951, 1.279002, 1.269053, 1.259104, 1.249155, 1.239206, 1.229257, 1.219308, 1.209359, 1.19941, 1.189461, 1.179512, 1.169563, 1.159614, 1.149665, 1.139716, 1.129767, 1.119818, 1.109869, 1.09992, 1.089971, 1.079022, 1.068073, 1.057124, 1.046175, 1.035226, 1.024277, 1.013328, 1.002379, 0.99143]"
meta-llama/Llama-3.2-3B-Instruct,FILUSDT,28,0.0873,9.0,0,0,"[1.052, 1.035, 1.083, 1.068, 1.05, 0.883, 0.977, 0.976, 0.934, 0.938, 0.902, 0.879, 0.914, 0.958, 1.015, 0.963, 0.978, 0.96, 0.927, 0.915, 0.958, 0.97, 0.93, 0.891, 0.88, 1.062, 1.026, 0.994, 1.005, 0.964]","[1.165223, 1.153446, 1.141669, 1.129892, 1.118115, 1.106338, 1.094561, 1.082784, 1.071007, 1.05923, 1.046453, 1.033676, 1.021899, 1.010112, 0.998325, 0.986538, 0.974751, 0.962964, 0.951177, 0.93939, 0.927603, 0.915816, 0.904029, 0.892242, 0.880455, 0.868668, 0.856881, 0.845094, 0.833307, 0.82142]"
meta-llama/Llama-3.2-3B-Instruct,FILUSDT,28,1.0491,116.51,0,0,"[0.987, 1.0, 1.025, 1.011, 0.978, 0.952, 0.934, 0.939, 0.866, 0.878, 0.877, 0.869, 0.883, 0.895, 0.99, 0.969, 0.925, 0.895, 0.902, 0.882, 0.848, 0.923, 0.923, 0.928, 0.869, 0.839, 0.801, 0.802, 0.816, 0.832]","[1.9653, 1.9648, 1.9642, 1.9637, 1.9629, 1.9624, 1.9618, 1.9613, 1.9607, 1.9602, 1.9596, 1.9591, 1.9585, 1.9579, 1.9574, 1.9568, 1.9563, 1.9557, 1.9551, 1.9545, 1.9539, 1.9534, 1.9528, 1.9523, 1.9517, 1.9512, 1.9506, 1.9499, 1.9494, 1.9488]"
meta-llama/Llama-3.2-3B-Instruct,LINKUSDT,28,2.3731,18.87,0,0,"[12.6, 13.27, 13.23, 13.43, 13.9, 14.04, 13.44, 13.21, 13.14, 13.13, 13.21, 13.08, 14.06, 14.11, 13.8, 13.73, 13.75, 13.32, 12.88, 12.12, 12.4, 12.27, 12.22, 12.2, 11.52, 11.95, 12.03, 11.84, 11.13, 10.79]","[12.134251, 12.068702, 11.993153, 11.918604, 11.844055, 11.769506, 11.695057, 11.620608, 11.546159, 11.47161, 11.397061, 11.322512, 11.248063, 11.173614, 11.099065, 10.925416, 10.841867, 10.758318, 10.674869, 10.59142, 10.507971, 10.425522, 10.341073, 10.256624, 10.182175, 9.107826, 8.033377, 6.959928, 5.886479, 4.81303]"
meta-llama/Llama-3.2-3B-Instruct,LINKUSDT,28,0.8703,9.85,0,0,"[9.99, 9.41, 9.81, 9.49, 9.25, 7.92, 8.88, 8.91, 8.83, 8.83, 8.57, 8.33, 8.41, 8.77, 9.09, 8.79, 8.94, 8.82, 8.6, 8.58, 8.95, 8.87, 8.69, 8.26, 8.19, 9.27, 9.09, 8.71, 8.85, 8.67]","[10.94, 10.82, 10.7, 10.58, 10.46, 10.34, 10.22, 10.1, 9.98, 9.86, 9.74, 9.62, 9.5, 9.38, 9.26, 9.14, 8.99, 8.87, 8.75, 8.63, 8.51, 8.39, 8.27, 8.15, 7.93, 7.81, 7.69, 7.57, 7.45, 7.33]"
meta-llama/Llama-3.2-3B-Instruct,LINKUSDT,28,0.8779,9.65,0,0,"[8.96, 8.8, 9.35, 9.21, 8.8, 8.7, 8.52, 8.87, 8.99, 8.99, 9.05, 9.08, 9.17, 9.5, 9.92, 9.79, 9.22, 9.04, 9.12, 8.82, 8.68, 9.11, 9.25, 9.37, 8.91, 8.57, 8.44, 8.42, 8.62, 8.78]","[8.628222, 8.595944, 8.563666, 8.531388, 8.49912, 8.466852, 8.434584, 8.403316, 8.381048, 8.34978, 8.318512, 8.287244, 8.256076, 8.224908, 8.19474, 8.163572, 8.132404, 8.091236, 8.050068, 7.909, 7.867832, 7.835664, 7.803496, 7.771328, 7.73916, 7.706992, 7.674824, 7.642656, 7.610488, 7.57832]"
meta-llama/Llama-3.2-3B-Instruct,LTCUSDT,28,11.6767,15.67,0,0,"[79.97, 81.93, 82.08, 82.26, 83.46, 83.96, 81.71, 81.31, 81.49, 81.19, 78.79, 76.12, 78.18, 76.67, 72.21, 75.22, 74.92, 72.29, 70.8, 67.12, 68.48, 68.19, 68.07, 68.19, 67.3, 69.72, 70.03, 69.42, 66.24, 65.47]","[73.3557, 72.1094, 71.8632, 71.617, 70.3708, 69.1245, 68.8783, 68.6321, 67.3858, 66.1495, 65.9133, 65.6771, 64.441, 63.2058, 62.9706, 62.7354, 62.5002, 62.275, 61.9498, 61.7256, 61.5014, 60.2773, 59.0431, 57.809, 56.5749, 55.3408, 54.1077, 52.8846, 51.6515, 50.4184]"
meta-llama/Llama-3.2-3B-Instruct,LTCUSDT,28,4.416,8.06,0,0,"[59.53, 58.49, 60.02, 59.48, 58.89, 50.79, 55.02, 55.19, 54.53, 54.45, 53.38, 52.32, 53.15, 55.03, 55.99, 55.08, 55.13, 53.96, 53.32, 52.7, 55.19, 54.9, 53.48, 51.35, 51.15, 56.76, 55.62, 54.56, 54.4, 53.24]","[64.854815, 64.23363, 63.612445, 62.99126, 62.370075, 61.7489, 61.128515, 60.50733, 59.886145, 59.26506, 58.643875, 57.0237, 56.402525, 55.78135, 55.160175, 54.539, 53.907825, 53.29765, 52.668475, 51.9493, 51.330125, 50.711, 49.891825, 49.17365, 48.455475, 47.7373, 47.009125, 46.291, 45.562825, 44.84465]"
meta-llama/Llama-3.2-3B-Instruct,LTCUSDT,28,5.517,9.98,0,0,"[54.61, 54.76, 56.77, 55.46, 53.81, 53.58, 52.59, 53.77, 53.87, 54.8, 54.56, 55.3, 54.98, 56.27, 58.7, 58.09, 56.08, 55.54, 56.17, 54.81, 53.51, 55.72, 56.38, 56.65, 54.59, 53.72, 53.85, 53.32, 53.34, 53.95]","[52.989211, 52.738102, 52.496993, 52.256884, 52.016775, 51.776666, 51.536557, 51.296448, 51.056339, 50.81623, 50.576121, 50.336012, 50.095903, 49.855794, 49.615685, 49.375586, 49.135477, 48.895368, 48.655259, 48.42515, 48.194941, 47.964732, 47.734623, 47.504514, 47.274405, 46.944296, 46.714187, 46.484078, 46.253869, 45.02376]"
meta-llama/Llama-3.2-3B-Instruct,NEARUSDT,28,0.2872,17.51,0,0,"[1.627, 1.692, 1.711, 1.728, 1.774, 1.808, 1.722, 1.686, 1.703, 1.689, 1.702, 1.675, 1.859, 1.799, 1.722, 1.731, 1.751, 1.629, 1.597, 1.506, 1.529, 1.513, 1.509, 1.506, 1.436, 1.463, 1.49, 1.489, 1.375, 1.323]","[1.50352, 1.492038, 1.480558, 1.469077, 1.457597, 1.446115, 1.434634, 1.423152, 1.411671, 1.400189, 1.388708, 1.377226, 1.365745, 1.354263, 1.342782, 1.3313, 1.319819, 1.308337, 1.296857, 1.285376, 1.273896, 1.262415, 1.251945, 1.241474, 1.230004, 1.218534, 1.207062, 1.195591, 1.184118, 1.172646]"
meta-llama/Llama-3.2-3B-Instruct,NEARUSDT,28,0.1664,16.05,0,0,"[1.206, 1.173, 1.2, 1.176, 1.16, 0.976, 1.087, 1.075, 1.038, 1.03, 0.993, 0.962, 0.964, 1.024, 1.086, 1.056, 1.058, 1.044, 1.017, 1.007, 1.054, 1.059, 1.022, 0.981, 0.967, 1.172, 1.127, 1.094, 1.172, 1.15]","[1.31753, 1.31108, 1.30463, 1.29818, 1.29173, 1.28528, 1.27983, 1.27438, 1.26893, 1.26348, 1.25803, 1.25258, 1.24713, 1.24168, 1.23723, 1.23278, 1.22833, 1.22388, 1.21943, 1.21498, 1.21053, 1.20508, 1.19963, 1.19418, 1.18873, 1.18328, 1.17783, 1.17338, 1.16893, 1.16448]"
meta-llama/Llama-3.2-3B-Instruct,NEARUSDT,28,0.1569,11.85,0,0,"[1.36, 1.358, 1.311, 1.271, 1.227, 1.214, 1.212, 1.235, 1.284, 1.299, 1.368, 1.336, 1.325, 1.35, 1.49, 1.452, 1.386, 1.335, 1.316, 1.281, 1.274, 1.311, 1.292, 1.28, 1.224, 1.18, 1.173, 1.164, 1.162, 1.189]","[1.148455, 1.14691, 1.145365, 1.14382, 1.142275, 1.14073, 1.139185, 1.13764, 1.136095, 1.13456, 1.133025, 1.13149, 1.130955, 1.13042, 1.129895, 1.12935, 1.128815, 1.12828, 1.127735, 1.12719, 1.126645, 1.1261, 1.125565, 1.12493, 1.124295, 1.12366, 1.123035, 1.12241, 1.121785, 1.12115]"
meta-llama/Llama-3.2-3B-Instruct,SOLUSDT,28,10.1307,7.37,0,0,"[126.9, 132.29, 133.37, 134.12, 137.9, 141.08, 136.39, 138.37, 135.97, 135.84, 139.7, 139.22, 145.51, 146.69, 142.4, 144.89, 143.72, 137.87, 133.44, 125.8, 129.54, 128.47, 127.43, 127.21, 118.85, 124.24, 127.19, 125.35, 117.82, 117.59]","[124.62, 124.59, 124.56, 124.53, 124.5, 124.47, 124.44, 124.41, 124.38, 124.35, 124.32, 124.29, 124.26, 124.23, 124.2, 124.17, 124.14, 124.11, 124.08, 124.05, 124.02, 124.0, 123.97, 123.94, 123.91, 123.88, 123.85, 123.82, 123.79, 123.76]"
meta-llama/Llama-3.2-3B-Instruct,SOLUSDT,28,18.1212,21.1,0,0,"[105.58, 100.79, 104.55, 97.89, 92.12, 78.35, 87.46, 87.59, 86.99, 86.77, 82.99, 79.3, 78.4, 84.33, 88.06, 86.16, 86.45, 85.08, 81.61, 82.5, 84.67, 85.17, 82.79, 77.9, 78.99, 88.06, 85.91, 81.85, 84.35, 83.6]","[122.326, 121.75, 121.18, 119.71, 118.94, 118.17, 116.41, 115.65, 114.89, 113.13, 112.37, 111.61, 110.85, 109.09, 107.33, 105.57, 103.81, 102.05, 100.29, 98.43, 96.57, 94.71, 92.85, 91.09, 89.33, 87.57, 85.81, 84.05, 82.29, 80.43]"
meta-llama/Llama-3.2-3B-Instruct,SOLUSDT,28,4.537,5.04,0,0,"[86.64, 86.97, 90.85, 88.77, 84.7, 83.22, 81.59, 84.96, 85.88, 86.58, 86.84, 88.18, 88.03, 92.3, 96.2, 94.62, 90.08, 88.89, 89.84, 87.56, 86.2, 91.43, 90.8, 91.7, 86.53, 83.11, 82.09, 81.44, 82.54, 83.2]","[83.524975, 83.47495, 83.446925, 83.4209, 83.396875, 83.37285, 83.348825, 83.3248, 83.300775, 83.27675, 83.252725, 83.2287, 83.204675, 83.18065, 83.156625, 83.1326, 83.108575, 83.08455, 83.060525, 83.0365, 83.012475, 82.98845, 82.964425, 82.9404, 82.916375, 82.89235, 82.868325, 82.8443, 82.820275, 82.79625]"
meta-llama/Llama-3.2-3B-Instruct,TRXUSDT,28,0.0162,5.33,0,0,"[0.2871, 0.289, 0.2956, 0.2939, 0.2922, 0.2942, 0.2981, 0.295, 0.2984, 0.3024, 0.2995, 0.2998, 0.3071, 0.3047, 0.3126, 0.3096, 0.3188, 0.3178, 0.3119, 0.297, 0.2993, 0.3054, 0.2979, 0.2954, 0.2957, 0.2966, 0.2947, 0.2954, 0.295, 0.2942]","[0.284438, 0.284376, 0.284313, 0.28425, 0.284187, 0.284124, 0.284061, 0.284008, 0.283955, 0.283902, 0.28385, 0.283797, 0.283744, 0.283691, 0.283638, 0.283585, 0.283532, 0.28348, 0.283427, 0.283374, 0.283321, 0.283268, 0.283225, 0.283182, 0.283139, 0.283096, 0.283053, 0.283011, 0.282978, 0.282945]"
meta-llama/Llama-3.2-3B-Instruct,TRXUSDT,28,0.008,2.86,0,0,"[0.2866, 0.2847, 0.2835, 0.2861, 0.2833, 0.2696, 0.2741, 0.2782, 0.2778, 0.2791, 0.2782, 0.2784, 0.28, 0.2823, 0.2826, 0.2805, 0.2846, 0.2821, 0.2788, 0.2849, 0.2854, 0.289, 0.2906, 0.2816, 0.2837, 0.2853, 0.2857, 0.2828, 0.2819, 0.2807]","[0.293149, 0.291997, 0.291844, 0.291692, 0.291539, 0.291386, 0.291233, 0.29108, 0.290927, 0.290774, 0.290622, 0.290469, 0.290316, 0.290163, 0.29001, 0.289857, 0.289705, 0.289542, 0.289379, 0.289216, 0.289053, 0.28889, 0.288727, 0.288565, 0.288402, 0.288239, 0.288076, 0.287912, 0.287748, 0.287584]"
meta-llama/Llama-3.2-3B-Instruct,TRXUSDT,28,0.0392,12.84,2,1,"[0.2832, 0.2805, 0.2871, 0.2852, 0.2846, 0.2866, 0.2891, 0.2856, 0.2858, 0.2913, 0.2891, 0.2934, 0.2978, 0.2987, 0.2956, 0.3068, 0.3045, 0.3036, 0.3097, 0.3121, 0.3104, 0.3081, 0.3061, 0.3146, 0.3115, 0.3113, 0.3167, 0.322, 0.32, 0.3133]","[0.2883, 0.2911, 0.2949, 0.2977, 0.3015, 0.3043, 0.3071, 0.31, 0.3138, 0.3176, 0.3214, 0.3252, 0.329, 0.3328, 0.3366, 0.3404, 0.3442, 0.348, 0.3518, 0.3556, 0.3594, 0.3632, 0.367, 0.3708, 0.3746, 0.3794, 0.3832, 0.387, 0.3908, 0.3946]"
meta-llama/Llama-3.2-3B-Instruct,UNIUSDT,28,0.2146,4.06,0,0,"[5.809, 6.038, 5.917, 5.85, 6.162, 6.07, 5.726, 5.488, 5.467, 5.476, 5.456, 5.367, 5.73, 5.681, 5.35, 5.315, 5.352, 5.095, 5.026, 4.803, 4.94, 4.836, 4.873, 4.855, 4.637, 4.711, 4.8, 4.82, 4.396, 4.276]","[5.628112, 5.606224, 5.584336, 5.562448, 5.54056, 5.518672, 5.496784, 5.475096, 5.453208, 5.43132, 5.399432, 5.367544, 5.335656, 5.303768, 5.27188, 5.240092, 5.208204, 5.176316, 5.144428, 5.10254, 5.070652, 5.038764, 5.006876, 4.975988, 4.9451, 4.904212, 4.873324, 4.842436, 4.811548, 4.78066]"
meta-llama/Llama-3.2-3B-Instruct,UNIUSDT,28,0.2997,8.43,0,0,"[3.96, 3.837, 3.925, 3.86, 3.801, 3.168, 3.552, 3.539, 3.468, 3.493, 3.36, 3.369, 3.247, 3.398, 3.629, 3.471, 3.601, 3.524, 3.403, 3.391, 3.492, 3.609, 3.491, 3.349, 3.337, 4.055, 3.879, 3.742, 3.811, 3.748]","[4.215223, 4.169446, 4.123669, 4.078802, 4.034035, 3.990158, 3.956281, 3.922404, 3.888527, 3.85475, 3.821073, 3.787296, 3.764519, 3.741742, 3.718965, 3.695988, 3.673211, 3.649434, 3.626657, 3.60378, 3.581003, 3.549226, 3.517449, 3.495672, 3.464895, 3.444118, 3.423341, 3.402564, 3.381787, 3.36101]"
meta-llama/Llama-3.2-3B-Instruct,UNIUSDT,28,0.1745,4.59,0,0,"[3.929, 3.912, 3.977, 3.97, 3.848, 3.771, 3.661, 3.861, 3.843, 3.898, 3.918, 4.004, 3.948, 4.069, 4.157, 3.957, 3.681, 3.579, 3.605, 3.486, 3.471, 3.587, 3.609, 3.708, 3.528, 3.388, 3.384, 3.355, 3.48, 3.545]","[3.741445, 3.73489, 3.728335, 3.72178, 3.715225, 3.70967, 3.704115, 3.69856, 3.693005, 3.68744, 3.682885, 3.67833, 3.673775, 3.66922, 3.664665, 3.66011, 3.656555, 3.652, 3.647435, 3.64287, 3.638305, 3.63374, 3.629175, 3.62462, 3.620065, 3.61551, 3.610955, 3.6074, 3.602845, 3.59929]"
meta-llama/Llama-3.2-3B-Instruct,XLMUSDT,28,0.0092,4.11,2,1,"[0.2087, 0.2191, 0.2222, 0.233, 0.2526, 0.2438, 0.2342, 0.2302, 0.2284, 0.2264, 0.2244, 0.2193, 0.2386, 0.2361, 0.2285, 0.226, 0.2309, 0.2182, 0.2157, 0.207, 0.2124, 0.2115, 0.2122, 0.2115, 0.2033, 0.2074, 0.2085, 0.2105, 0.1987, 0.1919]","[0.2342, 0.2364, 0.2358, 0.2334, 0.2326, 0.2308, 0.2283, 0.2258, 0.2243, 0.2236, 0.2218, 0.2203, 0.2186, 0.2171, 0.2153, 0.2146, 0.2128, 0.2113, 0.2095, 0.2088, 0.2069, 0.2053, 0.2035, 0.2028, 0.2011, 0.1993, 0.1986, 0.1978, 0.196, 0.1952]"
meta-llama/Llama-3.2-3B-Instruct,XLMUSDT,28,0.0132,8.26,1,0,"[0.181, 0.1751, 0.1787, 0.1758, 0.1714, 0.1471, 0.1642, 0.1619, 0.1615, 0.1596, 0.1585, 0.1547, 0.1563, 0.1646, 0.1744, 0.1702, 0.1698, 0.1657, 0.1613, 0.1591, 0.1627, 0.161, 0.155, 0.1514, 0.1496, 0.1627, 0.1622, 0.1588, 0.159, 0.1541]","[0.1908, 0.1897, 0.1886, 0.1875, 0.1864, 0.1853, 0.1842, 0.1831, 0.182, 0.181, 0.18, 0.179, 0.178, 0.1771, 0.1762, 0.1753, 0.1744, 0.1735, 0.1726, 0.1717, 0.1708, 0.1699, 0.169, 0.1681, 0.1672, 0.1663, 0.1654, 0.1645, 0.1636, 0.1627]"
meta-llama/Llama-3.2-3B-Instruct,XLMUSDT,28,0.021,12.53,0,0,"[0.1557, 0.1515, 0.1595, 0.1569, 0.1522, 0.1504, 0.1482, 0.1508, 0.1586, 0.1592, 0.16, 0.1641, 0.1665, 0.1693, 0.176, 0.1736, 0.1702, 0.1654, 0.1654, 0.1621, 0.156, 0.1668, 0.1738, 0.1774, 0.1738, 0.1674, 0.168, 0.1645, 0.1674, 0.1673]","[0.15268, 0.15197, 0.15126, 0.15055, 0.14984, 0.14913, 0.14842, 0.14771, 0.146999, 0.146289, 0.145579, 0.144869, 0.14416, 0.14345, 0.14274, 0.14193, 0.14122, 0.14051, 0.13979, 0.13907, 0.13835, 0.13763, 0.13691, 0.13619, 0.13547, 0.13475, 0.13403, 0.13331, 0.13259, 0.13187]"
meta-llama/Llama-3.2-3B-Instruct,XRPUSDT,28,0.3194,15.66,0,0,"[1.8799, 2.0069, 2.0182, 2.0909, 2.3478, 2.3042, 2.1657, 2.1232, 2.0958, 2.0907, 2.0745, 2.054, 2.1655, 2.1394, 2.0789, 2.0678, 2.0631, 1.9914, 1.986, 1.89, 1.9476, 1.9236, 1.9196, 1.9143, 1.8356, 1.9041, 1.9158, 1.9111, 1.8076, 1.7352]","[1.8329, 1.8234, 1.8138, 1.8042, 1.7946, 1.785, 1.7754, 1.7658, 1.7562, 1.7466, 1.737, 1.7274, 1.7178, 1.7082, 1.6986, 1.689, 1.6794, 1.6708, 1.6622, 1.6526, 1.643, 1.6334, 1.6248, 1.6162, 1.6076, 1.598, 1.5884, 1.5798, 1.5712, 1.5626]"
meta-llama/Llama-3.2-3B-Instruct,XRPUSDT,28,0.1304,9.28,0,0,"[1.6472, 1.5908, 1.6198, 1.5791, 1.512, 1.2146, 1.4698, 1.4231, 1.4308, 1.437, 1.3999, 1.3697, 1.3635, 1.4071, 1.5094, 1.4753, 1.4876, 1.4743, 1.4219, 1.4068, 1.4292, 1.4304, 1.3932, 1.3518, 1.3482, 1.4339, 1.4027, 1.3562, 1.3762, 1.3524]","[1.724719, 1.713236, 1.701753, 1.69028, 1.678807, 1.667334, 1.655861, 1.645388, 1.634915, 1.624442, 1.613969, 1.603496, 1.592923, 1.58245, 1.571977, 1.561504, 1.551031, 1.540558, 1.530085, 1.519612, 1.509139, 1.498666, 1.488193, 1.47772, 1.467247, 1.456774, 1.446301, 1.435828, 1.425355, 1.414882]"
meta-llama/Llama-3.2-3B-Instruct,XRPUSDT,28,0.1965,13.99,0,0,"[1.39, 1.3607, 1.4309, 1.4037, 1.3633, 1.3567, 1.34, 1.3631, 1.3863, 1.3847, 1.3846, 1.3989, 1.4063, 1.4487, 1.543, 1.5182, 1.4647, 1.4475, 1.4452, 1.4086, 1.3848, 1.4323, 1.416, 1.4145, 1.3609, 1.3257, 1.3333, 1.3278, 1.3242, 1.3411]","[1.342497, 1.332693, 1.32279, 1.312985, 1.30318, 1.293376, 1.283571, 1.273766, 1.263961, 1.254157, 1.244352, 1.234547, 1.224743, 1.215037, 1.205231, 1.195426, 1.18562, 1.175814, 1.165999, 1.156193, 1.146387, 1.136583, 1.126778, 1.117003, 1.107218, 1.097434, 1.087649, 1.077864, 1.06808, 1.058295]"
